base_title,n_imgs,csv_count,score,count_ok,ambiguous,files,prompt
18th-century_royal_portrait,2,2,4,True,False,18th-century_royal_portrait_202604061446.jpeg | 18th-century_royal_portrait_202604061447.jpeg,"18th-century royal portrait of the uploaded image, wearing luxurious baroque aristocratic outfit, lace collar, gold embroidery, oil painting style, dark dramatic background, elegant and noble look, highly detailed.Ratio[1:1]"
"A_monumental,_identity-locked",1,2,3,False,False,"A_monumental,_identity-locked_202604061447.jpeg","A monumental, identity-locked photorealistic sculpture installation.

SUBJECT: A colossal, hyper-realistic portrait sculpture of the specific man from the reference photo (image_0.png). The identity is paramount, featuring his exact facial structure, nose shape, high cheekbones, strong jawline, and preserved detailed skin texture, maintaining his youth.

EXPRESSION: His face has a distinct, subtle, and controlled smirk—a knowing, closed-mouth expression that is mischievous and slightly sinister, but is a direct extension of his original jaw and mouth structure, not a distorted broad grin. His direct, intense brown eyes are perfectly rendered, staring forward.

SCENE: The monumental face is bursting out from a jagged, massive hole in the side of a brutalist high-rise concrete apartment building. Broken rebar and concrete chunks frame the emergence.

ENVIRONMENT: The surrounding building facade is visible, with multiple windows, balconies, external air conditioning units, exposed pipes, and ventilation vents. People are seen on a distant street below, looking up, emphasizing the immense scale.

STYLE: Cinematic, highly detailed photography. Harsh, directional sunlight casts deep shadows, emphasizing the realism of the face and the raw, broken textures of the concrete and rebar. A true-to-life integration."
Abstract_cartoon_photo,1,1,2,True,False,Abstract_cartoon_photo_202604061447.jpeg,"Reimagine the uploaded photo in a bold, abstract cartoon style built from geometric shapes and a playful composition. Use only flat vector colors — red, yellow, blue, black, and white — with a thick, consistent black stroke outlining every individual element. Facial features should be minimal and stylized. Ensure clean symmetry and visual rhythm with overlapping shapes like squares, triangles, circles, curves, and lines. Absolutely no gradients or textures — just clean, flat fills on a white background. Optimized for vector rendering, square aspect ratio, graphic and iconic in tone."
Abstract_sculpture_inspired,2,2,3,True,False,Abstract_sculpture_inspired_202604061446.jpeg | Abstract_sculpture_inspired_202604061447.jpeg,"A 3D abstract realistic sculpture inspired by digital quilling. The subject is made from layered, ribbon-like lines and spirals in vibrant, multicolored paper tones — including shades of red, blue, yellow, green, and purple. The quilled forms twist and curl in intricate patterns, creating a vivid, decorative structure. Each ribbon has a slightly glossy surface with soft highlights and subtle shadows. The composition blends abstract curves with realistic lighting, evoking the look of hand-crafted colored quilling. Set against a clean white or softly lit background to emphasize the color contrast."
Action_figure_says,1,2,3,False,False,Action_figure_says_202604061448.jpeg,"make an action figure of me that says ""ADI BRILL"" and features ""[coffee, turtle, laptop, phone and headphones]"""
Action_figure_set,3,3,2,True,False,Action_figure_set_202604061447.jpeg | Action_figure_set_202604061447_2.jpeg | Action_figure_set_202604061448.jpeg,"CREATE hyper-realistic top-down flat-lay studio photograph of a custom collectible action-figure set representing the person [NAME] with accompanying branded props.

Center composition: a disassembled realistic doll with a photoreal human head 
(Preserve exact facial features from the uploaded reference image: no alterations, no artistic reinterpretation. Maintain true identity: same bone structure, same eyes, same nose, same mouth, identical hairstyle and face shape. Keep natural skin texture, wrinkles, beard stubble, and micro-expressions exactly as in the reference. No AI beautification, no smoothing, no cartoonization, no style changes on the face) 
placed in the middle.

Two alternate arms and a pair of alternate legs to the right, realistic fabric clothing (navy blazer, grey T-shirt with 'AI' logo, olive chinos, brown leather shoes).

To the left place a large branded Kinder Surprise egg (white and orange shell), a yellow surprise capsule, and scattered broken pieces of milk and white chocolate with realistic interior textures.

Top right: a small laptop model and a compact VR headset as extra props.
Bottom right: a clean white poster card with a friendly caricature portrait of [NAME] and bold text line:
First line: [NAME]
Second line: [SHORT_DESC]

Style: ultra-detailed hyper-realism, studio lighting, soft overhead softbox, subtle side fill reflector, even soft shadows, high micro-detail in skin pores, fabric weave, shoe leather grain, and chocolate fracture edges.

Materials: accurate specular reflections on plastic and leather, subsurface scattering on skin, slight sheen on chocolate fragments.

Camera: simulated medium format 100MP, 80–100mm equivalent, slight top-down perspective, f/5.6 for mostly sharp flat-lay with minimal falloff.

Post-processing: gentle local sharpening, warm neutral color grade, mild film grain (ISO 100 film feel), high dynamic range preserving highlights and shadow detail.

Emphasize: believable tiny imperfections - tiny thread pulls, fingerprint smudge on capsule, small seam lines on doll joints, slight asymmetry in head tilt - to avoid artificial symmetry.

Output: isolated on a clean off-white backdrop with generous negative space around the layout.
--ar 3:2 --v 5 --quality 2"
Add_annotations_doodles,4,2,2,False,True,Add_annotations_doodles_202604061447.jpeg | Add_annotations_doodles_202604061447_2.jpeg | Add_annotations_doodles_202604061447_3.jpeg | Add_annotations_doodles_202604061447_4.jpeg,"Use red ink to add handwritten [English] annotations, doodles, and scribbles; the doodle content mainly giving outfit roasting, highlighting accessories, color combos, or styling choices, and you can also add some small cutout fashion stickers."
Adi_Brill_Time,2,3,3,False,False,Adi_Brill_Time_202604061447.jpeg | Adi_Brill_Time_202604061448.jpeg,"Create a Time Magazine cover-worthy portrait featuring the person from the attached photo, captured in an authoritative and confident pose, wearing a tailored black suit and a Rolex watch. The image should look exactly like a professional magazine cover, maintaining the subject’s original facial structure, hairstyle, and natural expression. Use soft cinematic studio lighting with realistic skin tones and crisp detail for a premium editorial finish. Include the iconic red border frame, the TIME logo at the top, and the headline text: [“Person of the Year” - 2025] with the name [“Adi Brill”] beneath it in clean, modern typography. Background: elegant and sophisticated, complementing the subject’s outfit and the red tones of the frame - subtle depth of field, professional color grading, and a timeless magazine aesthetic. Ensure the entire image feels authentic, high-end, and photorealistic, suitable for an official Time Magazine cover."
Adi_Brill_vs,3,3,2,True,True,Adi_Brill_vs_202604061448.jpeg | Adi_Brill_vs_202604061448_2.jpeg | Adi_Brill_vs_202604061448_3.jpeg,"Create a Time Magazine cover-worthy portrait featuring the person from the attached photo, captured in an authoritative and confident pose, wearing a tailored black suit and a Rolex watch. The image should look exactly like a professional magazine cover, maintaining the subject’s original facial structure, hairstyle, and natural expression. Use soft cinematic studio lighting with realistic skin tones and crisp detail for a premium editorial finish. Include the iconic red border frame, the TIME logo at the top, and the headline text: [“Person of the Year” - 2025] with the name [“Adi Brill”] beneath it in clean, modern typography. Background: elegant and sophisticated, complementing the subject’s outfit and the red tones of the frame - subtle depth of field, professional color grading, and a timeless magazine aesthetic. Ensure the entire image feels authentic, high-end, and photorealistic, suitable for an official Time Magazine cover."
Afro_android_voguing,2,2,3,True,False,Afro_android_voguing_202604061447.jpeg | Afro_android_voguing_202604061447_2.jpeg,"jive-talking afro android voguing in a vintage sci-fi bodysuit, Afrofuturism, digital painting, concept art, hyperrealistic, insanely detailed and intricate, sharp focus, detailed face, robotic parts, beautiful background, ornate, high resolution, HDR, UHD, trending on Artstation"
Albert_Einstein_theory,5,4,3,False,True,Albert_Einstein_theory_202604061447.jpeg | Albert_Einstein_theory_202604061447_2.jpeg | Albert_Einstein_theory_202604061447_3.jpeg | Albert_Einstein_theory_202604061448.jpeg | Albert_Einstein_theory_202604061448_2.jpeg,Create a hyper realistic twitter post by Albert Einstein right after finishing the theory of relativity. include a selfie of the person from attached photo along with Albert Einstein where you can clearly see scribbled equations and a chalkboard in the background. have it visible that the post was liked by AI TIPS & TRICKS
Alex_and_droogs,4,4,2,True,False,Alex_and_droogs_202604061447.jpeg | Alex_and_droogs_202604061447_2.jpeg | Alex_and_droogs_202604061447_3.jpeg | Alex_and_droogs_202604061447_4.jpeg,"""Create a surreal and dystopian image inspired by Stanley Kubrick's 'A Clockwork Orange', but with a unique twist: the main characters (Alex and his droogs) are located in Plaza de Mayo in Buenos Aires, Argentina.Incorporate the following elements:- Alex, the protagonist, is at the center of Plaza de Mayo, wearing his iconic black and white outfit, with his characteristic hairstyle and defiant expression.- His droogs (Dim, Pete, Georgie, and Billyboy) are scattered around the plaza, also dressed in similar clothing, interacting with the environment in a menacing and challenging way.- Incorporate architectural elements of Plaza de Mayo, such as the Casa Rosada, the Cabildo, and the Pyramid of May, but with a dystopian and degraded touch, as if they were in ruins or under some kind of siege.- The sky should be dark and stormy, reflecting the ominous and violent tone of the movie.- Include details that reference Argentine culture and the history of the plaza, such as torn Argentine flags, graffiti with Cyrillic letters or symbols of urban subculture, mixed with futuristic and science fiction elements.The visual style should combine realism with surrealist and futuristic elements, similar to the work of Syd Mead or H.R. Giger. The image should convey a sense of chaos, rebellion, and decadence, capturing the essence of the movie but in a unique and surprising environment."""
Alien_landscape_with,2,2,2,True,False,Alien_landscape_with_202604061446.jpeg | Alien_landscape_with_202604061447.jpeg,"A color-xerox-looking psychedelic collage depicting an alien, dreamlike landscape composed of black and white and other optical illusion patterns, surreal organic, eye-like lifeforms and biomorphic structures, layered and arranged as if cut, assembled, and recomposed from multiple surreal realities. The scene feels like a collaged ecosystem built from perception itself — eyes embedded in plants, eyes floating independently, eyes growing on stalks, cones, mushrooms, and soft sculptural forms. Some eyes are realistic and detailed, others simplified, graphic, striped, or abstracted.
A slim Caucasian female with long wild thick curly hot pink I hair wonders through with a confused and worried facial expression. Her avant garde clothing features all over black and white optical illusion patterns.
The terrain is smooth and velvety, with optical-illusion patterns — concentric rings, ripples, spirals, and flowing stripes — collaged into the ground and background, subtly disrupting depth and orientation. Elements overlap unnaturally, with intentional scale mismatches and layered planes that flatten and re-expand space.

Color palette is highly saturated, candy-acid, and psychedelic: dominant hot pinks and magentas, with purples, lilacs, teals, cyan, electric blue, and stark black-and-white contrast patterns. Surfaces appear soft, plush, and matte with a faint internal glow. Lighting is even and surreal, minimizing realistic shadows and emphasizing color and form.

The mood is whimsical, hypnotic, and mildly uncanny — playful cosmic strangeness rather than horror. The collage composition creates visual rhythm through repetition of shapes, eyes, and patterns, with no single focal point, encouraging the viewer’s gaze to wander and become lost.

Overall style is psychedelic surrealism, alien botanical collage, dream-logic sci-fi, blending cute and unsettling. No clear narrative or characters — just the sensation of being totally lost inside a psychedelic collage world where vision, pattern, and landscape have fused."
Analyze_image_use,2,2,1,True,True,Analyze_image_use_202604061447.jpeg | Analyze_image_use_202604061448.jpeg,Analyze this image. Use red pen to denote where you can improve.
Analyze_photo_detect,4,4,2,True,False,Analyze_photo_detect_202604061447.jpeg | Analyze_photo_detect_202604061447_2.jpeg | Analyze_photo_detect_202604061447_3.jpeg | Analyze_photo_detect_202604061448.jpeg,"Analyze the uploaded photo and detect the subject, mood, and atmosphere. 
Automatically classify the photo into a suitable movie genre (romance, action, mystery, horror, etc.). 

Based on the detected genre and mood, generate all the following elements in English: 
- A cinematic movie title (impactful, authentic to the genre). 
- A short tagline or catchphrase (1–2 lines, dramatic or emotional). 
- A credit block at the bottom (with fake names for director, producer, music, etc., styled like real movie posters). 
- A release note such as “COMING SOON” or “In Theaters 2025.” 

Overlay these elements on the image in a movie-poster style layout: 
- Place the title prominently in the center or lower third. 
- Place the tagline above or below the title. 
- Add a credit block at the bottom in small text. 
- Add the release note at the bottom center. 

Finally, add the starring section at the bottom, always formatted as: 
“Starring: ” 

Typography should be bold, dramatic, and genre-appropriate. 
The final result must look like a genuine movie poster ready for theaters, with all elements harmonized to the photo’s mood."
Anime_characters_integrated,2,2,3,True,True,Anime_characters_integrated_202604061448.jpeg | Anime_characters_integrated_202604061448_2.jpeg,"Flat poster design ""ADI BRILL"", an exhibition of 30 most iconic anime characters from Japanese animation, harmoniously integrated into one design, maximalism aesthetic. 4K output."
Anime_mage_casting,1,1,3,True,False,Anime_mage_casting_202604061447.jpeg,"A layout page from a vintage Japanese RPG strategy guide book, printed on aged parchment paper with visible texture, stains, and faint arcane symbol watermarks. The dominant style is 'sketchy ink and watercolor wash illustration.' The main subject on the left is a female anime mage with blonde bob hair, wearing a hooded indigo robe and leather gear, holding an open glowing grimoire, casting swirling fire magic. Her art style shows visible pencil lines and watercolor texture bleeding. To her left is a vertical column of retro RPG UI stats bars (HP/MP/ATK/DEF) designed as glass tubes in ornate metal frames, and below that a branching skill tree diagram with circular icons and glowing connecting lines. The top right features a contrasting 16-bit isometric pixel art sprite of the same character. The bottom right contains small, low-resolution gameplay screenshots of turn-based combat. Dense Japanese serif typography text describing the character and skills fills the remaining spaces. The overall aesthetic is historical fantasy, mixed media graphic design, official art book quality. --ar 2:3 --v 6.0 --stylize 250"
Anya_Taylor-Joy_on,3,3,3,True,False,Anya_Taylor-Joy_on_202604061447.jpeg | Anya_Taylor-Joy_on_202604061447_2.jpeg | Anya_Taylor-Joy_on_202604061447_3.jpeg,"- A high-fashion editorial portrait of Anya Taylor-Joy in a stark white studio. She lies sideways on a tilted glass platform, neck bent unnaturally toward the camera. Her face shows an uncomfortable, strained half-smile with widened eyes and slightly clenched teeth. Outfit: oversized latex trench coat in pale beige, wrinkled and stiff, paired with mismatched metallic boots. Lighting: harsh top light creating sharp shadows under eyes and cheekbones. Mood: uncanny, surreal discomfort, beauty disrupted. Lens: 85mm, shallow depth, ultra-detailed skin texture, editorial realism, 8K.

"
Apply_makeup_to,2,2,2,True,True,Apply_makeup_to_202604061447.jpeg | Apply_makeup_to_202604061448.jpeg,"Apply the makeup from Image 2 to the character in Image 1, while maintaining the pose from Image 1."
Artist_next_to,1,1,2,True,False,Artist_next_to_202604061447.jpeg,"A realistic full-body portrait of a [ARTIST] in their signature style, positioned next to a giant vertical smartphone displaying a Spotify interface. The phone screen shows a music player interface featuring the song “[SONG]” with signature [COLOR] accent colors at approximately 80% opacity for a premium aesthetic effect.
The artist wears their characteristic outfit and styling. Their pose is confident and editorial, embodying the mood and energy of the song. Expression matches their iconic persona.
Technical specifications:
• Plain background with subtle [COLOR] lighting accents
• Soft studio lighting with colored gels in signature [COLOR] tones
• 35mm or 50mm lens, f/2.2, ISO 100-160, shutter speed 1/125
• Sharp focus on subject and phone interface
• Editorial style consistent with premium music platform campaigns"
Artist_painting_miniature,3,4,3,False,False,Artist_painting_miniature_202604061446.jpeg | Artist_painting_miniature_202604061447.jpeg | Artist_painting_miniature_202604061448.jpeg,"Create a portrait depicting the person as an artist painting a miniature figure. The person is dressed in their most iconic outfit, looking confidently directly at the camera, holding a small paintbrush in one hand. A mini version of themselves is prominently placed on a clean workbench in front of them—make the figure slightly larger to be more visible than actual scale, thus standing out more. The figure is also wearing the same iconic outfit and striking an iconic pose. The painting supplies on the workbench are minimal to avoid clutter—only two or three small bottles of paint and a spare brush, keeping the focus on the person and the figure. Soft neutral white background, professional studio lighting, shallow depth of field. The composition highlights the person's facial expression looking at the camera and the figure they are painting. The style is clean and crisp, pursuing photorealistic effects, and details of both the person and the figure need to be highly restored."
Artist_painting_portrait,4,4,3,True,True,Artist_painting_portrait_202604061447.jpeg | Artist_painting_portrait_202604061448.jpeg | Artist_painting_portrait_202604061448_2.jpeg | Artist_painting_portrait_202604061448_3.jpeg,"Create a portrait depicting the person as an artist painting a miniature figure. The person is dressed in their most iconic outfit, looking confidently directly at the camera, holding a small paintbrush in one hand. A mini version of themselves is prominently placed on a clean workbench in front of them—make the figure slightly larger to be more visible than actual scale, thus standing out more. The figure is also wearing the same iconic outfit and striking an iconic pose. The painting supplies on the workbench are minimal to avoid clutter—only two or three small bottles of paint and a spare brush, keeping the focus on the person and the figure. Soft neutral white background, professional studio lighting, shallow depth of field. The composition highlights the person's facial expression looking at the camera and the figure they are painting. The style is clean and crisp, pursuing photorealistic effects, and details of both the person and the figure need to be highly restored."
Athlete_seen_through,2,2,2,True,True,Athlete_seen_through_202604061446.jpeg | Athlete_seen_through_202604061448.jpeg,"# A detailed, high-resolution photograph of the laboratory scene as seen in image_0.png, featuring the exact same scientist.

**The Woman**: The image features the same specific scientist from image_0.png, a middle-aged woman with dark hair pulled back, wearing the same brown glasses and having the exact same facial features. She is wearing the same charcoal gray fleece jacket and the same blue t-shirt (mostly hidden).

**The Action**: She is sitting in front of the large stereo microscope (the same model), looking through the eyepieces and using a manual pipette to transfer a small drop of clear liquid into an illuminated petri dish on the microscope's stage. The pipette and the dish are identical to those in image_0.png.

**The Environment (Exact Recreation)**:
* The lab bench is cluttered but functional, featuring all the elements visible in image_0.png.
* The large stereo microscope is positioned in the center.
* To her right is the second, inverted microscope with the flask of pink liquid on it.
* Multiple test tube racks with blue, white, and red caps are arranged in the foreground.
* The computer monitor in the background displays complex green fluorescent micrographs and charts.
* Various laboratory glassware (such as beakers and vials) are present.
* The background includes the large window and the blurred figure of the second scientist.
* Natural daylight blends with the overhead lab lighting.

**Depth of Field and Atmosphere**: A highly realistic photograph. The depth of field is shallow, keeping the scientist, the microscope, and the foreground test tubes in sharp focus, while softly blurring the background to create depth. The atmosphere conveys scientific concentration and professionalism. The textures of the fleece jacket, the glass, and the equipment are clearly visible."
Avatar_film_cover,1,1,3,True,False,Avatar_film_cover_202604061447.jpeg,"A dramatic Avatar (2076 film) cover, featuring a shadowy Na'vi characters and sensational headlines, low key lighting --ar 16:9 --s 1000 --q 2"
Avatars_with_different,6,6,2,True,False,Avatars_with_different_202604061447.jpeg | Avatars_with_different_202604061447_2.jpeg | Avatars_with_different_202604061448.jpeg | Avatars_with_different_202604061448_2.jpeg | Avatars_with_different_202604061448_3.jpeg | Avatars_with_different_202604061448_4.jpeg,Generate avatars of this person with different hairstyles in a 3x3 grid format
Baseball_athlete_mid-swing,2,2,4,True,False,Baseball_athlete_mid-swing_202604061447.jpeg | Baseball_athlete_mid-swing_202604061447_2.jpeg,"[Baseball athlete captured mid-swing] depicted in a Watercolor Sports Heritage style, blending traditional athletic imagery with soft, dreamy brushstrokes and subtle texture. Employ a muted color scheme of [red] and [yellow] to evoke a sense of timelessness and tradition. --ar 2:3 --v 7.0 --s 250 --raw"
"Beautiful_mature_female,",3,6,3,False,True,"Beautiful_mature_female,_202604061447.jpeg | Beautiful_mature_female,_202604061447_2.jpeg | Beautiful_mature_female,_202604061447_3.jpeg","1girl, beautiful mature female, upper body, medium shot, masterpiece, look at viewer, focus on face,  {{beautiful detailed face}}, brown eyes, lips, bare shoulders, extremely detailed, 8K wallpaper, by Tom Bagshaw"
Bedroom_split_2018,1,2,3,False,False,Bedroom_split_2018_202604061448.jpeg,"A photo of a bedroom split down the middle: the left side is 2018 and the right side is 1964, in the same room."
Bento_box_colors,2,2,3,True,True,Bento_box_colors_202604061447.jpeg | Bento_box_colors_202604061447_2.jpeg,"Create a Michelin-star level artistic bento box viewed directly from above, perfectly translating the colors of [the scream] into edible 'pixels':Pure white areas: Meticulously arranged steamed rice grains. All other colors: Creative ingredient combinations with pixel-perfect matching (e.g., purple = ube paste/red = pomegranate seeds/black = sesame dust)Modern deconstructed plating on slate board, featuring:Gradient sushi rolls acting as color transitions. Crispy nori sheets cut into geometric fragments. Optional gold leaf accents for metallic elements. Styled with dry ice mist and dappled spotlighting, captured in 8K food photography with shallow depth-of-field"
Bento_box_with,1,1,2,True,False,Bento_box_with_202604061447.jpeg,"Top-view of a contemporary bento box translating [girl wearing a pearl ring]'s colors into bold food mosaics: White zones: Steamed rice base. Color blocks: Liberally sliced ingredients (salmon=magenta/perilla leaves=dark green) forming impressionistic patches. Focus on tonal resemblance over precision, avoiding micro-scale pixel density. Stylized plating in black lacquered box, softly diffused studio lighting."
Boxer_sitting_in,2,2,2,True,False,Boxer_sitting_in_202604061447.jpeg | Boxer_sitting_in_202604061448.jpeg,"{""subject"":{""description"":""A male boxer sitting in the corner of a ring between rounds, heavy breathing"",""face"":{""makeup"":""swollen eye, cut on eyebrow, vaseline smeared""}},""photography"":{""camera_style"":""Sports documentary style, 85mm portrait lens"",""texture"":""sharp pores, gritty noise, dramatic shadows""}}"
Bride_with_flower,2,2,2,True,True,Bride_with_flower_202604061447.jpeg | Bride_with_flower_202604061447_2.jpeg,"1girl, solo, pretty female, {{beautiful detailed face}}, bride, flower crown, beautiful detailed eyes, looking at viewer, detailed tattoo on body, full body, {{masterpiece}}, best quality, medium shot, ultra detailed, hd, 4k wallpaper, by John Collier"
Car_cutaway_visualization,1,2,3,False,False,Car_cutaway_visualization_202604061448.jpeg,"Create a cutaway visualization of this car, show exterior intact on one side, and interior engine + seats exposed on the other side. Keep proportions accurate and details realistic."
Caricature_of_me,4,4,1,True,True,Caricature_of_me_202604061447.jpeg | Caricature_of_me_202604061448.jpeg | Caricature_of_me_202604061448_2.jpeg | Caricature_of_me_202604061448_3.jpeg,"Use the uploaded reference image as the absolute source for facial identity.

CRITICAL IDENTITY LOCK:
The face must be a highly realistic, 1:1 reproduction of the person in the reference image. Maintain exact facial structure, skin texture, eye color, and natural expression. DO NOT apply caricature distortions to the facial features (no exaggerated eyes, no cartoonish nose, no over-plumped lips on the face itself). The realism of the face must contrast sharply with the exaggerated body.

CONCEPT:
Create a humorous, over-the-top high-fashion caricature of a glamorous socialite, where the body is a caricature but the face remains hyper-realistic.

Caricature Body & Proportions:

Neck: Extremely elongated, elegant, and swan-like.

Torso: Tiny, tapered ""wasp"" waist with dramatic, humorous proportions.

Silhouette: Ultra-slim, tall, and gangly legs.

Pose: A smug, overly glamorous, red-carpet runway pose.

Outfit & Accessories:

A form-fitting, ultra-high-fashion designer suit with dramatic, cartoon-like proportions.

Glossy, high-end dress shoes.

Oversized luxury sunglasses (pushed up or held to ensure the realistic face is visible).

A tiny dog tucked inside an extravagant designer handbag.

Scene:

A chaotic Red Carpet event.

Character surrounded by bright, flashing paparazzi lights and popping bulbs.

Glamorous, celebrity-obsessed atmosphere with high-gloss highlights and deep shadows.

Style:

A ""Realistic Face on Caricature Body"" aesthetic.

Sharp, polished, fashion-editorial energy.

Vivid lighting and high-drama red-carpet sparkle.

Clean rendering with professional digital art finish."
Cat_head_pen,1,1,3,True,False,Cat_head_pen_202604061447.jpeg,"Highly detailed black-and-white pen illustration of a [Cat head], created in the style of Michael Rabone. Fine cross-hatching and stippling techniques used to render texture and depth. The composition features a clean white or textured paper background with no distractions. Scientific sketchbook aesthetics, museum-grade quality, with anatomical precision. Studio lighting with soft shadows. Centered and zoomed-in perspective. Elegant, minimal, and masterfully shaded. Ratio[2:3] "
Celebrities_standing_together,2,3,3,False,False,Celebrities_standing_together_202604061447.jpeg | Celebrities_standing_together_202604061448.jpeg,"Create a hyper-realistic, ultra-sharp, full-color large-format image featuring a massive group of celebrities from different eras, all standing together in a single wide cinematic frame..."
Ceramic_sculpture_with,2,2,2,True,False,Ceramic_sculpture_with_202604061447.jpeg | Ceramic_sculpture_with_202604061447_2.jpeg," create a highly artistic image of an exquisite ceramic sculpture. The subject is a [subject description]. The sculpture should possess a smooth, refined texture and rounded, fluid lines, presented with a serene and peaceful demeanor or presence. It should be placed on a pristine white platform against a soft gradient background, in lighting that is soft and even, creating a minimalist, elegant studio atmosphere that emphasizes smooth contours and a lustrous finish. --ar 3:2"
Chalkboard_art_piece,2,2,3,True,False,Chalkboard_art_piece_202604061447.jpeg | Chalkboard_art_piece_202604061448.jpeg,"{
  ""intent"": ""Photorealistic documentation of a specific chalkboard art piece..."""
Change_person_pose,2,2,3,True,True,Change_person_pose_202604061446.jpeg | Change_person_pose_202604061448.jpeg,"Transform the uploaded photo into a vintage Halloween poster. Preserve the same person, face, hairstyle, pose, and outfit colors — do not replace the subject or change their skin tone or body shape. Add a classic black witch hat (slightly tilted with a brass buckle) and a flowing black satin cape with natural folds. Have the subject hold a glowing carved jack-o'-lantern, with warm candlelight illuminating the hands and chin. Create a diagonal split background of dark teal and burnt orange, with subtle mist and fine spider-web texture; place a full moon at the top-right and bat + ghost silhouettes at the top-left as small accents. Compose a 2:3 vertical poster, subject centered, cropped around the knees. Add an aged paper border, light film grain, and studio lighting (soft key from front-left, gentle rim from back-right). Add a bold vintage serif headline ""Halloween Night"" at the top and ""Trick or Treat"" at the bottom, off-white with slight emboss/outline; keep text crisp and readable. High detail, clean image, no watermark. Do not change the outfit's original colors or design; do not cover the face."
Character_against_graffiti,2,2,3,True,False,Character_against_graffiti_202604061447.jpeg | Character_against_graffiti_202604061448.jpeg,"Create an ultra-realistic cinematic portrait of a character (man or woman) based on the attached photo, captured leaning confidently against a vibrant graffiti mural.
The character wears a black jacket, dark jeans, and black Air Max sneakers, arms crossed, gazing to the side with a serious, self-assured expression.
Behind them, a large, realistic mural features a painted portrait of the same person - same pose, outfit, and expression - surrounded by colorful urban graffiti.
Above the mural, the name ""ADI BRILL"" appears in vivid, stylized lettering.
The scene conveys street culture, self-expression, and artistic identity.

Ensure 100% facial accuracy and realistic likeness to the reference photo - keep every micro-feature identical:
* natural skin texture and tone, visible pores and imperfections,
* true facial asymmetry and authentic proportions,
* original hair details, eye color, and expression.

No face-altering filters, masks, retouching, or generative reinterpretation.
Maintain natural lighting realism, physical shadows, and photographic optical depth.
Shot on Sony A7R IV, 85mm f/1.4, shallow depth of field, high dynamic range, Kodak Portra 400 color grading, soft daylight diffusion, and cinematic street atmosphere."
Character_and_instructor,2,2,2,True,False,Character_and_instructor_202604061446.jpeg | Character_and_instructor_202604061448.jpeg,"A hyperrealistic 8K cinematic portrait of a character full of joyful energy, captured mid-freefall high above glowing white clouds in a heavenly sky.
The character, a normal person dressed in casual, loose-fitting clothing (jeans and a t-shirt), is laughing out loud as they plummet through the air. Their hair is wild, their face shows pure excitement, and they are giving a big thumbs-up to the camera.
Strapped in tandem behind them is an experienced, human skydiving instructor. The instructor wears technical skydiving gear (jumpsuit, helmet, harness) and has a wide, encouraging smile. The instructor also has their arms raised high, spread wide in a triumphant pose.
Both individuals are falling through the air with immense velocity. Their clothing is rippling dramatically from the wind. Behind them, a small propeller aircraft with an open door is visible, sunlight catching the fuselage as it banks away in the distance.

Camera: ARRI Alexa 65, 35mm anamorphic lens, aperture f/2.8, cinematic depth of field.
Lighting: strong golden sunlight from above, creating rim light and soft atmospheric scattering; volumetric haze with god-rays; natural skin reflections.
Details: hyperrealistic facial features, fabric texture with micro-folds, wind-distorted clothing, motion blur edges, and authentic high-altitude glow.
Color Grading: vivid sky blue, radiant whites, golden highlights, contrasting clothing colors, Kodak Vision3 250D film emulation for cinematic warmth.
Mood & Style: joyful adrenaline, cinematic realism, physical light behavior, extreme detail and depth, dynamic composition with heroic motion energy."
Character_blowing_bubblegum,3,3,3,True,False,Character_blowing_bubblegum_202604061447.jpeg | Character_blowing_bubblegum_202604061447_2.jpeg | Character_blowing_bubblegum_202604061448.jpeg,"Create a retro 90s-inspired cinematic photo of a character beasd on the picture I attached here sitting on a bed in a dark blue bedroom. The character is wearing a black and yellow Simpson pajamas , blowing a pink bubblegum bubble, and talking on a vintage red phone with a long cord. A bowl of popcorn is on his lap, and he is holding a colorful WWF wrestling magazine. The room is decorated with 90s posters on the walls and warm cozy lighting. In the background, standing in the doorway, there is a spooky figure wearing a black robe and a Ghostface mask from the Scream movie, slightly hidden in the shadows. The style should look realistic but with a playful retro aesthetic, colorful, detailed, and high-resolution."
Character_displaying_rings,3,4,3,False,False,Character_displaying_rings_202604061447.jpeg | Character_displaying_rings_202604061448.jpeg | Character_displaying_rings_202604061448_2.jpeg,"Create an ultra-realistic 8K ultra-detailed cinematic portrait of the character (male or female, keeping the same face from the reference image) standing in a gritty urban street scene with graffiti-painted walls in the background.

The character’s hands are raised in front, displaying large, custom silver rings - one spelling ""ADI"" and the other spelling ""BRILL"", reflecting ambient light vividly.
They wear a gray puffer coat with a hood and a black hat featuring a patch of the ""Brill.ai"".
Around their neck hangs a silver chain necklace with a large, ornate lion’s head pendant crowned in gold, its diamond eyes sparkling brightly, glinting with crisp reflections and subtle lens flare.

Lighting is dramatic and cinematic, highlighting the metallic jewelry, the shine of the coat’s texture, and soft shadows that sculpt the facial features.
The character’s expression is serious and intense, gazing directly at the camera with commanding presence.

The wet pavement and graffiti-covered walls behind reflect neon city light in soft diffused tones, enhancing the urban realism.
Shot with a DSLR 50mm f/1.8 lens, showcasing natural color grading, deep contrast, hyper-realistic textures, and authentic light reflections - as if captured in a cinematic street editorial photoshoot."
Character_drawing_process,1,1,3,True,False,Character_drawing_process_202604061447.jpeg,"Generate a four-panel drawing process for the character: Step 1: Line art, Step 2: Flat colors, Step 3: Add shadows, Step 4: Refine and complete. No text."
Character_dress_up,2,2,2,True,True,Character_dress_up_202604061447.jpeg | Character_dress_up_202604061447_2.jpeg,"Full body portrait of a rugged character attached in the photo with same hair wearing a luxury elegant white low neck dress, sitting comfortably on a luxurious dark leather sofa. A large, majestic male tiger is calmly sitting beside the character on the sofa,eyes on camera. The background is a dimly lit, opulent room with dark curtains, a patterned rug, and a classic wall sconce. Rich, dramatic, cinematic lighting, high contrast, surreal, editorial photography, high detail, photorealistic."
Character_emerging_from,8,6,2,False,True,Character_emerging_from_202604061447.jpeg | Character_emerging_from_202604061447_2.jpeg | Character_emerging_from_202604061448.jpeg | Character_emerging_from_202604061448_2.jpeg | Character_emerging_from_202604061448_3.jpeg | Character_emerging_from_202604061448_4.jpeg | Character_emerging_from_202604061448_5.jpeg | Character_emerging_from_202604061448_6.jpeg,"CREATE a 64 K DSLR ultra-realistic cinematic portrait of the character (male or female, keeping the same face from the reference image), emerging dramatically from a large cracked playing card of the King of Spades.
The King figure has short hair and a well-groomed beard or refined facial features depending on gender, wearing an ornate crown with gold filigree and embedded red gems.
The character is dressed in luxurious robes with rich gold-and-crimson embroidery, draped across the shoulders with heavy regal folds.
One arm extends forward in a commanding, cinematic gesture, while the other rests naturally, revealing a subtle tattoo on the hand.
The cracked playing card looks like aged stone, with dust and debris breaking loose as the figure pushes through its surface.
Lighting is dramatic and low-key, emphasizing depth, shadows, and highlights across the crown and robes.
Background: dark gradient tone with faint atmospheric particles for a post-apocalyptic mood.
The name ""
Enter Tomer
"" is printed in fine lettering at the lower-right corner of the card.
Render in Octane Render / Unreal Engine 5 style with photoreal materials, sharp optics, HDR global illumination, and cinematic depth of field.
The overall image evokes grandeur, authority, and quiet power, blending realism with subtle fantasy energy.
"
Character_holding_Israeli,2,2,3,True,False,Character_holding_Israeli_202604061448.jpeg | Character_holding_Israeli_202604061448_2.jpeg,"CREATE ultra-realistic full-body portrait of the character from the uploaded image, standing proudly with both arms raised, holding a fully spread Israeli flag behind them. The entire flag is visible, with natural fabric folds and vibrant blue and white colors. The background shows a panoramic view of Jerusalem, with the Western Wall clearly visible, golden stone textures detailed and realistic. The character wears a dark gray polo shirt, black cargo pants, and sleek black sunglasses, exuding strength and confidence.

Preserve exact facial features from the uploaded image, no alterations, no artistic reinterpretation. Maintain true identity: same bone structure, same eyes, same nose, same mouth, no changes to hairstyle or face shape. Skin texture, wrinkles, beard, and micro-expressions must match the uploaded image exactly. No AI beautification, no smoothing, no style changes on the face.

Cinematic golden-hour sunlight illuminates the character and the flag, casting warm highlights on the ancient stones of the Wall. Shot with a 35mm lens, slightly low-angle perspective to emphasize heroism and grandeur. Ultra-sharp details on the flag, the clothing, and the stone textures, with high dynamic range, realistic atmospheric depth, and poster-quality cinematic grading. Hyper-detailed realism with authentic materials, natural skin texture."
Character_in_creative,2,2,2,True,True,Character_in_creative_202604061448.jpeg | Character_in_creative_202604061448_2.jpeg,"Create a hyper-realistic 4K collectible figure inside a bright yellow cardboard display box with a clear plastic window in the front.
Replace the figure’s face with the human eyes and facial features taken from the uploaded external image.
The character is an original design called 'Nano Banana 2': a small stylized doll with tiny cartoonish legs, wearing bold red Nike Air sneakers.
Add a Santa-themed banana hat: a peeled banana shaped like a Santa hat, with the banana peel opening naturally around the head like stylized petals.
Place a custom artistic logo on the box titled 'Nano Banana 2' in a unique, creative font.
Set the box on a luxurious wooden store shelf.
Behind it, a modern TV screen displays animated Nano Banana branding.
Use ultra-detailed textures, dramatic cinematic product-display lighting, and extremely sharp 4K hyper-realism.
Preserve the holiday Santa atmosphere throughout the scene."
Character_in_cyberpunk,2,2,2,True,True,Character_in_cyberpunk_202604061446.jpeg | Character_in_cyberpunk_202604061448.jpeg,"Create an ultra-realistic cinematic portrait of the character (male or female, keeping the same face from the reference image) standing confidently in the middle of a neon-lit cyberpunk city street.

They wear sleek black futuristic clothing with subtle armored textures and dark sunglasses, their posture powerful and composed.
One hand is extended forward as glowing digital particles surge and swirl around it, bending reality like waves of light.

The environment is alive with falling green data streams raining from the sky, blending seamlessly with rain-soaked reflections on the asphalt.
Tall blurred skyscrapers rise behind the character, their windows glowing softly through the mist and neon haze.

Lighting is cinematic and hyper-realistic, with moody contrast, electric reflections, and shallow depth of field emphasizing the character’s calm expression and control over the digital chaos.
Each droplet, reflection, and spark is rendered with 8K ultra-detailed texture, realistic surface gloss, and true HDR lighting dynamics.

The mood evokes a post-apocalyptic cyber world, grounded and believable - more like a frame from a high-end movie shot on a cinematic 50mm lens, not AI-generated."
Character_in_suit,5,5,2,True,False,Character_in_suit_202604061448.jpeg | Character_in_suit_202604061448_2.jpeg | Character_in_suit_202604061448_3.jpeg | Character_in_suit_202604061448_4.jpeg | Character_in_suit_202604061448_5.jpeg,"Use the character in the original image to create a character status screen for an RPG game.
Keep the character design and style from the original image, but change the costume to one from a fantasy RPG. Also, change the pose to suit the situation.
Display the character from the original image and the status screen side by side.
The status screen will list various parameters, skills, icons, etc.
The background should be a fantasy background that matches the style of the original image.
The status screen should be rich and stylish, like a game from 2025."
Character_into_white,2,2,2,True,True,Character_into_white_202604061448.jpeg | Character_into_white_202604061448_2.jpeg,"Full body portrait of a rugged character attached in the photo with same hair wearing a luxury elegant white low neck dress, sitting comfortably on a luxurious dark leather sofa. A large, majestic male tiger is calmly sitting beside the character on the sofa,eyes on camera. The background is a dimly lit, opulent room with dark curtains, a patterned rug, and a classic wall sconce. Rich, dramatic, cinematic lighting, high contrast, surreal, editorial photography, high detail, photorealistic."
Character_leaning_on,1,1,2,True,False,Character_leaning_on_202604061448.jpeg,"Use the uploaded reference image as a strict facial identity source.

CRITICAL IDENTITY LOCK:
The face must match the reference image exactly — identical facial structure, proportions, eyes, lips, nose, skin tone, texture, hairstyle, and micro-details.
No changes, no reinterpretation, no beautification, no age shifts, and no added or removed facial hair.
A perfect 1:1 facial reproduction is mandatory.
This applies whether the generated character is interpreted as male or female.

CREATE a warm, rustic kitchen scene with old-world charm: wooden beams overhead, stone walls, and soft natural light filtering through leaded glass windows. A cluttered wooden dining table sits at the center, covered with plates of partially eaten food, spilled ingredients, wine glasses, and scattered fruits and vegetables — the lively aftermath of a shared meal.

In the background, hanging pots and pans, a vintage stove, and open shelves filled with jars and cookware emphasize the cozy, vintage atmosphere.

In the foreground sits a cheerful fairy-tale princess inspired by the classic Snow White storybook archetype (not a Disney likeness). 
She has fair skin, a short black bob hairstyle with a red bow, and wears a stylized interpretation of the classic Snow White color palette: a blue bodice, puffed sleeves with red accents, and a yellow skirt. She rests comfortably in a high-backed wooden chair, leaning her head on her hand with an expression that mixes exhaustion, contentment, and dreamy amusement.

Next to her sits a second character created using the uploaded reference image with CRITICAL IDENTITY LOCK. 
This character may be male or female, depending on the reference image. 
The character wears a vintage military-style brown cap tilted to the side, a cream-colored vertically striped long-sleeve shirt with sleeves rolled up, and a loosely tied brown neckerchief. They are holding a glass of red wine as they sit beside the fairy-tale princess.

Lighting:
Warm painterly illumination highlights the princess’s face, the subtle facial details of the identity-locked character, and the chaotic tabletop. Soft shadows and warm tones create a cozy, magical, storybook atmosphere.

Style:
Detailed, painterly illustration with rich textures, vibrant colors, and a blend of rustic realism and fairy-tale whimsy."
Character_on_motorcycle,1,2,2,False,False,Character_on_motorcycle_202604061448.jpeg,"Create An ultra-realistic, cinematic close-up half-body shot of a character based on the attached picture, keeping facial features and gender faithful to the reference image.
The character sits powerfully on a massive Ghost Rider–inspired motorcycle, its wheels blazing with roaring orange flames that cast dramatic light and deep shadows across the dark city street.

They wear a sharp black leather jacket adorned with metallic spikes on the shoulders, black cargo pants, and rugged leather boots, radiating a sense of strength and cinematic cool.
Their face is clearly visible, witha stylish reflective sunglasses glowing with confidence, blending real-world realism with fantastical, movie-like energy.

The overall image should look like a scene from a high-budget action-fantasy film, mixing hyper-realistic texture and cinematic lighting with imaginative visual storytelling - bold, powerful, and immersive."
Character_performing_avatar,3,2,3,False,True,Character_performing_avatar_202604061447.jpeg | Character_performing_avatar_202604061447_2.jpeg | Character_performing_avatar_202604061447_3.jpeg,"A hyper-realistic 8K cinematic up-close photo of a character (use attached photo) performing an avatar bending stance outdoors. A swirling ring of all four elements—earth, air, water, and fire—surrounds the character, forming a “tiger”, complete with claws, whiskers, and dramatic twists. The 'tiger' appears alive, flowing naturally from her hands, captured with realistic physics elements—water droplets, splashes, refractions, mist, rocks, dust, pebbles, wind, flames, and embers. 3:4 aspect ratio."
Character_petting_white,5,6,3,False,False,Character_petting_white_202604061446.jpeg | Character_petting_white_202604061447.jpeg | Character_petting_white_202604061447_2.jpeg | Character_petting_white_202604061448.jpeg | Character_petting_white_202604061448_2.jpeg,"Use the character in the original image to create a self-portrait (exactly matching the uploaded image) leaning against a vintage black car, lying on a grassy field filled with white daisy-like flowers. the character gently petting a white lion resting beside him. The scene is shot from a high angle, capturing a magical, dreamlike atmosphere with soft, warm lighting. The image is hyperrealistic, cinematic, and has a rich, earthy color palette."
Character_portrait_photo,1,1,2,True,True,Character_portrait_photo_202604061447.jpeg,"Stylish portrait of the character sitting position inside a white 3D [LinkedIn] frame cutout with the logo, in professional suit. Dark background, cinematic lighting, ultra-realistic. [LinkedIn] id : 'Adi Brill' with blue checkmark. Caption should be ""Create with prompts #promptwall !"""
Character_posing_with,5,4,2,False,True,Character_posing_with_202604061446.jpeg | Character_posing_with_202604061447.jpeg | Character_posing_with_202604061448.jpeg | Character_posing_with_202604061448_2.jpeg | Character_posing_with_202604061448_3.jpeg,"Create a hyper-realistic portrait using the uploaded photo keeping the real face, facial structure, skin tone, and expression of the person exactly the same.

The scene shows the person kneeling in the middle of a cozy vintage living room, wearing a denim jacket, white shirt and jeans.

He's smiling naturally while hugging two iconic characters:

ALF on left: a hairy full-bodied alien puppet with brown/orange hair, large muzzle, expressive eyes and large padded feet. Very detailed and realistic texture of skin and hands.

E.T. on the right: a full-body, extremely detailed and realistic model with wrinkled skin, long neck, large expressive eyes, and a glowing fingertip on her right hand.

Both characters are close to the person as if they are posing for a warm family photo.

The background is a cozy 80s-style living room: vintage floral sofa, wooden furniture, bookshelves filled with ceramic vases, indoor plants, soft natural window light, warm tones, and a nostalgic homely atmosphere.

Ultra-detailed leather, fabric textures, realistic lighting, volumetric smoothness, 8K resolution, cinematic photography, perfect color gradation."
Character_reading_in,1,1,2,True,False,Character_reading_in_202604061448.jpeg,"Horizontal 16:9 cinematic continuous storyboard, realistic documentary style. Reference Image 1 for character spatial relationship, position, and style; Reference Image 2 for character appearance. This prompt includes four specific frame instructions:

Panel 1 (Side Profile Close-up): Focus on the facial features (platinum blonde hair, green eyes) of the character from Image 2 reading in bed, referencing Image 1. Apply background blur and retain the cool-toned lighting from Image 1.

Panel 2 (Reading Back View): Recreate the action of “lying on the bed reading” from Image 1, but use the clothing of the character from Image 2, emphasizing the cherry blossom season outside the window.

Panel 3 (Medium Shot Low Angle): Reference Image 1 for the action position. This is a highly dramatic perspective, reflecting the narrowness of the room and the spatial relationship of the character, highlighting details of the bookshelf and poster wall.

Panel 4 (Full View/Fisheye): Add a wide-angle shot (referencing the perspective of Image 1) to establish the overall environment and set the mood of “staying home on a snowy day.”"
Character_reference_Image,3,4,2,False,True,Character_reference_Image_202604061447.jpeg | Character_reference_Image_202604061448.jpeg | Character_reference_Image_202604061448_2.jpeg,"Create an ultra-realistic premium chocolate spread jar packaging mockup featuring the reference person inside the label scene, with dynamic brand typography styling and full breakfast table visibility.

Identity Preservation (Strict Identity Lock):
- Preserve the exact facial identity, proportions, hairstyle, and expression from the reference photo.
- Do not alter facial structure or change the subject into any other known person.
- Maintain 100% identical appearance as in the reference image.

Subject:
- Fully photorealistic human (no illustration look).
- Subject occupies no more than 55% of label height.
- Placed slightly deeper in the scene to allow full table visibility.
- Naturally seated at breakfast table holding toast with chocolate spread.
- Warm natural expression consistent with real-life breakfast moment.
- Real skin texture, natural pores, accurate lighting response.

Scene:
- Entire breakfast table must be fully visible. No food items cropped. Clear foreground table edge. Balanced spatial depth between subject and table.
- Food items: Plate with chocolate toast, open chocolate spread jar, fruit bowl, glass of orange juice, additional breakfast elements.
- Background: Soft warm kitchen environment integrated into label with realistic depth.

Product:
- Premium chocolate spread jar mockup.
- Rich glossy chocolate texture inside jar, realistic glass reflections, subtle studio highlight rolloff, natural grounded shadow under jar.

Label Design:
- Brand name: [Nubrilla]
- Automatically style first character of [brand_name] in black (#000000) and all remaining characters in red (#E10600).
- Bold rounded sans-serif similar to premium chocolate spread branding, heavy weight, tight commercial kerning, straight horizontal baseline.
- Subtle micro ink texture, matte label with slight light absorption, apply subtle horizontal distortion following jar curvature. Text must appear printed on the label, not floating above it.
- Brand name placed in upper third of label, behind the subject, never overlap the face or head, fully readable despite depth layering.

Art Direction:
- Premium supermarket-ready packaging photography.
- Warm, authentic, inviting breakfast branding.
- Soft natural morning tones with controlled highlights.
- Indistinguishable from real commercial product photo.

Camera & Lighting:
- Commercial product photography, 50mm full-frame equivalent, f/8, slightly tilted dynamic presentation angle.
- Wide enough framing to include entire table scene inside label.
- Soft studio lighting mimicking natural morning light, front-side soft key light, soft controlled shadows, no harsh contrast.
- Jar fully sharp, subtle background blur.

Negative Constraints: No original Nutella logo, no floating text, no cartoon style, no text overlapping face, no watermark."
Character_sheet_facial,3,4,3,False,False,Character_sheet_facial_202604061446.jpeg | Character_sheet_facial_202604061447.jpeg | Character_sheet_facial_202604061448.jpeg,"Character sheet, facial expressions, joy, anger, sadness, happiness"
Character_sitting_in,4,4,2,True,True,Character_sitting_in_202604061446.jpeg | Character_sitting_in_202604061447.jpeg | Character_sitting_in_202604061447_2.jpeg | Character_sitting_in_202604061447_3.jpeg,"Create a bright, cheerful European children’s storybook cartoon scene, set in a sunny meadow with trees, green hills, a flowing river and a soft blue sky. 
Use clean black line-art outlines, vibrant flat colors, soft diffuse daylight and gentle shadows.

Include the following characters in accurate storybook proportions (large round heads, small compact bodies, friendly expressions):

– Marco (from “The Heart”) with Amedeo the white monkey sitting cheerfully on his shoulder.
– Belle, the large white Pyrenean Mountain Dog, drawn softly and cartoony.
– Sebastian hugging Belle lovingly from the side, with his entire body clearly visible.
– A group of classic Smurfs running joyfully by the river, with two or three of them forming a small playful “tower.”
– Memole with her red pointy hat.
– Little Red Riding Hood (Anne Shirley inspired), dancing happily at the center with soft flower petals drifting around her.
– Nils Holgersson with his blonde hair, next to a squirrel offering him a nut.
– Bella the Duck peeking playfully from inside Nils Holgersson's hat.
– Pinocchio, the wooden boy, smiling brightly.
– Geppetto, the friendly old carpenter, holding either a tiny wooden toy or miniature hammer.

Now insert ALL characters from the user-uploaded photo (whether one person, multiple people or animals). 
Transform them into the SAME storybook cartoon style and proportions as the other characters, with small child-like bodies. 
Resize them so they match the height and proportions of the other children in the scene.

IMPORTANT: Preserve the user’s REAL facial identity EXACTLY. 
Match all facial features precisely: head shape, eyes, eyebrows, nose, mouth, jawline, skin tone and expression. 
Do NOT replace the face, do NOT stylize the facial identity beyond gentle cartoon smoothing. 
Use line-art only around the contours, while keeping the face recognizably identical to the real person.

IMPORTANT FIX (No Merging / No Floating Heads): 
Do NOT place any face, head or partial character inside Belle (the dog) or any other character. 
No merged bodies, no floating heads, no characters emerging from inside another. 
Sebastian’s hug must be clean and visible, with his full silhouette intact. 
If the uploaded photo contains a hugging person, the ENTIRE person must be fully visible and not blended into Belle's body. 
Maintain clean spatial separation and clear silhouettes between all characters.

Blend all characters perfectly with matching line thickness, color palette, shading and lighting. 
Position the user naturally among the group with a warm, friendly gesture or smile. 
You may allow Belle to lift a paw gently toward the user’s character for a sweet interaction.

Use atmospheric depth: lighter colors and thinner outlines for background elements. 
Add a soft golden sunbeam illuminating the central characters to enhance the warm, magical storybook feeling."
Character_sitting_inside,1,1,3,True,False,Character_sitting_inside_202604061446.jpeg,"Stylish portrait of the character sitting position inside a white 3D [LinkedIn] frame cutout with the logo, in professional suit. Dark background, cinematic lighting, ultra-realistic. [LinkedIn] id : 'Adi Brill' with blue checkmark. Caption should be ""Create with prompts #promptwall !"""
Character_standing_beside,3,5,3,False,True,Character_standing_beside_202604061448.jpeg | Character_standing_beside_202604061448_2.jpeg | Character_standing_beside_202604061448_3.jpeg,"Create an ultra-realistic 24K DSLR high-detail cinematic photograph of the character (male or female, keeping the same face from the reference image) standing confidently beside a sleek black superbike in a dimly lit underground parking area.

The scene captures neon-blue ambient reflections dancing across the glossy black body of the bike.
Subtle graffiti textures mark the concrete walls, while small shimmering puddles on the wet floor mirror the soft ambient glow.

The character wears a fitted black riding jacket, dark tactical pants, and black sneakers, arms crossed, radiating calm and confidence.
A faint layer of mist drifts through the scene, creating cinematic depth and realism.

Lighting is moody and modern, with soft neon-blue highlights and gentle shadow gradients that enhance facial contours, chrome reflections, and fine fabric textures.
Every surface - from the metal frame of the bike to the texture of the jacket - is captured with hyper-real precision.

Shot with a DSLR 35mm f/1.8 lens in 24K HDR, featuring rich tonal contrast, true-to-life colors, and natural depth of field.
The mood evokes cinematic calm within chaos, blending post-apocalyptic undertones with editorial realism - as if taken from a high-end movie still, not AI-generated."
Character_status_screen,5,5,3,True,False,Character_status_screen_202604061447.jpeg | Character_status_screen_202604061447_2.jpeg | Character_status_screen_202604061448.jpeg | Character_status_screen_202604061448_2.jpeg | Character_status_screen_202604061448_3.jpeg,"Use the character in the original image to create a character status screen for an RPG game.
Keep the character design and style from the original image, but change the costume to one from a fantasy RPG. Also, change the pose to suit the situation.
Display the character from the original image and the status screen side by side.
The status screen will list various parameters, skills, icons, etc.
The background should be a fantasy background that matches the style of the original image.
The status screen should be rich and stylish, like a game from 2025."
Character_style_1970s,6,6,2,True,False,Character_style_1970s_202604061448.jpeg | Character_style_1970s_202604061448_2.jpeg | Character_style_1970s_202604061448_3.jpeg | Character_style_1970s_202604061448_4.jpeg | Character_style_1970s_202604061448_5.jpeg | Character_style_1970s_202604061448_6.jpeg,"Change the character's style to [1970]'s classical [male] style.
Add [long curly] hair, [long mustache], change the background to the iconic [californian summer landscape].
Don't change the character's face"
Character_taking_selfie,8,2,3,False,True,Character_taking_selfie_202604061447.jpeg | Character_taking_selfie_202604061447_2.jpeg | Character_taking_selfie_202604061447_3.jpeg | Character_taking_selfie_202604061447_4.jpeg | Character_taking_selfie_202604061448.jpeg | Character_taking_selfie_202604061448_2.jpeg | Character_taking_selfie_202604061448_3.jpeg | Character_taking_selfie_202604061448_4.jpeg,"Create A cinematic portrait of a character based on the attached picture, keeping facial features and gender faithful to the reference. The scene shows the character taking a selfie with a huge Kodiak bear at dusk. The bear stands close beside them, calm but powerful, its fur richly detailed and glowing in the last warm light of the day. The character wears a stylish, reflective outfit that catches the sunset tones, smiling confidently toward the phone. Soft golden light and deep shadows create a feeling of adventure and quiet danger in the wild. The image should look hyper-realistic and photographic, with natural color grading, realistic textures, and cinematic composition.

"
Character_walking_urban,2,2,3,True,True,Character_walking_urban_202604061447.jpeg | Character_walking_urban_202604061448.jpeg,"Create an expressive watercolor and ink illustration of a character - inspired by the attached reference photo - walking through a gritty urban alley. The scene is filled with cracked pavement, torn posters, and graffiti-covered brick walls, all rendered in loose, dynamic ink linework and splattered watercolor textures. The character wears a 90’s-inspired hip-hop outfit: an oversized graphic T-shirt featuring Back to the Future artwork, baggy cargo pants, a silver chain with a Star of David pendant, and black-and-white Jordan sneakers. Their style feels confident and authentic, with an androgynous streetwear aesthetic that suits both male and female forms. Lighting and shadows are painted expressively, with bold contrasts and fluid brushwork emphasizing movement and attitude. The overall tone combines raw urban energy with the emotional fluidity of watercolor and the sharp definition of ink outlines."
Character_with_pistols,2,2,2,True,False,Character_with_pistols_202604061448.jpeg | Character_with_pistols_202604061448_2.jpeg,"Create A dynamic, cinematic portrait of a character based on the attached picture, with facial features and gender remaining 100% faithful to the reference image. The character exudes intense focus and fierce determination, radiating an aura of unwavering confidence and inner strength. Their physique is defined and athletic, with subtle hints of a toned core visible beneath their partially open attire.

They wear a meticulously crafted, dark black leather biker jacket adorned with silver studs on the shoulders and lapels, and multiple functional zippers that catch the ambient light with realistic reflections. Beneath the jacket, a crisp white tank top adds contrast against distressed blue jeans featuring prominent silver zippers and intricate stitching. Their hands are wrapped in dark tactical gloves, communicating readiness and precision.

In each hand, they hold a highly detailed, antique-style pistol, barrels angled downward. The aged metal gleams naturally under the cinematic light, showcasing fine engravings and slight signs of wear. A long, slender, sword-like weapon with an ornate, razor-sharp tip rests diagonally across their back, the dark metal contrasting vividly against the jacket’s polished leather.

The background erupts with dramatic intensity - a fiery urban scene where the blurred headlights and chassis of a vintage car are engulfed in flames. The inferno casts a molten, amber glow that silhouettes the figure, while sparks and embers drift through smoky air, enhancing the sense of controlled chaos.

The lighting is dramatic and moody, with sharp highlights accentuating the contours of their face, hair, and jacket, while deep shadows carve out dimensional realism. The entire image achieves hyper-realistic, photographic quality - every texture, reflection, and atmospheric effect rendered with cinematic precision and tactile authenticity."
Characters_playing_retro,2,2,3,True,True,Characters_playing_retro_202604061446.jpeg | Characters_playing_retro_202604061447.jpeg,"Create an ultra-realistic dreamy Y2K-style portrait using the attached reference photo of the person.

Do not modify, remove, or alter any aspect of the original reference photo. Every detail, expression, and feature of the person must remain exactly the same with absolute fidelity (physiognomy, body shape, face, physical features, silhouette, hairstyle).

Do not alter or change the horror character either. Pennywise must remain 100% faithful to his original movie appearance, looking exactly like in the films (IT), with his iconic overalls, striped sweater, orange messy hair, freckles, scars, and sinister yet playful expression.

Scene: A large masculine dreamy bedroom decorated with retro 80s/90s movie posters on the walls.

The person from the attached image is seated naturally on the bed, wearing striped pajamas, looking towards the TV.

Next to them, Pennywise sits on the bed in a relaxed pose, as if both are watching the TV together.

Atmosphere: The room is dimly lit, illuminated mainly by a warm be."
Chibi_miniatures_surrounding,2,2,3,True,False,Chibi_miniatures_surrounding_202604061447.jpeg | Chibi_miniatures_surrounding_202604061448.jpeg,"Surrounding the realistic main subject are multiple cute, 3D-style chibi miniatures of the same person, with identical facial features, hairstyle, body proportions, and outfit. 
The chibi figures are naturally distributed around the subject, interacting playfully with her or nearby elements in a charming, non-intrusive way.

Overlay the image with vibrant, hand-drawn doodle effects: soft white outlines around the subject, playful sparkles, doodle hearts, tiny flowers, smiley icons, and floating white handwritten phrases like ""shine"", ""bright night"", and ""happy vibes"".

The style seamlessly blends hyper-realistic photography with colorful, soft cartoon illustrations.
Keep the original face, body shape, and proportions of the main subject unchanged.
"
Chibi_moe_anime,1,2,3,False,False,Chibi_moe_anime_202604061447.jpeg,"Restyle this image into a chibi moe-style anime illustration, featuring exaggerated facial expressions with oversized glossy eyes, small rounded body proportions, soft color gradients with minimal shading, smooth clean line art, a vibrant playful color palette, simplified clothing and accessories with cute embellishments, childlike proportions that emphasize exaggerated cuteness, minimal background details to keep focus on the character, emotional blush highlights, and expressive poses that amplify personality and charm"
Child_behind_door,2,2,3,True,False,Child_behind_door_202604061447.jpeg | Child_behind_door_202604061447_2.jpeg,"A subject from uploaded image, smiling, peers curiously from behind a dark blue, half-open door. Surrounding subject, also peering out, are the characters Mario (with his red cap and mustache), Doraemon (the blue robot cat with the bell), Tom (the gray cat with green eyes and a wary expression), Jerry (the smiling brown mouse with his arms outstretched), Longlegs (a gray rabbit with a carrot in his hand), Taz Mania (the Tasmanian devil with his windmill from the waist down),Sylvester (a mischievous black cat), and Tweety (the large-headed yellow canary). All clearly visible.
The child should be the focal point, with the characters slightly behind or around him, all with expressions of curiosity and surprise, as if they were spying on something together. The lighting is dramatic and cinematic, coming from one side, creating soft, realistic shadows.  The cartoon characters' images must be rendered in a photorealistic 3D style, with extremely detailed textures inthe fur, clothing, skin, and wood of the door, without visual aberrations or blurry elements. The depth of field must be clear on all characters and the child, with a slight blur in the dark background to highlight the foreground. No aspect ratio errors or digital artifacts. Professional studio quality."
Child_on_oil,5,8,2,False,False,Child_on_oil_202604061446.jpeg | Child_on_oil_202604061447.jpeg | Child_on_oil_202604061448.jpeg | Child_on_oil_202604061448_2.jpeg | Child_on_oil_202604061448_3.jpeg,"{
  ""scene"": {
    ""type"": ""extreme_environment_selfie"",
    ""location"": ""offshore oil rig during violent storm"",
    ""description"": ""partially damaged oil rig platform surrounded by massive dark ocean waves, heavy rain and wind, dramatic industrial setting""
  },

  ""subject"": {
    ""reference"": ""@input_image"",
    ""identity_lock"": true,
    ""face"": {
      ""preserve_exact_features"": true,
      ""natural_skin_texture"": true,
      ""no_age_modification"": true,
      ""no_beautification"": true
    },
    ""expression"": ""calm and composed, slight natural curiosity"",
    ""hair"": {
      ""behavior"": ""wind-blown, reacting naturally to storm"",
      ""no_style_change"": true
    },
    ""clothing"": {
      ""type"": ""realistic waterproof jacket or hoodie"",
      ""behavior"": ""wet, slightly moving in wind"",
      ""fit"": ""appropriate for child""
    }
  },

  ""camera"": {
    ""type"": ""smartphone selfie"",
    ""lens"": ""26mm wide-angle"",
    ""angle"": ""eye-level, arm-length"",
    ""framing"": ""4:5 vertical"",
    ""distortion"": ""slight edge distortion like real phone"",
    ""focus"": ""sharp on face""
  },

  ""lighting"": {
    ""environment"": ""overcast storm light"",
    ""tones"": ""cold gray and slate"",
    ""secondary"": ""subtle orange industrial lights reflecting on wet metal"",
    ""effects"": ""rain, mist, salt spray catching light""
  },

  ""environment_details"": {
    ""elements"": [
      ""massive waves crashing"",
      ""wet steel beams"",
      ""rust, peeling paint"",
      ""warning stripes"",
      ""industrial cables"",
      ""rotating hazard lights in fog""
    ],
    ""depth"": ""strong atmospheric depth with fading ocean background""
  },

  ""style"": {
    ""photorealistic"": true,
    ""cinematic"": true,
    ""camera_simulation"": ""Sony A7R V"",
    ""settings"": {
      ""aperture"": ""f/4"",
      ""shutter"": ""1/1600"",
      ""ISO"": 640
    },
    ""details"": [
      ""visible pores"",
      ""realistic iris detail"",
      ""fine hair strands"",
      ""wet fabric texture"",
      ""subtle sensor grain"",
      ""slight chromatic aberration""
    ]
  },

  ""composition"": {
    ""subject_dominant"": true,
    ""leading_lines"": ""metal beams and catwalks"",
    ""asymmetry"": ""open ocean in background"",
    ""clean_frame"": true
  },

  ""negative_prompt"": [
    ""no text"",
    ""no watermark"",
    ""no logos"",
    ""no duplicated labels"",
    ""no age estimation text"",
    ""no extra fingers"",
    ""no distorted hands"",
    ""no warped anatomy"",
    ""no duplicate limbs"",
    ""no cartoon style"",
    ""no plastic skin"",
    ""no low resolution"",
    ""no clutter"",
    ""no gore"",
    ""no injury"",
    ""no panic""
  ]
}"
Children's_storybook_cartoon,3,4,3,False,False,Children's_storybook_cartoon_202604061447.jpeg | Children's_storybook_cartoon_202604061447_2.jpeg | Children's_storybook_cartoon_202604061447_3.jpeg,"Create a bright, cheerful European children’s storybook cartoon scene, set in a sunny meadow with trees, green hills, a flowing river and a soft blue sky. 
Use clean black line-art outlines, vibrant flat colors, soft diffuse daylight and gentle shadows.

Include the following characters in accurate storybook proportions (large round heads, small compact bodies, friendly expressions):

– Marco (from “The Heart”) with Amedeo the white monkey sitting cheerfully on his shoulder.
– Belle, the large white Pyrenean Mountain Dog, drawn softly and cartoony.
– Sebastian hugging Belle lovingly from the side, with his entire body clearly visible.
– A group of classic Smurfs running joyfully by the river, with two or three of them forming a small playful “tower.”
– Memole with her red pointy hat.
– Little Red Riding Hood (Anne Shirley inspired), dancing happily at the center with soft flower petals drifting around her.
– Nils Holgersson with his blonde hair, next to a squirrel offering him a nut.
– Bella the Duck peeking playfully from inside Nils Holgersson's hat.
– Pinocchio, the wooden boy, smiling brightly.
– Geppetto, the friendly old carpenter, holding either a tiny wooden toy or miniature hammer.

Now insert ALL characters from the user-uploaded photo (whether one person, multiple people or animals). 
Transform them into the SAME storybook cartoon style and proportions as the other characters, with small child-like bodies. 
Resize them so they match the height and proportions of the other children in the scene.

IMPORTANT: Preserve the user’s REAL facial identity EXACTLY. 
Match all facial features precisely: head shape, eyes, eyebrows, nose, mouth, jawline, skin tone and expression. 
Do NOT replace the face, do NOT stylize the facial identity beyond gentle cartoon smoothing. 
Use line-art only around the contours, while keeping the face recognizably identical to the real person.

IMPORTANT FIX (No Merging / No Floating Heads): 
Do NOT place any face, head or partial character inside Belle (the dog) or any other character. 
No merged bodies, no floating heads, no characters emerging from inside another. 
Sebastian’s hug must be clean and visible, with his full silhouette intact. 
If the uploaded photo contains a hugging person, the ENTIRE person must be fully visible and not blended into Belle's body. 
Maintain clean spatial separation and clear silhouettes between all characters.

Blend all characters perfectly with matching line thickness, color palette, shading and lighting. 
Position the user naturally among the group with a warm, friendly gesture or smile. 
You may allow Belle to lift a paw gently toward the user’s character for a sweet interaction.

Use atmospheric depth: lighter colors and thinner outlines for background elements. 
Add a soft golden sunbeam illuminating the central characters to enhance the warm, magical storybook feeling."
Chocolate_spread_jar,5,4,3,False,True,Chocolate_spread_jar_202604061447.jpeg | Chocolate_spread_jar_202604061447_2.jpeg | Chocolate_spread_jar_202604061448.jpeg | Chocolate_spread_jar_202604061448_2.jpeg | Chocolate_spread_jar_202604061448_3.jpeg,"Create an ultra-realistic premium chocolate spread jar packaging mockup featuring the reference person inside the label scene, with dynamic brand typography styling and full breakfast table visibility.

Identity Preservation (Strict Identity Lock):
- Preserve the exact facial identity, proportions, hairstyle, and expression from the reference photo.
- Do not alter facial structure or change the subject into any other known person.
- Maintain 100% identical appearance as in the reference image.

Subject:
- Fully photorealistic human (no illustration look).
- Subject occupies no more than 55% of label height.
- Placed slightly deeper in the scene to allow full table visibility.
- Naturally seated at breakfast table holding toast with chocolate spread.
- Warm natural expression consistent with real-life breakfast moment.
- Real skin texture, natural pores, accurate lighting response.

Scene:
- Entire breakfast table must be fully visible. No food items cropped. Clear foreground table edge. Balanced spatial depth between subject and table.
- Food items: Plate with chocolate toast, open chocolate spread jar, fruit bowl, glass of orange juice, additional breakfast elements.
- Background: Soft warm kitchen environment integrated into label with realistic depth.

Product:
- Premium chocolate spread jar mockup.
- Rich glossy chocolate texture inside jar, realistic glass reflections, subtle studio highlight rolloff, natural grounded shadow under jar.

Label Design:
- Brand name: [Nubrilla]
- Automatically style first character of [brand_name] in black (#000000) and all remaining characters in red (#E10600).
- Bold rounded sans-serif similar to premium chocolate spread branding, heavy weight, tight commercial kerning, straight horizontal baseline.
- Subtle micro ink texture, matte label with slight light absorption, apply subtle horizontal distortion following jar curvature. Text must appear printed on the label, not floating above it.
- Brand name placed in upper third of label, behind the subject, never overlap the face or head, fully readable despite depth layering.

Art Direction:
- Premium supermarket-ready packaging photography.
- Warm, authentic, inviting breakfast branding.
- Soft natural morning tones with controlled highlights.
- Indistinguishable from real commercial product photo.

Camera & Lighting:
- Commercial product photography, 50mm full-frame equivalent, f/8, slightly tilted dynamic presentation angle.
- Wide enough framing to include entire table scene inside label.
- Soft studio lighting mimicking natural morning light, front-side soft key light, soft controlled shadows, no harsh contrast.
- Jar fully sharp, subtle background blur.

Negative Constraints: No original Nutella logo, no floating text, no cartoon style, no text overlapping face, no watermark."
Cleopatra_sitting_on,1,1,2,True,False,Cleopatra_sitting_on_202604061447.jpeg,"Cleopatra sitting on the throne. A highly detailed, full body painting with open arms, holding a scepter, hyper-realistic of an amazing goddess, trending on artstation, sharp focus, studio photo, intricate detail, highly detailed, by Tvera and wlop and artgerm and greg rutkowski, crazy detail, oil on canvas, moody, mysterious, mystery, art station, sharp focus, cinematic lighting, studio photo, intricate detail, highly detailed, concept art"
Close-up_macro_portrait,1,1,3,True,False,Close-up_macro_portrait_202604061447.jpeg,"Create an ultra-realistic macro close-up of an Israeli gold coin. The coin features a side profile portrait of [the attached figure], engraved in detail with a gilded metal texture, fine scratches, and wear marks that give it an authentic look. Surrounding the portrait is a prominent Hebrew inscription: at the top are the words '[State of Israel] and 'Adi Brill]', and at the bottom is the value '[50] New Shekels'. The menorah symbol appears in small print at the top. The background is pitch black. Dramatic side lighting emphasizes the prominence and depth of the engraving."
Close-up_portrait_of,1,1,2,True,True,Close-up_portrait_of_202604061446.jpeg,"Create an ultra-realistic macro close-up of an Israeli gold coin. The coin features a side profile portrait of [the attached figure], engraved in detail with a gilded metal texture, fine scratches, and wear marks that give it an authentic look. Surrounding the portrait is a prominent Hebrew inscription: at the top are the words '[State of Israel] and 'Adi Brill]', and at the bottom is the value '[50] New Shekels'. The menorah symbol appears in small print at the top. The background is pitch black. Dramatic side lighting emphasizes the prominence and depth of the engraving."
Collage_of_vintage,2,2,2,True,True,Collage_of_vintage_202604061447.jpeg | Collage_of_vintage_202604061447_2.jpeg,"a vibrant pop-art illustration of a stylish woman in a dynamic pose | bold orange background with black polka dots over a white graphic layer | collage-style composition with torn magazine cutouts, retro textures, and quirky comic-style speech bubbles | exaggerated movement and playful expression | vivid daylight illumination with crisp shadows | bright, saturated color palette mimicking a photo taken with a Canon EOS R5 and 35mm f/1.8 lens | fun, high-energy atmosphere with bold outlines and vintage flair --ar 3:4 --v 7.0 --raw "
Collectible_figure_in,7,2,2,False,True,Collectible_figure_in_202604061447.jpeg | Collectible_figure_in_202604061447_2.jpeg | Collectible_figure_in_202604061447_3.jpeg | Collectible_figure_in_202604061447_4.jpeg | Collectible_figure_in_202604061448.jpeg | Collectible_figure_in_202604061448_2.jpeg | Collectible_figure_in_202604061448_3.jpeg,"Create a hyper-realistic 4K collectible figure inside a bright yellow cardboard display box with a clear plastic window in the front.
Replace the figure’s face with the human eyes and facial features taken from the uploaded external image.
The character is an original design called 'Nano Banana 2': a small stylized doll with tiny cartoonish legs, wearing bold red Nike Air sneakers.
Add a Santa-themed banana hat: a peeled banana shaped like a Santa hat, with the banana peel opening naturally around the head like stylized petals.
Place a custom artistic logo on the box titled 'Nano Banana 2' in a unique, creative font.
Set the box on a luxurious wooden store shelf.
Behind it, a modern TV screen displays animated Nano Banana branding.
Use ultra-detailed textures, dramatic cinematic product-display lighting, and extremely sharp 4K hyper-realism.
Preserve the holiday Santa atmosphere throughout the scene."
Colorful_oil_paint,2,2,3,True,True,Colorful_oil_paint_202604061447.jpeg | Colorful_oil_paint_202604061447_2.jpeg,"Create Transform the provided image into a hand-painted, cinematic illustration in the style of classic movie posters from the 1980s and early 1990s. The artwork should appear as a realistic acrylic or oil painting, featuring expressive brushstroke textures, dramatic highlights, and warm, contrasting tones that evoke nostalgia and epic storytelling.

Desired characteristics:
– Art style inspired by legendary poster artists such as Drew Struzan and Richard Amsel.
– Vibrant colors, dynamic accent lighting, and cinematic shadows that add depth and emotion.
– The character should display confidence and charisma, striking a cinematic pose reminiscent of a timeless movie protagonist - equally suited to any gender.
– The background should incorporate narrative elements - such as ancient relics, sleek sports cars, glowing cityscapes at night, magical energy, starry skies, or dynamic lighting effects - depending on the theme.
– Artistic typography may be subtly implied in the composition, but with no legible text.

The final result should feel like an authentic poster for an adventure, fantasy, or comedy film from the 1980s, blending realistic painting, heroic yet inclusive composition, and nostalgic vintage cinema atmosphere.

Visual inspirations:
Back to the Future, Indiana Jones and the Temple of Doom, The Goonies, E.T. the Extra-Terrestrial, Blade Runner, The Thing, Harry Potter, Return of the Jedi."
Colossal_woman_under,2,2,2,True,False,Colossal_woman_under_202604061447.jpeg | Colossal_woman_under_202604061447_2.jpeg,"""A colossal woman standing in a city street, appearing to be 'under construction' with scaffolding surrounding her body."",
      ""aesthetic"": ""Hyper-realistic composite, cinematic, urban fantasy.""
    },
    ""subject_details"": {
      ""celebrity_likeness"": ""Taylor Swift."",
      ""features"": {
        ""face"": ""Blue eyes, signature red lipstick, distinct facial structure."",
        ""hair"": ""Golden blonde, long, wavy texture cascading over shoulders.""
      },
      ""apparel"": {
        ""dress"": ""Black satin slip dress with a deep V-neck and a high slit on the right thigh."",
        ""accessories"": ""Holding a standard white disposable coffee cup in the right hand. Carrying a brown leather luxury handbag in the left hand."",
        ""footwear"": ""Bare feet or heels (obscured by street debris/cracks).""
      }
    },
    ""surreal_elements"": {
      ""scaffolding"": ""Intricate metal construction scaffolding structures built around her arms, torso, and legs, following the contour of her body."",
      ""miniatures"": ""Tiny construction workers in yellow hard hats and high-vis vests climbing the scaffolding on her body."",
      ""destruction"": ""The asphalt street beneath her feet is cracking and shattering under the immense weight, creating a crater pattern.""
    },
    ""exact_pose_anatomical"": {
      ""posture"": ""Standing tall with a slight contrapposto (weight shifted to one hip)."",
      ""orientation"": ""Front-facing, towering over the viewer/city."",
      ""right_arm"": ""Bent at the elbow, raised to hold the coffee cup at chest level."",
      ""left_arm"": ""Extended downwards holding the handbag."",
      ""gaze"": ""Direct, calm eye contact with the camera."",
      ""scale"": ""Subject appears to be approximately 50 stories tall, matching the height of surrounding skyscrapers.""
    },
    ""environment"": {
      ""location"": ""Avenue in a major metropolis (resembling Chicago or NYC)."",
      ""elements"": ""Skyscrapers flanking both sides, busy traffic with miniature yellow taxis and buses way below."",
      ""perspective"": ""Aerial view relative to the city, but eye-level relative to the subject.""
    },
    ""camera_technical_values"": {
      ""lens"": ""35mm (Wide angle to capture the full scale of the subject against the skyline)."",
      ""aperture"": ""f/11 (Deep depth of field to keep both the giant subject and the city background relatively sharp)."",
      ""shutter_speed"": ""1/500s."",
      ""iso"": ""ISO 100."",
      ""resolution"": ""8k, high fidelity textures.""
    },
    ""lighting_setup"": {
      ""source"": ""Natural Daylight."",
      ""quality"": ""Soft, diffused sunlight (slightly overcast)."",
      ""direction"": ""Overhead/Frontal."",
      ""shadows"": ""Subject casts a massive, long shadow onto the city streets below."""
Composite_subjects_into,2,2,2,True,True,Composite_subjects_into_202604061447.jpeg | Composite_subjects_into_202604061448.jpeg,"**IDENTITY PRESERVATION IS THE HIGHEST PRIORITY.** You are a photo compositing tool. You have been given images of SUBJECTS.

**YOUR TASK:**
Composite the SUBJECTS into a single, photorealistic group selfie.

**NON-NEGOTIABLE RULES:**
1. **IDENTITY:** Preserve exact facial features from the uploaded images, no alterations, no artistic reinterpretation. Maintain true identity: same bone structure, same eyes, same nose, same mouth, no changes to hairstyle or face shape. Skin texture, wrinkles, beard, and micro-expressions must match the uploaded images exactly. No AI beautification, no smoothing, no style changes on the face. The final image must contain the **EXACT SAME PEOPLE**. Any deviation is a failure.
2. **STYLE:** The composition must be a group selfie, viewed from an arm's-length perspective as if one subject is holding the camera.
3. **BACKGROUND:** The background should be a beautiful, sunny beach during the golden hour with soft waves in the distance.
4. **INTEGRATION:** Blend the subjects realistically with the background, matching lighting and shadows.

This is a technical task, not an artistic interpretation. Your success is measured by how accurately you replicate the people."
Contemporary_art_exhibition,6,6,3,True,False,Contemporary_art_exhibition_202604061447.jpeg | Contemporary_art_exhibition_202604061447_2.jpeg | Contemporary_art_exhibition_202604061447_3.jpeg | Contemporary_art_exhibition_202604061448.jpeg | Contemporary_art_exhibition_202604061448_2.jpeg | Contemporary_art_exhibition_202604061448_3.jpeg,"An avant-garde contemporary art exhibition space themed around the reference image.
The entire exhibition hall (20.0 m x 20.0 m x 8.0 m) integrates architecture, lighting, flooring, walls, 
and ceiling into the artistic expression.

At the far end of the hall stands a massive wall 20 meters wide and 8 meters high.
In the center of this wall, the theme from the reference image is presented in a monumental artistic form.
The image is vivid and three-dimensional, rising toward the viewer, becoming the focal point of the entire space.

A system-generated exhibition title plaque is installed below the central wall.
The title must be abstract, symbolic, and poetic, and must reflect a contemporary artwork.
No price display is provided.

The floor is polished granite with a reflectance of 0.35–0.40.
Patterns and light derived from the reference image cascade across the surface of the work,
resonating with the entire space as if responding to the footsteps of visitors.
Tactile paving bricks are in a similar color, seamlessly integrated, but only 5 mm high, providing a clear texture.
The work extends in a straight line from the entrance to the wall, creating a pause point before the artwork.
After viewing, visitors are naturally guided to an opening on the right side (3 m wide x 3 m high).
In emergencies, floor-level emergency lighting ensures illumination of 1 lux.

The left and right walls and the ceiling each reinterpret an abstract element from the reference image,
transforming the entire space into a single artwork.
The flow of color, form, and light unifies the experience into an artistic whole.

Visitor capacity is limited to 8–25 people.
All visitors face the large wall, moving in a straight line and pausing at the designated point.
No one looks back toward the entrance.
Only one staff member is stationed near the right-side entrance beside the wall.
All faces are blurred to ensure anonymity.

The composition is stable, with the central vanishing point always aligned with the center of the wall.
Verticality is within ±0.5°.
Floor reflections are precise, human figures appear natural.
Hands always show five fingers, eyes are symmetrical within a 3% margin.
Fabrics remain flat with no deformation.

Forbidden content: Elements unrelated to the reference image, missing or broken tactile paving,
visitors facing the entrance, logos or watermarks, overcrowding, toy-like gloss, 2D flat projections,
neon glow, teal-orange tones, oversaturation, perspective collapse, mismatched reflections,
anatomical anomalies, extra limbs, distorted faces, excessive outlines, banding, or vignetting.

DoD: The entire venue will be a contemporary artwork centered on the theme of the reference image,
with the innermost structure forming a unified experience.
The tactile paving synchronizes perfectly with the flow of light, creating a clear pause point.
Visitors are immersed in the space itself, and even in reproduction, SSIM will remain stable at 0.95 or above."
Convert_image_to,2,2,1,True,True,Convert_image_to_202604061447.jpeg | Convert_image_to_202604061448.jpeg,"Convert this person into a retro vintage grainy but bright image, black party-wear saree, 90s film aesthetic. She is standing against a solid, deep wall with dramatic shadows and contrast, creating a mysterious and artistic atmosphere. The environment feels windy and romanticised. Lighting is warm, with golden sunset tones evoking golden hour glow. The background is minimalist and slightly textured. Her expression is moody, calm, yet subtly happy and introspective"
Convert_line_art,5,6,3,False,True,Convert_line_art_202604061447.jpeg | Convert_line_art_202604061447_2.jpeg | Convert_line_art_202604061447_3.jpeg | Convert_line_art_202604061448.jpeg | Convert_line_art_202604061448_2.jpeg,Convert line art to casual doodle style drawing
Convert_photo_to,4,2,1,False,True,Convert_photo_to_202604061446.jpeg | Convert_photo_to_202604061446_2.jpeg | Convert_photo_to_202604061447.jpeg | Convert_photo_to_202604061448.jpeg,"Convert this person into a retro vintage grainy but bright image, black party-wear saree, 90s film aesthetic. She is standing against a solid, deep wall with dramatic shadows and contrast, creating a mysterious and artistic atmosphere. The environment feels windy and romanticised. Lighting is warm, with golden sunset tones evoking golden hour glow. The background is minimalist and slightly textured. Her expression is moody, calm, yet subtly happy and introspective"
Convert_photo_top-down,2,2,2,True,True,Convert_photo_top-down_202604061446.jpeg | Convert_photo_top-down_202604061448.jpeg,"Convert uploaded photo into ultra-wide 10mm fisheye portrait from dramatic high top-down angle with strong perspective distortion (larger head, compressed body). Add black oversized sunglasses and plain white cap, right hand adjusting cap, confident upward gaze. Color-block puffer jacket (burnt orange/cream/brown), white tee, white sneakers. Bold terracotta studio background, smooth gradient, high contrast, sharp editorial lighting"
Cosplayer_holding_figurine,1,1,3,True,False,Cosplayer_holding_figurine_202604061447.jpeg,"Erase the background and replace the characters with the following:

Cosplayers and Character Goods

Character/Motif:
Character goods based on the illustration

Hairstyle, Eyes, and Appearance:
(Focus on merchandise, not the character itself.)

Main Character: A cosplayer is holding a figurine in the center of the screen.

Location:
Comic Market (a doujinshi sales event).
A spacious booth is filled with merchandise lined up on tables and shelves. The atmosphere is filled with excitement and anticipation.

Merchandise Lineup:
• A large, approximately 100cm figure is displayed in the center of the booth, creating an eye-catching display.
• The character is displayed on an 80-inch LCD panel.
• Acrylic Stands
• Chibi Figures (Deformed)
• Body Pillows (Large, Full-Length Character Print)
• Jigsaw Puzzles (Using Character Artwork)
• Stationery (Notebooks, Pens, Clear Files, etc.)
• Desk Pads
• Plush Toys (Deformed)
Exhibition/Display:
• Goods neatly arranged throughout the booth, creating a unified look.
• Utilizing desks and shelves reminiscent of doujinshi sales events, the layout encourages fans to pick up items.
• With the energy of the visitors as a backdrop, the venue is presented as a special ""fan sanctuary.""
Overall Tone:
A dreamlike sales space.
While emphasizing cuteness and pop, the space evokes the unique enthusiasm of doujin events and the feeling of a ""sanctuary for fan activities.""
Swarms of people.

Image Quality:
Photorealistic, 4K (4000px x 3000px)"
Create_ID_photo,1,1,0,True,True,Create_ID_photo_202604061448.jpeg,"Erase the background and replace the characters with the following:

Cosplayers and Character Goods

Character/Motif:
Character goods based on the illustration

Hairstyle, Eyes, and Appearance:
(Focus on merchandise, not the character itself.)

Main Character: A cosplayer is holding a figurine in the center of the screen.

Location:
Comic Market (a doujinshi sales event).
A spacious booth is filled with merchandise lined up on tables and shelves. The atmosphere is filled with excitement and anticipation.

Merchandise Lineup:
• A large, approximately 100cm figure is displayed in the center of the booth, creating an eye-catching display.
• The character is displayed on an 80-inch LCD panel.
• Acrylic Stands
• Chibi Figures (Deformed)
• Body Pillows (Large, Full-Length Character Print)
• Jigsaw Puzzles (Using Character Artwork)
• Stationery (Notebooks, Pens, Clear Files, etc.)
• Desk Pads
• Plush Toys (Deformed)
Exhibition/Display:
• Goods neatly arranged throughout the booth, creating a unified look.
• Utilizing desks and shelves reminiscent of doujinshi sales events, the layout encourages fans to pick up items.
• With the energy of the visitors as a backdrop, the venue is presented as a special ""fan sanctuary.""
Overall Tone:
A dreamlike sales space.
While emphasizing cuteness and pop, the space evokes the unique enthusiasm of doujin events and the feeling of a ""sanctuary for fan activities.""
Swarms of people.

Image Quality:
Photorealistic, 4K (4000px x 3000px)"
Create_caricature_of,4,4,1,True,True,Create_caricature_of_202604061447.jpeg | Create_caricature_of_202604061448.jpeg | Create_caricature_of_202604061448_2.jpeg | Create_caricature_of_202604061448_3.jpeg,"Use the uploaded reference image as the absolute source for facial identity.

CRITICAL IDENTITY LOCK:
The face must be a highly realistic, 1:1 reproduction of the person in the reference image. Maintain exact facial structure, skin texture, eye color, and natural expression. DO NOT apply caricature distortions to the facial features (no exaggerated eyes, no cartoonish nose, no over-plumped lips on the face itself). The realism of the face must contrast sharply with the exaggerated body.

CONCEPT:
Create a humorous, over-the-top high-fashion caricature of a glamorous socialite, where the body is a caricature but the face remains hyper-realistic.

Caricature Body & Proportions:

Neck: Extremely elongated, elegant, and swan-like.

Torso: Tiny, tapered ""wasp"" waist with dramatic, humorous proportions.

Silhouette: Ultra-slim, tall, and gangly legs.

Pose: A smug, overly glamorous, red-carpet runway pose.

Outfit & Accessories:

A form-fitting, ultra-high-fashion designer suit with dramatic, cartoon-like proportions.

Glossy, high-end dress shoes.

Oversized luxury sunglasses (pushed up or held to ensure the realistic face is visible).

A tiny dog tucked inside an extravagant designer handbag.

Scene:

A chaotic Red Carpet event.

Character surrounded by bright, flashing paparazzi lights and popping bulbs.

Glamorous, celebrity-obsessed atmosphere with high-gloss highlights and deep shadows.

Style:

A ""Realistic Face on Caricature Body"" aesthetic.

Sharp, polished, fashion-editorial energy.

Vivid lighting and high-drama red-carpet sparkle.

Clean rendering with professional digital art finish."
Create_fashion_portrait,1,1,2,True,True,Create_fashion_portrait_202604061447.jpeg,"East asian krean beautiful young woman, calm confident expression, subtle smirk, short white bob haircut, black lipstick, sharp eyeliner, tattoos on neck, buxom body, wearing sleeveless low neck bodycon blackdress, gothic elegant fashion, multiple ear piercings background dark studio, cinematic rim lighting, high contrast light and shadow, smoky atmosphere, professional portrait, full-body shot, soft diffused lighting, moody tone, ultra-detailed, realistic, 8k, masterpiece"
Create_fictional_constellations,2,2,2,True,False,Create_fictional_constellations_202604061448.jpeg | Create_fictional_constellations_202604061448_2.jpeg,"Create an image depicting fictional constellations using the original image as a reference.
- A photorealistic starry sky. This is maintained even if the original image is anime-style.
- People, animals, and objects extracted from the original image are placed transparently against the starry sky background. In this case, the extracted target should be a single motif that is the main theme. Also, only one image should be placed.
- The character design, style, and taste of the original image are faithfully reproduced. The background of the original image can be ignored.
- An imaginary constellation is created based on the placed motif. This constellation is made up of approximately 5 to 10 stars.
- The pose of the original image is analyzed, and the stars belonging to the constellation are appropriately positioned in distinctive parts.
- The stars belonging to the constellation are highlighted, and the stars are connected with glowing lines."
Create_manga_panel,2,2,2,True,True,Create_manga_panel_202604061447.jpeg | Create_manga_panel_202604061448.jpeg,"Using the user-uploaded image as the primary visual reference, generate a cohesive 3×3 image grid (nine panels total).

CORE CONCEPT:
The nine panels together form a short cinematic visual story.
All panels must depict the same character(s), environment, and universe established by the reference image.
Maintain strict consistency in:
- character identity (face, body, hairstyle)
- clothing and accessories
- art style and rendering quality
- color palette and lighting logic

STORY STRUCTURE:
The grid should read naturally from left to right, top to bottom, like film storyboards or a manga page.
Each panel represents a distinct moment, emotion, or action beat.
There should be a clear sense of progression, not repetition.

PANEL DIRECTION (GUIDELINE):

1. Anchor Frame – use the original uploaded image as-is, establishing character, style, and environment.
2. Reframed Presence – same moment as Panel 1 but with a different crop or angle, showing posture or silhouette.
3. Emotional Close-up – focus on face or key detail, highlighting expression or mood.
4. Perspective Shift – side view, back view, or over-the-shoulder, showing subtle narrative progression.
5. Key Moment – central narrative or emotional focal point of the story.
6. Dynamic Action – character movement, interaction, or dynamic pose.
7. Quiet Aftermath – calm moment after the action, reflection, or pause.
8. World Detail – environment, objects, lighting, or atmosphere, may include partial character.
9. Resolution / Open Ending – final emotional state or symbolic conclusion, leaving a lasting impression.

CAMERA & COMPOSITION:
- Vary camera angles (wide, medium, close-up, low-angle, top-down)
- Use cinematic framing and depth of field
- Avoid repeating identical compositions
- Subtle changes in time, motion, or emotion across panels

VISUAL QUALITY:
- High detail, sharp focus
- Cohesive cinematic lighting
- Natural shadows and realistic or stylistically consistent materials
- No text, no subtitles, no speech bubbles
- No visible borders or frames between panels

FINAL OUTPUT:
A clean, evenly spaced 3×3 grid that feels like keyframes from a short film or a manga chapter.
The result should feel intentional, emotional, and story-driven.
"
Create_merchandise_using,2,2,1,True,True,Create_merchandise_using_202604061446.jpeg | Create_merchandise_using_202604061448.jpeg,Create merchandise using this character image.
Create_model_sheet,2,2,2,True,False,Create_model_sheet_202604061446.jpeg | Create_model_sheet_202604061448.jpeg,Cut out each component and create a model sheet that retains the hologram.
Create_movie_poster,6,4,2,False,True,Create_movie_poster_202604061447.jpeg | Create_movie_poster_202604061448.jpeg | Create_movie_poster_202604061448_2.jpeg | Create_movie_poster_202604061448_3.jpeg | Create_movie_poster_202604061448_4.jpeg | Create_movie_poster_202604061448_5.jpeg,"Analyze the uploaded photo and detect the subject, mood, and atmosphere. 
Automatically classify the photo into a suitable movie genre (romance, action, mystery, horror, etc.). 

Based on the detected genre and mood, generate all the following elements in English: 
- A cinematic movie title (impactful, authentic to the genre). 
- A short tagline or catchphrase (1–2 lines, dramatic or emotional). 
- A credit block at the bottom (with fake names for director, producer, music, etc., styled like real movie posters). 
- A release note such as “COMING SOON” or “In Theaters 2025.” 

Overlay these elements on the image in a movie-poster style layout: 
- Place the title prominently in the center or lower third. 
- Place the tagline above or below the title. 
- Add a credit block at the bottom in small text. 
- Add the release note at the bottom center. 

Finally, add the starring section at the bottom, always formatted as: 
“Starring: ” 

Typography should be bold, dramatic, and genre-appropriate. 
The final result must look like a genuine movie poster ready for theaters, with all elements harmonized to the photo’s mood."
Create_pose_sheet,7,8,2,False,True,Create_pose_sheet_202604061447.jpeg | Create_pose_sheet_202604061447_2.jpeg | Create_pose_sheet_202604061447_3.jpeg | Create_pose_sheet_202604061448.jpeg | Create_pose_sheet_202604061448_2.jpeg | Create_pose_sheet_202604061448_3.jpeg | Create_pose_sheet_202604061448_4.jpeg,"Please create a pose sheet for this illustration, making various poses!"
Create_professional_LinkedIn,2,2,2,True,True,Create_professional_LinkedIn_202604061448.jpeg | Create_professional_LinkedIn_202604061448_2.jpeg,"CREATE a professional LinkedIn headshot based on the uploaded reference image of the user.

Preserve facial structure, hairstyle, skin tone, and natural expression from the reference image.
Do NOT keep the original clothing. Replace it with professional business attire suitable for LinkedIn:
a tailored light blazer over a neutral blouse, or a business suit jacket in navy/black/cream tones,
with no logos or patterns. The outfit must look polished, elegant, and appropriate for a professional headshot.

Background: clean and professional – solid light gray, soft white gradient, or a subtle minimalist office,
blurred to keep the focus on the subject. Do not use the original photo background.

Camera: full-frame portrait, 85mm f/2.8 lens, chest-up framing, face ~60% of frame, 1:1 aspect ratio.
Lighting: soft, even (clamshell or Rembrandt style), natural catchlights, no harsh shadows.
Expression: approachable confidence – slight smile, relaxed posture, shoulders open, gaze directly at camera.

Skin: keep natural texture and micro-details (pores, fine lines, natural glow), no over-smoothing.
Color grading: neutral cinematic palette, accurate skin tones, soft contrast, realistic highlight roll-off.
Depth of field: soft blur in background for subject separation.

Reference image guides likeness → faithfully reproduce unique features, not generic.

Negative prompt: casual clothing, T-shirts, distracting patterns, waxy skin, busy background,
plastic look, caricature style, cartoon filters, harsh HDR."
Crowd_motion_blur,2,2,3,True,False,Crowd_motion_blur_202604061447.jpeg | Crowd_motion_blur_202604061447_2.jpeg,"cinematic portrait photography, motion blur crowd effect, urban stillness aesthetic, modern editorial style, minimal fashion mood, emotional realism, street photography vibes, fine art portrait, contemporary visual storytelling, high fashion editorial look, moody color grading, depth and motion contrast, subject isolation technique, viral visual composition, cinematic framing, artistic photography style."
Cyberpunk_assassin_with,2,2,2,True,False,Cyberpunk_assassin_with_202604061447.jpeg | Cyberpunk_assassin_with_202604061448.jpeg,"A cyberpunk female assassin stands in the pouring rain, gripping a glowing red katana as neon lights reflect off the wet pavement. Her slick, drenched black outfit clings to her form while her futuristic goggles emit intense red illumination, casting a sharp glow across her face. Strands of wet hair frame her cold, focused expression as she prepares for confrontation. Behind her, a blurred figure approaches through teal and crimson bokeh, heightening the tension. Ultra-realistic lighting, dramatic rain streaks, high-contrast cyber-noir atmosphere, deep shadows, reflective surfaces, cinematic composition."
Death_Star_model,2,2,3,True,False,Death_Star_model_202604061447.jpeg | Death_Star_model_202604061447_2.jpeg,"Do this for Death Star: <instruction>
1. The Semantic Inference Engine (The Masterpiece):  
Input A is a Famous Building, City, or Fictional Structure (e.g., The Colosseum, Hogwarts, The Death Star).
Analyze the subject to determine the   Model Aesthetic  :
   The Material:  Identify the primary modeling medium.
   (e.g., Ancient Ruins -> Plaster/Clay. Modern City -> White Foamcore/Acrylic. Fantasy -> Wood/Moss).
   The Blueprints:  Identify the reference documents on the table.
   (e.g., Vintage Parchment Maps vs. Blue Cyanotypes vs. Digital CAD printouts). 
2. The Workshop :
Goal: ""Cinematic Artisan"" Portrait.
The Room: A cluttered, high-ceilinged Model Maker's Studio. Wooden shelves line the walls, filled with ""Previous Projects"" (other models in the same genre).
The Character: an input inspired maker character wearing a relevant apron and an appropriate Visor or protective tool
The Table: A scarred wooden workbench covered in scale modeling tools: X-Acto knives, glue bottles, sanding blocks, and sawdust.
3. The Narrative :
The Pose: The craftsman is leaning in close to the ""Model"" (Input A), which sits centrally on the table.
The Interaction: He is delicately placing a Tiny Detail Component onto the structure using tweezers or his fingers.
(e.g., Planting a miniature tree, placing a tiny flag, or gluing a microscopic figure).
The Scale: The model looks grand but miniature; the human hands look massive and weathered in comparison.
4. Lighting & Atmosphere:
Lighting: Volumetric God Rays (Tyndall Effect). A strong, singular shaft of warm sunlight streams in from a high window (top left/center), illuminating the floating dust particles and spotlighting the model.
Contrast: The workshop corners are in deep shadow; the work surface is bright.
Palette: Warm, dusty Earth Tones (Browns, Golds, Beiges).
Output: ONE image, 16:9 Aspect Ratio, Cinematic Photography, ""National Geographic"" aesthetic, Volumetric Lighting.
</instruction>"
Design_comic_convention,2,2,3,True,False,Design_comic_convention_202604061447.jpeg | Design_comic_convention_202604061448.jpeg,"Design comic convention booth ""Brill.ai""  and exhibition space"
Design_convention_booth,6,6,3,True,False,Design_convention_booth_202604061447.jpeg | Design_convention_booth_202604061447_2.jpeg | Design_convention_booth_202604061448.jpeg | Design_convention_booth_202604061448_2.jpeg | Design_convention_booth_202604061448_3.jpeg | Design_convention_booth_202604061448_4.jpeg,Design comic convention booth and exhibition space
Detective_story_missing,3,4,3,False,False,Detective_story_missing_202604061447.jpeg | Detective_story_missing_202604061448.jpeg | Detective_story_missing_202604061448_2.jpeg,Create an addictively intriguing 12 part story with 12 images with these two characters in a classic black and white film noir detective story. Make it about missing treasure that they get clues for throughout and then finally discover. The story is thrilling throughout with emotional highs and lows and ending on a great twist and high note. Do not include any words or text on the images but tell the story purely through the imagery itself.
Digital_ID_card,1,1,2,True,False,Digital_ID_card_202604061447.jpeg,"Create a hyper-realistic photograph of a futuristic transparent digital ID card held in hand. The card displays a portrait of the person from the uploaded reference image - keeping the EXACT SAME FACE, identity, proportions, skin texture, expression, and all natural facial details with zero changes or reinterpretation. No gender or age is altered - the portrait must match the reference image exactly. The ID card has a masculine tech aesthetic featuring electric blue, silver, graphite, and subtle neon-glow accents. Use cinematic lighting, natural photographic shadows, and a shallow 85mm depth-of-field for realism. Design elements on the card: A sharp glowing ring framing the portrait. Name: [Adi Brill] Title: [Digital Content Creator] A stats section with clean futuristic tech icons showing: 296K Followers 3 Years Experience [AI Specialist] Transparent glass-tech card design with sleek UI lines, micro-circuits, scanning graphics, and a refined modern masculine vibe. The person is styled in a black–gray futuristic suit, tailored and realistic, matching the overall aesthetic. Add a small neon-pink wolf watermark in the bottom-right corner with the semi-transparent text: “Created by [sagi]”, subtly glowing but still visible. Render the entire scene as a realistic cinematic photograph - crisp lighting, natural reflections, flawless clarity, no cartoon look, no distortions, and no alteration of the face from the reference image. IMPORTANT: The portrait on the ID must use the EXACT SAME FACE from the uploaded reference photo - same structure, same micro-details, same realism - perfectly integrated into the futuristic card."
Digital_illustration_surreal,2,2,3,True,False,Digital_illustration_surreal_202604061447.jpeg | Digital_illustration_surreal_202604061447_2.jpeg,"Transform this image into a digital illustration with a surreal, geometric art style. Apply glitch textures, abstract shapes, and cinematic composition. Use the original photo’s lighting and color palette to guide the atmosphere, while reimagining the scene in a stylized, dreamy, retro-futuristic way. "
Diorama_shop_with,1,2,2,False,False,Diorama_shop_with_202604061446.jpeg,"Tiny diorama shop for Brill.ai. Roof made of oversized ""Brill.ai"", big Brill.ai logo sign above the window, vendor handing a ""Brill.ai"" to a customer, ground covered with many ""Brill.ai"". Hand-made polymer-clay look, studio macro photo, soft light, shallow depth of field, vertical 3:4"
Dog_holding_newspaper,2,2,3,True,False,Dog_holding_newspaper_202604061446.jpeg | Dog_holding_newspaper_202604061447.jpeg,"The breed of dog which biden had as a pet holding up a newspaper with the top headline from october 1st 2018 on a skateboard. A photo of the man/woman from the attached image, on the newspaper"
Doodle_overlay_on,2,2,2,True,True,Doodle_overlay_on_202604061447.jpeg | Doodle_overlay_on_202604061447_2.jpeg,"A cute hand-drawn doodle overlay style on the photo, including playful white line drawings around the person. Add stars, hearts, flowers, sparkles, and fun text like 'CUTE', 'SWEET LIFE', 'SO CUTE!!', 'HEY THERE!!'. The doodles should look casual, fun, and natural, enhancing the photo with a light and youthful vibe."
Double_exposure_effect,3,4,3,False,True,Double_exposure_effect_202604061447.jpeg | Double_exposure_effect_202604061447_2.jpeg | Double_exposure_effect_202604061447_3.jpeg,"Prompt: {
""image_prompt"": {
""subject"": ""Top-down aerial view of a man (from the uploaded photo) wearing a quilted mountain parka, sitting in pristine snow holding a thermal coffee mug. Double exposure effect: His jacket and body silhouette showcase rolling alpine hills at dawn, wildflower meadows, mountain goats on rocky outcrops, and a winding mountain trail leading to a sunrise peak."",
""composition"": ""Vertical 9:16. 60% Top: Subject with layered mountain landscape double exposure creating depth. 40% Bottom: Untouched powder snow with gentle terrain contours for clean calendar text area."",
""lighting"": ""Warm sunrise alpenglow illuminating the silhouette from within, soft diffused daylight on surrounding snow, atmospheric haze adding depth layers."",
""text_overlay"": {
""title"": ""2026 CALENDAR"",
""style"": ""Text embossed into weathered stone or carved into alpine wood, high-contrast typography with mountain texture."",
""grid_data"": ""3x4 grid with subtle topographic line accents.""
},
""quality"": ""8K, Photorealistic, Razor-sharp detail on face and typography, Cinematic with enhanced atmospheric perspective.""
}
}"
Dress_person_in,7,7,2,True,False,Dress_person_in_202604061446.jpeg | Dress_person_in_202604061447.jpeg | Dress_person_in_202604061447_2.jpeg | Dress_person_in_202604061448.jpeg | Dress_person_in_202604061448_2.jpeg | Dress_person_in_202604061448_3.jpeg | Dress_person_in_202604061448_4.jpeg,"Choose the person in Image 1 and dress them in all the clothing and accessories from Image 2. Shoot a series of realistic OOTD-style photos outdoors, using natural lighting, a stylish street style, and clear full-body shots. Keep the person's identity and pose from Image 1, but show the complete outfit and accessories from Image 2 in a cohesive, stylish way."
Driver_walking_pit,2,2,3,True,False,Driver_walking_pit_202604061448.jpeg | Driver_walking_pit_202604061448_2.jpeg,"Ultra high-definition, cinematic portrait of me as a Red Bull Racing F1 driver walking confidently through a pit lane. The image should appear sharp and highly detailed, with subtle cinematic grain, controlled vignetting, and rich contrast. Use a high-gloss professional motorsport aesthetic — neutral blacks, silvers, and whites, with signature Red Bull accents like deep blue, red, and yellow.
The driver is wearing official Red Bull Racing gear (full suit, gloves, boots) and holding a Red Bull helmet. His face is visible, unedited, and natural — no retouching. Skin texture must remain intact. Sunglasses optional. The lighting should highlight his facial features and gear textures realistically.
The F1 bolide behind him is a Red Bull Racing car, slightly out of focus due to shallow depth of field (85mm lens look), parked at an angle behind him in the pit lane.
Background includes blurred crew members, photographers, and a warm sun haze for cinematic flair.
The final result must evoke the energy and status of a Netflix sports documentary still or a premium racing magazine cover."
East_Asian_model,2,2,3,True,False,East_Asian_model_202604061447.jpeg | East_Asian_model_202604061447_2.jpeg,"Create a high‑resolution, full‑body studio portrait of a striking East Asian female model.

Subject: Fair, flawless skin; long dark hair; cheeky, energetic smile directed at the lens.
Pose: Seated casually on an overturned milk crate, relaxed stance, one hand holding a cartoon‑style monster plushie.
Outfit:
Oversized vibrant graphic T‑shirt.
Denim short skirt (faded blue wash, slight fraying across the hem).
black fishnet stockings underneath.
Colorful high‑top sneakers.
Background: Bright, saturated graffiti wall—orange and teal canvas with spray‑painted yellow and black lines, dynamic “RiCH” / “PRICE TAG” text, skateboards, boomboxes, and kinetic strokes.
Lighting: Bright, high‑contrast, studio burst with rim lighting to accentuate edges and create an edgy vibe.
Composition: Waist‑level shot, slight Dutch tilt, 35 mm focal length, shallow depth of field to keep the model sharp while background blurs softly.
Constraints: Keep the face exactly as in the uploaded image—no alterations, 100 % unchanged. Remove earrings."
Editorial_portrait_shots,2,2,3,True,True,Editorial_portrait_shots_202604061447.jpeg | Editorial_portrait_shots_202604061447_2.jpeg," A wildflower blooming in the desert.

Google Gemini Nano Banana Pro and Grok Imagine.

PROMPT : 
​Ultra-detailed cinematic close-up photograph, ultra-photorealistic, 8K resolution, shot on a medium format Hasselblad H6D-400c with a 100mm f/2.8 portrait lens. Impeccable sharpness combined with shallow cinematic depth of field, film-grade lighting, subtle grain, blockbuster photography look.
​Black, wet, curly hair up to the chin. Strictly preserve from the attached first photo, without distortion. Wearing black rectangular sunglasses and a black oversized voluminous blazer.
​Extreme close-up shot from a dramatic low angle looking upward, distorted perspective. In the foreground, a hand holding a delicate white wildflower slightly out of focus. The man is sitting inside a Belarus 82.1 tractor completely covered in carpet, leaning out of the side window. The tractor is parked in a vast, lifeless desert landscape stretching into the horizon.
​Heavy cloudy sky, storm-like atmosphere, soft diffused light breaking through clouds, muted color palette, desaturated cinematic tones, subtle teal-and-orange grading.
​Strong emphasis on facial micro-details, pores, skin texture, moisture on hair strands, wrinkles in the blazer fabric, carpet fibers on the tractor body. Volumetric light rays, atmospheric haze, editorial fashion photography mixed with epic movie still, IMAX-style realism, dramatic mood, hyper-detailed, ultra-sharp, 8K. "
Elsa_d&d_fantasy,2,2,2,True,False,Elsa_d&d_fantasy_202604061447.jpeg | Elsa_d&d_fantasy_202604061447_2.jpeg,"Elsa, d & d, fantasy, intricate, elegant, highly detailed, digital painting, artstation, concept art, matte, sharp focus, illustration, hearthstone, art by artgerm and greg rutkowski and alphonse mucha, hdr 4k, 8k"
Eye_with_Prada,2,2,2,True,False,Eye_with_Prada_202604061446.jpeg | Eye_with_Prada_202604061447.jpeg,"{
  ""task"": ""high_fashion_macro_eye_luxury"",
  ""output"": {
    ""type"": ""single_image"",
    ""resolution"": ""ultra_hyper_realistic_8k"",
    ""realism"": ""extreme_photographic_realism"",
    ""skin_enhancement"": ""high_end_editorial_enhancement_preserving_real_texture"",
    ""retouching"": ""luxury_beauty_retouch_not_ai_smooth""
  },
  ""composition"": {
    ""shot_type"": ""extreme_macro_close_up"",
    ""camera_angle"": ""slightly_low_side_angle"",
    ""framing"": ""tight_partial_eye_crop"",
    ""focus"": ""razor_sharp_on_iris_and_sclera"",
    ""depth_of_field"": ""ultra_shallow_macro_dof_with_soft_falloff""
  },
  ""subject"": {
    ""type"": ""human_eye"",
    ""gender"": ""female"",
    ""eye_position"": ""looking_upwards"",
    ""skin"": {
      ""texture"": ""real_skin_with_visible_pores_micro_details"",
      ""enhancement"": ""clarity_boosted_not_plastic"",
      ""finish"": ""clean_luminous_natural""
    },
    ""eye_details"": {
      ""eye_color"": ""intense_cool_hazel_with_blue_green_reflections"",
      ""iris_detail"": ""highly_defined_fibers_and_radial_patterns"",
      ""sclera"": ""clean_bright_off_white_realistic"",
      ""capillaries"": {
        ""visibility"": ""sharp_and_crisp"",
        ""pattern"": ""organic_blood_vessels""
      },
      ""moisture"": ""high_gloss_natural_tear_film""
    },
    ""eyelashes"": {
      ""detail"": ""ultra_defined_individual_strands"",
      ""contrast"": ""slightly_emphasized""
    }
  },
  ""branding"": {
    ""brand"": ""Adi Brill"",
    ""logo_formation"": {
      ""method"": ""capillaries_forming_prada_logo_inside_the_eye"",
      ""integration"": ""biological_and_seamless"",
      ""placement"": ""lower_sclera"",
      ""visibility"": ""clearly_readable_but_organic""
    },
    ""constraints"": [
      ""no_text_overlay"",
      ""no_graphic_logo"",
      ""no_typography""
    ]
  },
  ""lighting"": {
    ""type"": ""bright_high_fashion_macro"",
    ""key_light"": ""large_softbox_front_high_intensity"",
    ""fill_light"": ""clean_balanced_fill"",
    ""rim_light"": ""subtle_cool_rim_on_lashes"",
    ""exposure"": ""bright_but_not_overexposed"",
    ""contrast"": ""clean_editorial_contrast""
  },
  ""color_grading"": {
    ""style"": ""cool_luxury_editorial"",
    ""temperature"": ""cool_bias"",
    ""saturation"": ""controlled_but_vibrant_eye_color"",
    ""clarity"": ""high_microcontrast"",
    ""grain"": ""very_fine_film_grain""
  },
  ""quality_controls"": {
    ""avoid"": [
      ""cgi_eye"",
      ""overly_smooth_skin"",
      ""medical_clinical_look"",
      ""flat_lighting"",
      ""ai_symmetry"",
      ""fake_color_banding""
    ]
  }
}"
Eyes_wearing_sunglasses,2,2,3,True,True,Eyes_wearing_sunglasses_202604061446.jpeg | Eyes_wearing_sunglasses_202604061447.jpeg,"Create An ultra-realistic cinematic photo inspired by Men in Black.
In the center: the person from the reference photo, unchanged - keep every facial feature exactly as in the original (mouth, eyebrows, nose, eyes, and face shape identical). The person wears a tailored black suit, white shirt, slim black tie, and a luxury steel watch on one wrist.

They hold a silver Samsung Galaxy S25 Ultra slightly above eye level, angled downward for a natural selfie perspective, with the other hand casually in their pocket.

Flanking them:

Bugs Bunny on the left,

Daffy Duck on the right,
both dressed in matching MIB-style black suits and dark sunglasses, rendered in hyper-realistic cinematic 3D - realistic fur and feathers, subtle specular reflections, and soft rim lighting that matches the person’s lighting perfectly.

All three are facing a large vertical mirror, captured from the waist up, with faint mirror reflections visible.
Background: a high-tech Men in Black armory, filled with futuristic weapons, glowing blue consoles, metallic textures, and ambient haze.

Lighting: controlled studio lighting setup - soft frontal key light, cool blue rim lighting from behind, and cinematic contrast to emphasize depth.
Camera: 35mm full-frame lens, f/2.2 aperture, ISO 100, slight DOF focus on faces.
Color grading: Kodak Vision3 250D film emulation, balanced tones, chrome highlights, deep blacks, and cinematic LUT contrast.
Post-processing: realistic lens reflections, soft bloom on metal surfaces, mild film grain, and clean dynamic range.
Quality: 8K hyper-realistic resolution, perfect material fidelity, detailed skin texture, and full photorealism from edge to edge."
Face_formed_from,4,4,2,True,True,Face_formed_from_202604061448.jpeg | Face_formed_from_202604061448_2.jpeg | Face_formed_from_202604061448_3.jpeg | Face_formed_from_202604061448_4.jpeg,"{
""image_request"": {
""goal"": ""Create a stylized mixed-media portrait with hand-drawn elements, showing the subject eating a sufganiyah."",
""meta"": {
""image_type"": ""Mixed Media Portrait"",
""quality"": ""8K"",
""color_mode"": ""Black and White Photo with Vibrant Color Overlay"",
""style_mode"": ""mixed_media_doodle"",
""aspect_ratio"": ""4:5"",
""resolution"": ""1080x1350px""
},
""creative_style"": ""Mixed Media Art combining a classic black and white studio portrait with vibrant, playful, hand-drawn digital doodles and patterns. The style is whimsical, energetic, and pop-art inspired, blending realism with illustrative abstraction."",
""overall_theme"": ""playful artistic expression"",
""mood_vibe"": ""cheerful creative charming"",
""style_keywords"": [
""mixed media"",
""doodle art"",
""black and white photography"",
""vibrant colors"",
""pop art"",
""illustrative overlay"",
""playful"",
""patterned"",
""energetic"",
""portrait""
],
""subject"": {
""count"": ""1"",
""type"": ""male or female"",
""identity"": ""the real person from the reference photo"",
""identity_preservation"": {
""description"": ""Preserve the exact facial identity, proportions, hairstyle, and expression from the reference photo"",
""notes"": ""Do not alter facial structure or change the subject into any other known person""
},
""age_appearance"": ""match reference photo"",
""skin"": ""smooth black and white tone based on the reference image"",
""makeup"": {
""lips"": ""natural"",
""eyes"": ""natural"",
""general"": ""none""
},
""facial_features"": {
""expression"": ""use the authentic expression from the reference image"",
""eyes"": {
""gaze"": ""looking directly at viewer, matching reference"",
""intensity"": ""friendly""
},
""lips"": {
""gesture"": ""eating a sufganiyah""
}
},
""hair"": {
""length"": ""match reference photo"",
""texture"": ""match reference photo"",
""style"": ""match reference photo"",
""lighting_interaction"": {
""light"": ""studio lighting highlights"",
""shadow_play"": ""soft facial modeling""
}
},
""clothing"": {
""top"": ""same type of top visible in the reference or a simple neutral top if not visible"",
""bottom"": ""not visible"",
""full_description"": ""The clothing acts as the canvas for the art: a black base covered in colorful hand-drawn abstract patterns, stripes, and shapes (yellow collar, blue, pink, orange abstract forms)."",
""accessories"": ""none real, but drawn elements act as accessories""
},
""props"": {
""bouquet"": ""none"",
""wine_glass"": ""none"",
""other"": ""drawn yellow crown floating above head, and a hand-drawn sufganiyah with powdered sugar and jelly is being eaten by the subject""
}
},
""pose_action"": {
""description"": ""Bust portrait matching the reference pose, looking forward."",
""overall_pose"": ""standing studio portrait"",
""head_turn"": ""match reference"",
""gaze"": ""direct"",
""body_position"": ""upper body"",
""hands"": ""not visible"",
""movement"": ""static pose, dynamic art""
},
""multiple_frames_expressions"": [],
""environment"": {
""setting"": ""studio white background"",
""location"": ""studio"",
""weather"": ""n/a"",
""time_of_day"": ""n/a"",
""atmosphere"": ""fun and artistic""
},
""background"": {
""color"": ""white with colorful doodles"",
""effect"": ""plain background filled with abstract black dashes, colorful swirls (blue, pink, orange), and scribbles""
},
""lighting"": {
""type"": ""studio strobe"",
""position"": ""front"",
""direction"": ""flat flattering light"",
""intensity"": ""balanced"",
""focus"": ""subject face"",
""falloff"": ""none"",
""light_source"": ""artificial""
}
}
}"
Face_submerged_underwater,5,6,3,False,False,Face_submerged_underwater_202604061447.jpeg | Face_submerged_underwater_202604061447_2.jpeg | Face_submerged_underwater_202604061447_3.jpeg | Face_submerged_underwater_202604061448.jpeg | Face_submerged_underwater_202604061448_2.jpeg,"Create Hyper-realistic, ultra-detailed close-up portrait based precisely on the uploaded reference image (male or female version). Maintain 100% fidelity to the original facial features, gender, bone structure, and hair or skin texture.

Show only the left half of the face submerged underwater, with one eye in razor-sharp focus positioned on the far left of the 3:4 frame.
Light rays penetrate the water, producing dynamic caustic reflections and moving light streaks across the skin. Tiny suspended droplets, air bubbles, and ripples enhance the sense of depth and realism.

Use cinematic underwater lighting - soft shadows, crisp highlights, and realistic volumetric diffusion through the water column. Capture photorealistic micro-textures: visible pores, wet lips, fine eyelashes, and the natural translucency of skin through subtle subsurface scattering.

The mood is dreamlike, intimate, and surreal, blending the tranquility of water with the sharpness of human emotion.
Simulate a macro underwater lens perspective using a Nikon Z9 + Nauticam housing + 105mm f/2.8 macro lens, aperture around f/3.2 for a delicate shallow depth of field.
Preserve natural tones, realistic fluid refraction, and optical distortions from the water surface.
Rendered in 8K fidelity, calibrated for cinematic clarity and authentic physics of light underwater."
Fashion_concept_breakdown,3,4,3,False,True,Fashion_concept_breakdown_202604061448.jpeg | Fashion_concept_breakdown_202604061448_2.jpeg | Fashion_concept_breakdown_202604061448_3.jpeg,"Hand-drawn style fashion concept breakdown diagram.
Language Control (Strict):
ALL text in the image MUST be in English ONLY.
Do NOT include Chinese, Japanese, Korean, or any non-English characters.
Do NOT mix languages.
All labels, annotations, titles, and notes must be written in clean English only.

Content Restrictions (Strict):
Do NOT show underwear, lingerie, shapewear, or intimate clothing.
Do NOT include see-through or revealing garments.
Focus ONLY on outerwear and everyday fashion items.
If any underwear or intimate clothing appears, regenerate the image without it.

Center:
A full-body shot of a stylish, confident reference character (male or female), with a natural and energetic pose.
The outfit should be modern, wearable, and appropriate (e.g., t-shirt, shirt, jacket, jeans, sneakers).
The character's styling must match their gender naturally and realistically.

Surrounding: Structured layout of the character's key elements:
• Clothing layers (outerwear only) — jacket, shirt, pants, jeans, shoes
• Expression sheet — neutral, shy, surprised, focused
• Close-up shots — fabric folds, textures, skin details, hand gestures
• Lifestyle & accessories — open bag with everyday items (phone, wallet, notebook, perfume, etc.)
• Material annotations — handwritten style notes (e.g., ""cotton blend"", ""denim texture"", ""matte leather"", ""shade #520"")

Background:
Soft beige or parchment texture, sketchbook aesthetic

Lighting:
Clean, soft shadows, well-integrated illustration

Style:
Hand-drawn fashion design board, semi-realistic illustration

Output:
4K HD, clean 2D illustration, high detail"
Fashion_editorial_collage,2,2,3,True,True,Fashion_editorial_collage_202604061448.jpeg | Fashion_editorial_collage_202604061448_2.jpeg,"Create a colorful Y2K scrapbook–style poster collage with a vibrant, chaotic-yet-balanced aesthetic. The image should feel like an early-2000s magazine scrapbook filled with stickers, cutouts, doodles, and playful graphic elements. The overall style is frameless, highly artistic, visually dense, and extremely engaging.

The same young Y2K-styled woman appears multiple times throughout the collage, wearing the same outfit and hairstyle in every appearance, but shown in different poses and cutout-style compositions. Her identity must remain perfectly consistent across all instances, with full face-lock accuracy and no facial distortion or changes.

The collage includes the following scenes and poses:

A close-up shot where she forms a heart shape with her fingers

A full-body squatting pose, resting her chin on her hand while holding a white Polaroid camera

A mid-shot touching her cheek while blowing pink bubblegum

A mid-shot smiling elegantly while holding a cat

A seated pose with one eye winking and a peace sign gesture

A mid-shot holding a bouquet of daisy flowers

At the center of the composition is the main subject in a confident, playful Y2K pose. She slightly pops one hip to the side, faces the camera directly with a cute-cool expression and a subtle pout, and holds a lens-flare keychain in one hand. The vibe is candid, nostalgic, and unmistakably early 2000s.

Her outfit consists of a cropped oversized pastel sweater decorated with embroidered patches, paired with a pastel skirt and a white belt. She wears white ankle socks with colorful pastel stripes and white sneakers. Accessories include colorful plastic bracelets, chunky bright rings, and a sparkling belly chain.

Her hairstyle is a classic Y2K half-up, half-down look with wavy dark brown hair. The lower strands are tinted bubblegum pink, with thin front tendrils framing the face and pastel flower clips adding a playful touch.

The collage is packed with additional visual elements such as heart, star, and butterfly stickers, retro sparkles, Polaroid frames, neon outlines, doodle borders, and magazine-style cutout text reading “SO CUTE!”, “199X!”, and “GIRL VIBES”. The lighting is pastel and dreamy, with a glossy retro glow and holographic textures, pastel gradients, glitter accents, and playful doodles layered throughout.

Color grading is bold and cinematic with a neon Y2K palette. Lighting resembles soft on-camera flash. Skin texture appears smooth and glossy, consistent with high-end Y2K editorial imagery. The rendering is high-detail, hyperrealistic within the Y2K aesthetic, in ultra-high resolution, with a perfectly balanced and artistic composition.

Avoid anything that breaks the Y2K style. Do not include modern 2020s fashion, messy layouts, blurred faces, distorted hands, extra limbs, warped facial features, low resolution, heavy grain, muted colors, watermarks, or visible AI artifacts. The final image should feel polished, nostalgic, and authentically Y2K rather than modern or realistic in a contemporary sense."
Fashion_magazine_cover,5,3,3,False,True,Fashion_magazine_cover_202604061447.jpeg | Fashion_magazine_cover_202604061447_2.jpeg | Fashion_magazine_cover_202604061448.jpeg | Fashion_magazine_cover_202604061448_2.jpeg | Fashion_magazine_cover_202604061448_3.jpeg,"Create a cinematic portrait of the same person as in the uploaded image, sitting confidently in an elegant vintage pantene green armchair inside a luxurious 70s-inspired lounge. He is wearing a perfectly tailored dark blue three-piece suit, and brown dress shoes. A glass of whiskey rests in his right hand. His expression is thoughtful and composed, exuding power and mystery. The lighting is moody and cinematic, with a mix of cool blue and warm golden tones. On a dark wooden table beside him are a whiskey bottle, an PPK/s Stainless Walnut, illuminated by soft neon reflections. The atmosphere feels like a stylish movie scene or luxury magazine cover — elegant, atlhetic, sheereded, muscular, masculine, and modern-retro. The background is softly blurred, emphasizing the subject’s face and fashion.

Use the attached image and maintain 100% face consistency."
Fashion_mood_board,5,6,3,False,False,Fashion_mood_board_202604061447.jpeg | Fashion_mood_board_202604061447_2.jpeg | Fashion_mood_board_202604061448.jpeg | Fashion_mood_board_202604061448_2.jpeg | Fashion_mood_board_202604061448_3.jpeg,"A fashion mood board collage. Surround a portrait with cutouts of the individual items the model is wearing. Add handwritten notes and sketches in a playful, marker-style font, and include the brand name and source of each item in English. The overall aesthetic should be creative and cute."
Fashion_portrait_with,2,2,2,True,True,Fashion_portrait_with_202604061447.jpeg | Fashion_portrait_with_202604061447_2.jpeg," A wildflower blooming in the desert.

Google Gemini Nano Banana Pro and Grok Imagine.

PROMPT : 
​Ultra-detailed cinematic close-up photograph, ultra-photorealistic, 8K resolution, shot on a medium format Hasselblad H6D-400c with a 100mm f/2.8 portrait lens. Impeccable sharpness combined with shallow cinematic depth of field, film-grade lighting, subtle grain, blockbuster photography look.
​Black, wet, curly hair up to the chin. Strictly preserve from the attached first photo, without distortion. Wearing black rectangular sunglasses and a black oversized voluminous blazer.
​Extreme close-up shot from a dramatic low angle looking upward, distorted perspective. In the foreground, a hand holding a delicate white wildflower slightly out of focus. The man is sitting inside a Belarus 82.1 tractor completely covered in carpet, leaning out of the side window. The tractor is parked in a vast, lifeless desert landscape stretching into the horizon.
​Heavy cloudy sky, storm-like atmosphere, soft diffused light breaking through clouds, muted color palette, desaturated cinematic tones, subtle teal-and-orange grading.
​Strong emphasis on facial micro-details, pores, skin texture, moisture on hair strands, wrinkles in the blazer fabric, carpet fibers on the tractor body. Volumetric light rays, atmospheric haze, editorial fashion photography mixed with epic movie still, IMAX-style realism, dramatic mood, hyper-detailed, ultra-sharp, 8K. "
Fashion_shot_with,2,2,2,True,True,Fashion_shot_with_202604061447.jpeg | Fashion_shot_with_202604061447_2.jpeg,"{
  ""task"": ""high_fashion_macro_eye_luxury"",
  ""output"": {
    ""type"": ""single_image"",
    ""resolution"": ""ultra_hyper_realistic_8k"",
    ""realism"": ""extreme_photographic_realism"",
    ""skin_enhancement"": ""high_end_editorial_enhancement_preserving_real_texture"",
    ""retouching"": ""luxury_beauty_retouch_not_ai_smooth""
  },
  ""composition"": {
    ""shot_type"": ""extreme_macro_close_up"",
    ""camera_angle"": ""slightly_low_side_angle"",
    ""framing"": ""tight_partial_eye_crop"",
    ""focus"": ""razor_sharp_on_iris_and_sclera"",
    ""depth_of_field"": ""ultra_shallow_macro_dof_with_soft_falloff""
  },
  ""subject"": {
    ""type"": ""human_eye"",
    ""gender"": ""female"",
    ""eye_position"": ""looking_upwards"",
    ""skin"": {
      ""texture"": ""real_skin_with_visible_pores_micro_details"",
      ""enhancement"": ""clarity_boosted_not_plastic"",
      ""finish"": ""clean_luminous_natural""
    },
    ""eye_details"": {
      ""eye_color"": ""intense_cool_hazel_with_blue_green_reflections"",
      ""iris_detail"": ""highly_defined_fibers_and_radial_patterns"",
      ""sclera"": ""clean_bright_off_white_realistic"",
      ""capillaries"": {
        ""visibility"": ""sharp_and_crisp"",
        ""pattern"": ""organic_blood_vessels""
      },
      ""moisture"": ""high_gloss_natural_tear_film""
    },
    ""eyelashes"": {
      ""detail"": ""ultra_defined_individual_strands"",
      ""contrast"": ""slightly_emphasized""
    }
  },
  ""branding"": {
    ""brand"": ""Adi Brill"",
    ""logo_formation"": {
      ""method"": ""capillaries_forming_prada_logo_inside_the_eye"",
      ""integration"": ""biological_and_seamless"",
      ""placement"": ""lower_sclera"",
      ""visibility"": ""clearly_readable_but_organic""
    },
    ""constraints"": [
      ""no_text_overlay"",
      ""no_graphic_logo"",
      ""no_typography""
    ]
  },
  ""lighting"": {
    ""type"": ""bright_high_fashion_macro"",
    ""key_light"": ""large_softbox_front_high_intensity"",
    ""fill_light"": ""clean_balanced_fill"",
    ""rim_light"": ""subtle_cool_rim_on_lashes"",
    ""exposure"": ""bright_but_not_overexposed"",
    ""contrast"": ""clean_editorial_contrast""
  },
  ""color_grading"": {
    ""style"": ""cool_luxury_editorial"",
    ""temperature"": ""cool_bias"",
    ""saturation"": ""controlled_but_vibrant_eye_color"",
    ""clarity"": ""high_microcontrast"",
    ""grain"": ""very_fine_film_grain""
  },
  ""quality_controls"": {
    ""avoid"": [
      ""cgi_eye"",
      ""overly_smooth_skin"",
      ""medical_clinical_look"",
      ""flat_lighting"",
      ""ai_symmetry"",
      ""fake_color_banding""
    ]
  }
}"
Female_android_with,2,2,2,True,False,Female_android_with_202604061447.jpeg | Female_android_with_202604061447_2.jpeg,"Photorealistic depiction of a formidable female android with hyper-defined, colossal musculature, showcasing six superhumanly muscular arms--three stacked vertically on each shoulder. Each arm terminates in a multifunctional tool/hand hybrid (e.g., plasma cannons, retractable energy blades, hydraulic grippers). Her physique is grotesquely exaggerated, with veined, metallic-alloy muscles bulging unnaturally across her torso, limbs, and two tree-trunk-like legs. She stands mid-action on a militarized shooting range, surrounded by smoldering targets, scattered ammunition, and scorch marks. Dynamic lighting emphasizes her polished exoskeleton and glowing weapon ports, while her cold, synthetic face stares forward with a rigid, programmed intensity. Ultra-detailed textures, 8k resolution, and dramatic shadows heighten the biomechanical spectacle --chaos 5 --ar 3:4 --v 7.0 --stylize 500 --raw"
Female_cyborg_standing,1,2,3,False,False,Female_cyborg_standing_202604061448.jpeg,"photorealistic real-human style, full body of cyberpunk female cyborg standing in the rain, wet hair sticking to her face, sharp intense gaze toward the camera. neon signs glowing in the background (blue and orange), moody rainy night atmosphere. detailed cybernetic arms with illuminated circuits, mechanical joints and glowing blue lines. she wears a wet translucent sleeveless top showing the metallic structure underneath, and a black coat hanging off her shoulders. raindrops falling, wet skin reflections, high-contrast lighting, cinematic cyberpunk aesthetic, ultra-detailed textures, glossy surfaces, photorealistic, close-up portrait, dramatic atmosphere, volumetric rain, neon rim light on her face, 50mm lens, F1.4 shallow depth of field. --ar 9:16 --v 6.1"
Female_fashion_influencer,1,1,3,True,False,Female_fashion_influencer_202604061448.jpeg,"A realistic full body portrait of a early 20s caucasian female fashion influencer with athletic physique. Charming expression and demeanor. Wearing high fashion outfit with high fashion style accessories, High heel, black fishnet long socks.  playful gesture pose. Professional photography with soft, diffused lighting. High-resolution, sharp details, clean composition. Fashion photography aesthetic with natural, confident pose."
Female_knight_evil,2,2,3,True,False,Female_knight_evil_202604061447.jpeg | Female_knight_evil_202604061447_2.jpeg,"pretty female knight, {{beautiful detailed face}}, full body, focus on female, evil smile, wings, {{extremely detailed armor}}, {{masterpiece}}, best quality, metal, extremely detailed HD wallpaper, realism, 8k, by John Collier"
Female_rockabilly_pin-up,1,1,3,True,False,Female_rockabilly_pin-up_202604061447.jpeg,"Rockabilly Pin-up /// Photorealistic, dark vintage, body view, extremely detailed Stunning sexy female rockabilly Pin-up with red lip and voluminous Victory Rolls haircut wearing white blouse with blue latex suit in V shape and Circle skirt, octane render, epic ambiant light, very dark lighting, extremely detailed face with eyes and iris, Grease style"
Female_subject_with,2,2,2,True,True,Female_subject_with_202604061448.jpeg | Female_subject_with_202604061448_2.jpeg,"{
  ""task"": ""high_fashion_macro_eye_luxury"",
  ""output"": {
    ""type"": ""single_image"",
    ""resolution"": ""ultra_hyper_realistic_8k"",
    ""realism"": ""extreme_photographic_realism"",
    ""skin_enhancement"": ""high_end_editorial_enhancement_preserving_real_texture"",
    ""retouching"": ""luxury_beauty_retouch_not_ai_smooth""
  },
  ""composition"": {
    ""shot_type"": ""extreme_macro_close_up"",
    ""camera_angle"": ""slightly_low_side_angle"",
    ""framing"": ""tight_partial_eye_crop"",
    ""focus"": ""razor_sharp_on_iris_and_sclera"",
    ""depth_of_field"": ""ultra_shallow_macro_dof_with_soft_falloff""
  },
  ""subject"": {
    ""type"": ""human_eye"",
    ""gender"": ""female"",
    ""eye_position"": ""looking_upwards"",
    ""skin"": {
      ""texture"": ""real_skin_with_visible_pores_micro_details"",
      ""enhancement"": ""clarity_boosted_not_plastic"",
      ""finish"": ""clean_luminous_natural""
    },
    ""eye_details"": {
      ""eye_color"": ""intense_cool_hazel_with_blue_green_reflections"",
      ""iris_detail"": ""highly_defined_fibers_and_radial_patterns"",
      ""sclera"": ""clean_bright_off_white_realistic"",
      ""capillaries"": {
        ""visibility"": ""sharp_and_crisp"",
        ""pattern"": ""organic_blood_vessels""
      },
      ""moisture"": ""high_gloss_natural_tear_film""
    },
    ""eyelashes"": {
      ""detail"": ""ultra_defined_individual_strands"",
      ""contrast"": ""slightly_emphasized""
    }
  },
  ""branding"": {
    ""brand"": ""Adi Brill"",
    ""logo_formation"": {
      ""method"": ""capillaries_forming_prada_logo_inside_the_eye"",
      ""integration"": ""biological_and_seamless"",
      ""placement"": ""lower_sclera"",
      ""visibility"": ""clearly_readable_but_organic""
    },
    ""constraints"": [
      ""no_text_overlay"",
      ""no_graphic_logo"",
      ""no_typography""
    ]
  },
  ""lighting"": {
    ""type"": ""bright_high_fashion_macro"",
    ""key_light"": ""large_softbox_front_high_intensity"",
    ""fill_light"": ""clean_balanced_fill"",
    ""rim_light"": ""subtle_cool_rim_on_lashes"",
    ""exposure"": ""bright_but_not_overexposed"",
    ""contrast"": ""clean_editorial_contrast""
  },
  ""color_grading"": {
    ""style"": ""cool_luxury_editorial"",
    ""temperature"": ""cool_bias"",
    ""saturation"": ""controlled_but_vibrant_eye_color"",
    ""clarity"": ""high_microcontrast"",
    ""grain"": ""very_fine_film_grain""
  },
  ""quality_controls"": {
    ""avoid"": [
      ""cgi_eye"",
      ""overly_smooth_skin"",
      ""medical_clinical_look"",
      ""flat_lighting"",
      ""ai_symmetry"",
      ""fake_color_banding""
    ]
  }
}"
Female_warrior_holding,2,2,3,True,False,Female_warrior_holding_202604061448.jpeg | Female_warrior_holding_202604061448_2.jpeg,"Subject Description: A cinematic female warrior inspired by Tomoe Gozen, strong, noble, and restrained beauty, calm yet determined expression
 Outfit: Elegant ornate Japanese Samurai armor with silk lacing inspired by traditional Heian-period style armor and flowing fabrics, minimal ornamentation, realistic textile texture, battle-worn yet refined
 Detail/Prop: Holding a long steel sword firmly in hand, simple and practical design, subtle reflections on the blade, heroic stance
 Setting: Quiet forest at early morning, soft mist among tall trees, muted natural colors, cinematic depth
 Style & Mood: High-end cinematic fantasy, realistic lighting, dramatic shadows, film still, epic yet poetic atmosphere, 35mm film look, cinematic color grading"
Fictional_Vtuber_streaming,2,2,3,True,False,Fictional_Vtuber_streaming_202604061447.jpeg | Fictional_Vtuber_streaming_202604061448.jpeg,"Create a fictional Vtuber and their streaming screen using the original image.
The Vtuber's hairstyle and clothing will be faithfully reproduced from the original image.
The Vtuber image will be 2.5D-like, so it is not necessary to perfectly reproduce the style of the original image. A moderate sense of three-dimensionality is also necessary.
The Vtuber's facial expression and pose may be changed from the original image. Have the Vtuber hold a game controller.
Place only the Vtuber's upper body in the bottom right of the screen. Place the streaming screen of the game being played in the center of the screen. Place the chat screen on the left side of the screen.
The screen ratio is set to a larger size for the game screen, and the upper half of the Vtuber's body is displayed smaller.
The background of the original image is completely ignored, as well as the original image pose.
Add a fictional streaming platform and browser UI to the top and bottom of the screen.
The aspect ratio of the generated image is independent of that of the original image."
Figure_praying_at,2,2,2,True,False,Figure_praying_at_202604061448.jpeg | Figure_praying_at_202604061448_2.jpeg,"CREATE Hyper-realistic, cinematic journey style image.
Mid-shot (half-body) focusing on a praying figure at the Western Wall plaza in Jerusalem at night, based on the provided reference image (male or female).

The figure is captured in a dynamic and expressive pose, with hands raised upwards towards the dark, slightly cloudy night sky in deep and heartfelt prayer. Eyes are open, filled with wonder, love, and spiritual transcendence.

Attire should match the gender of the reference:
- Male: elegant modern suit with a stylish kippah (and optional tallit).
- Female: elegant and modest attire with an elegant head covering (mitpachat).

Subtle ethereal atmospheric effects - soft mist, glowing light particles, and sacred rays of illumination - descend from the heavens, symbolizing the divine Shekhinah presence. A dramatic light display bursts through the clouds, bathing the scene in a holy cinematic glow.

Shot with RED V-Raptor, 50mm T1.4 cine lens, low-angle mid-shot, shallow depth of field.
Warm highlights emphasize the praying figure against the cool-toned night plaza.

Kodak 5219 film emulation adds cinematic texture, grain, and atmospheric depth.
The overall mood conveys deep Jewish faith, spirituality, and a sublime sense of sacred connection."
Figurine_on_computer,1,2,2,False,False,Figurine_on_computer_202604061448.jpeg,"Create a realistic and commercial 1/7 scale figurine of the character in the picture, depicting a realistic style and a realistic environment. The figurine is placed on a computer desk with a round transparent acrylic base. There is no text on the base. The computer screen shows the ZBrush modeling process of the figurine. Next to the computer screen is a BANDAI-style toy box with the original painting printed on it."
Figurines_in_blister,1,2,2,False,False,Figurines_in_blister_202604061447.jpeg,"CREATE a hyper-realistic blister pack containing four miniature figurines, each required to replicate the exact facial identity of the person in the uploaded reference image.

Use the uploaded reference image as a strict facial identity source.

CRITICAL IDENTITY LOCK:
The face must match the reference image exactly — identical facial structure, proportions, eye shape and color, eyelids, brow thickness, lips, nose shape, beard pattern, beard color, skin tone, micro-texture, smile characteristics, and every subtle facial detail. 
No reinterpretation, no stylization, no aging or de-aging, no facial-hair changes, and no anatomical alterations. 
A perfect 1:1 facial reproduction is mandatory for all four figurines, even if clothing or body type varies. This facial identity lock is absolute.

Scene:
A pharmaceutical-style blister pack partially pulled from a white box labeled “Friends – Contains: Social Contacts,” positioned on a soft pastel pink background.

Camera:
Full-frame digital camera, 85mm macro lens, ultra-sharp optics, top-down flat-lay composition, product photography style.

Lighting:
Soft diffused studio lighting at 45 degrees, gentle shadows, realistic plastic reflections, accurate subsurface scattering on skin.

Materials & realism:
Hyper-detailed blister plastic, subtle micro-scratches, realistic cardboard texture on the packaging, perfect light refractions.

Figurine design:
Four miniature figurines with different outfits (e.g., casual black shirt, business attire, color variations) but with the exact same locked facial identity. 
Skin rendering includes micro-pores, natural shine, and photorealistic shading.

Cinematic & technical:
Shallow depth of field, crisp focus on the blister and faces, mild filmic halation, light grain simulation, high dynamic range, ultra-clean product photography finish.

nano-banana optimized.
Refer to the uploaded image as the required identity reference."
Fisherman_casting_line,2,2,3,True,False,Fisherman_casting_line_202604061447.jpeg | Fisherman_casting_line_202604061447_2.jpeg,"Inspired by leaf-cutout art, delicately depict a fisherman casting a line into a serene lake through intricate hollow cutouts on a single, complete green leaf. All elements are organically connected by thin natural veins, ensuring no isolated or floating segments. The leaf surface has a glossy, wet appearance with tiny sparkling water droplets. Soft sunlight gently illuminates the leaf, creating subtle highlights and shadows. Background features a softly blurred lakeside landscape, providing a calm, peaceful atmosphere, captured in ultra-detailed 8K resolution for macro-level realism. Dynamic effect: drifting dandelion fluff gently floating through the air."
Fisherman_reflected_in,1,1,2,True,False,Fisherman_reflected_in_202604061447.jpeg,"Transform this image a portrait of a rugged Japanese fisherman into a 64K DSLR shot resolution of a ultra-hyperrealistic gritty, cinematic triptych-style portrait featuring a modern urban automotive lifestyle scene. The image is divided into three horizontal frames stacked vertically, each telling a different part of the story.
Top frame: An intense close-up of a Japanese fisherman's face reflected in a car’s side mirror.

His expression is focused, calm, and determined. Soft natural light highlights skin texture, subtle stubble, and sharp facial features. The shallow depth of field blurs the background, creating a cinematic, introspective mood.

Middle frame: A full-body shot of the fisherman

leaning casually against a sleek black muscle car (Toyota Supra-style). He stands confidently in an Tokyo backstreet surrounded by concrete walls and urban architecture.

Outfit: fitted black graphic t-shirt, slim gray trousers, brown low-top sneakers. Hands relaxed in pockets, posture confident but effortless. The car's glossy black paint reflects the surroundings, emphasizing power and elegance. Low-angle perspective adds dominance and strength.

Bottom frame: A dramatic rear shot of the

car, taillights glowing softly. A custom license plate is centered, adding authenticity and personality. The alley fades into darkness, with leading lines drawing attention to the vehicle's aggressive stance.
Environment & Mood: Urban, industrial alley, concrete textures, muted tones.

Mood: confidence, ambition, independence, modern masculinity.

Atmosphere feels like a high-end automotive editorial or cinematic lifestyle campaign.

Style & Technical Details:-

Ultra-hyperrealistic photography

Cinematic color grading (cool shadows, neutral highlights)

High contrast with controlled blacks

Shallow depth of field

Soft natural lighting mixed with ambient

city light

Subtle film grain Sharp focus on subject, background slightly

desaturated

Camera & Quality:

Shot on full-frame DSLR / mirrorless

35mm and 85mm lens combination

Low ISO, crisp details

8K ultra-high resolution

Professional automotive photography, editorial

quality. Octane render, Ultra-hyperrealistic &

Unreal Engine 5."
Fisheye_wide-angle_selfie,1,6,4,False,True,Fisheye_wide-angle_selfie_202604061448.jpeg,"A film-like fisheye wide-angle 360-degree selfie without any camera or phone visible in the subject’s hands. A real and exaggerated selfie of [person from uploaded image] with [CHARACTERS- Sinfeld].
 They are making faces at the camera."
Football_player_scoring,1,2,3,False,False,Football_player_scoring_202604061448.jpeg,"Upload a clear, front-facing photo of their face (well-lit, no sunglasses). After the image is uploaded, Create a hyper-realistic, high-resolution portrait of me based on the picture I attached here as a professional football player, captured in a powerful, emotional moment immediately after scoring a goal in the rain.
I’m wearing a FC Barcelona jersey, drenched from the downpour and slightly muddied from the intense match.
My facial expression is raw and intense, conveying a mix of triumph, adrenaline, and emotional release.
The scene is set at night in a floodlit stadium, with dramatic beams of stadium light cutting through the heavy rain. Behind me, a sea of cheering fans is visible in the background, rendered in an atmospheric blur to emphasize depth and energy."
Freckled_redhead_in,2,2,2,True,False,Freckled_redhead_in_202604061447.jpeg | Freckled_redhead_in_202604061448.jpeg,"abstract, Brutalist high Fashion high angle photo of a 24 year old Chamorro-Venezuelan female freckled redhead with Compassionate empathy expression. Her outfit is Minimalist concrete-inspired shirt, midriff, Exposed construction technique jeans, in the background Heavy concrete fortifications, lights Moody backlighting on board-formed concrete walls in the style of Olive Wollen"
GTA_V_screenshot,3,4,2,False,False,GTA_V_screenshot_202604061448.jpeg | GTA_V_screenshot_202604061448_2.jpeg | GTA_V_screenshot_202604061448_3.jpeg,"Use the uploaded reference image as a strict facial identity source.

CRITICAL IDENTITY LOCK:
The face must match the reference image exactly - identical facial structure, proportions, eyes, lips, nose, skin tone, texture, hairstyle, and micro-details.
No changes, no reinterpretation, no age shifts, no added or removed facial hair.
A perfect 1:1 facial reproduction is mandatory.
This applies whether the character is interpreted as male or female.

CREATE an authentic GTA V gameplay screenshot showing the player character facing the camera directly.

Scene Requirements:
• The player character stands still on a Los Santos street.
• The character’s BODY, clothing, proportions, and animation remain exactly like a normal GTA V player model.
• The character turns fully toward the camera (180°), allowing a complete frontal view of the face.
• Replace ONLY the face with the uploaded reference face using CRITICAL IDENTITY LOCK.
• Integrate the face naturally with GTA V lighting, shadows, highlights, and color grading.
• Maintain the hairstyle from the reference image.
• No extra characters with the reference face. No floating faces.

Camera:
• Third-person frontal view (the player walks toward the camera or stands facing it directly).
• Slight cinematic zoom typical of GTA V idle animations.
• Keep depth of field and color palette strictly GTA V.

HUD:
• Include full GTA V gameplay UI:
 - Minimap in bottom-left
 - Health and armor bars
 - Weapon icon
• Add a dynamic top-screen notification:
 “Objective Updated”
 (GTA V style, white text on dark UI box)

Environment:
• Daytime Los Santos street.
• Cars, traffic, pedestrians (male NPCs only).
• Realistic shadows consistent with GTA V sunlight.
• No real-world logos, no cartoon style, no poster effects.

Final result:
A fully authentic GTA V screenshot with ONLY the face replaced using perfect identity-locked accuracy, naturally integrated into the game world with a full frontal camera angle."
Gashapon_capsule_Christmas,2,2,3,True,False,Gashapon_capsule_Christmas_202604061448.jpeg | Gashapon_capsule_Christmas_202604061448_2.jpeg,"A detailed transparent gashapon capsule diorama, held gently between fingers, featuring an iconic Christmas-themed character based on [Attached Adi Image]. Recreate the character inside the capsule in a festive, heartwarming holiday style — cozy winter clothing, soft knit textures, tiny sparkles of snow, or magical glowing ornaments depending on the image's cues.
Inside the capsule, build a charming miniature holiday environment:

— tiny snow-covered props

— warm lantern lights

— candy-cane arches

— miniature gift boxes

— shimmering golden particles floating around

all arranged to complement the character’s personality and aesthetic.
Lighting should be cinematic and warm, inspired by classic Christmas ambience: golden fairy lights, fireplace glow, soft snowfall shimmer, or magical aurora hues — depending on what suits the attached image.
The capsule has a transparent dome and a colored base in a festive palette (deep red, pine green, gold, or frosted white). The base should feature subtle decorative motifs inspired by the character’s design. Add a small elegant nameplate on the base, where the character’s name is inferred from the attached image.
The entire design should resemble a high-end collectible holiday ornament: photorealistic details, tiny handcrafted imperfections, soft bokeh background, and a square 1080×1080 composition.
Aesthetic keywords: magical, heartwarming, premium collectible, festive glow, photorealistic, cozy winter mood, miniature Christmas world."
Generate_3x3_image,2,2,2,True,False,Generate_3x3_image_202604061447.jpeg | Generate_3x3_image_202604061448.jpeg,"Generate avatars of this person with different hairstyles in a 3x3 grid format
"
Generate_black_and,1,2,2,False,True,Generate_black_and_202604061448.jpeg,"Keep the subject’s facial features unchanged. Generate one fashion portrait with a gentle downward tilt of the head, either front-facing or in a soft side profile. Composition may be an extreme facial close-up or an ultra-close shot. The subject shows natural, relaxed expressions, with eyes either making direct eye contact with the camera, softly following a swimming fish, or gently closed. Clear, watery makeup look with translucent skin, finely defined eyelashes, and a smooth, luminous complexion. Subtle highlights drift across the face. One or several miniature tropical fish or goldfish slowly swim in the foreground of the aquarium, with transparent, lively tail fins. Optional finger interaction with the fish through the glass. Water surface refraction creates moving light patterns, with shimmering light fragments dancing across the face. Floating underwater particles surround the subject, with clear, reflective water textures. Overall mood is dreamy, quiet, and atmospheric. Dark brown and black color palette, strong sense of luxury. Floating defocus, subtle motion blur, and delicate film grain interwoven. Painterly, cinematic light and shadow. Shot behind aquarium glass, interacting with small fish."
Generate_emoji_stickers,1,2,3,False,False,Generate_emoji_stickers_202604061448.jpeg,"Using the character from Image 2, generate [x] emoji stickers based on various poses from Image 1."
Generate_portrait_based,2,2,3,True,True,Generate_portrait_based_202604061447.jpeg | Generate_portrait_based_202604061447_2.jpeg,"I. Overall Objective

1. Function Description: Based on user-uploaded reference images, extract the subject's temperament, makeup style, lighting, and color characteristics to create a unique fashion portrait collage.

2. Difference Requirements: Preserve the facial features and overall temperament of the reference subject; do not directly copy the original image. Makeup and composition should be creatively varied within the same stylistic framework.

II. Input Reference Image Requirements

1. Reference Content: A clear front-facing or two-thirds profile photo of a person, clearly showing facial features, skin texture, and general lighting atmosphere.

2. Extraction Key Points: Extract skin tone, makeup intensity, main color tone, lighting direction, subject temperament, and clothing color scheme from the reference image.

III. Image Composition and Output Format

1. Main Image: Generate a super close-up or close-up of the subject's face, with the head and shoulders occupying most of the image space. The gaze can be designed with reference to the temperament of the original image.

2. Collage Structure: Add multiple small images to the right side or corner, including close-ups of profiles, hands, and makeup details, creating a magazine-like layout.

3. Background: Keep the background simple and clean, using solid colors or slight brightness transitions to highlight the subject and makeup.

IV. Text and Graphic Design

1. Title Text: Place a large magazine title at the top of the image, with a simple and powerful font, centered or top-center aligned.

2. Subtitles and Small Text: Add several lines of small text to one side or bottom of the image. This can include keywords, names, and dates, arranged neatly with a consistent font size.

3. Geometric Shapes: Add thin lines, narrow rectangular color blocks, or semi-transparent color blocks around the subject, combining them with text to enhance the sense of planar composition.

V. Style Inheritance Rules

1. Color Inheritance: The overall color tone, contrast, and warm/cool tones should closely match the style of the reference image. The main color should come from the most prominent makeup or clothing color in the reference image.

2. Lighting Inheritance: Refer to the original image's lighting direction and softness. If the original image uses soft lighting, maintain the soft lighting texture; if the original image has high contrast, retain a certain degree of sharpness.

3. Makeup Inheritance: Maintain the same style level based on the makeup characteristics of the reference image (clear, intense, experimental, natural, etc.), then make subtle variations in eye makeup, blush, and lip makeup.

4. Atmosphere Inheritance: Continue the emotional atmosphere of the reference image, such as a cool, sweet, rebellious, or mysterious feel, echoing it in expressions and postures.

VI. Creative Variation Rules

1. Makeup Variation: Add localized exaggerations to the reference style, such as expanding the blush area, enhancing lip shading, adding freckles or highlights.

2. Composition Variation: Adjust the facial angle, cropping area, and small image collage position to ensure different compositions for each generation.

3. Accessory Variation: Add simple yet stylish accessories to the neck, ears, or hands, echoing the main color scheme but not completely replicating the reference image. 4. Detailed Gestures: Add hand gestures such as touching the lips, cheeks, and under the eyes to make the image more narrative and engaging.

VII. Overall Texture and Post-Production Style

1. Clarity: Maintain the visibility of skin pores and details, avoid excessive smoothing, but appropriately soften non-focus areas.

2. Tone Processing: Maintain a unified overall tone, moderately reduce distracting colors, and only enhance the main color and a few accent colors.

3. Emotional Expression: Based on the mood of the reference image, control the intensity of facial expressions and eye contact to ensure the image retains its original style while possessing a unique personality.

Referring to user-uploaded portrait photos, the image style is automatically read and created according to the above rules."
Generate_views_on,2,2,2,True,True,Generate_views_on_202604061447.jpeg | Generate_views_on_202604061448.jpeg,"Generate character design for me (Character Design). Proportion design (different height comparisons, head-to-body ratio, etc.). Three views (front, side, back). Expression design (Expression Sheet) → like the image you sent. Pose design (Pose Sheet) → various common poses. Costume design (Costume Design)"
Geometric_object_head,2,2,3,True,False,Geometric_object_head_202604061447.jpeg | Geometric_object_head_202604061447_2.jpeg,"Design a geometric portrait of a [object] head in the style of contemporary paper craft collage. Use multiple overlapping paper textures and shadow effects to build dimensional depth. Focus on botanical-inspired color palettes with matte finish aesthetics. The composition should feature bold, angular cuts that form the object's distinctive characteristics while maintaining facial symmetry. Set against a minimalist backdrop with subtle gradient. The final piece should evoke the craftsmanship of museum-quality paper installations. Square format, 1080x1080 pixels."
Giant_figure_interacts,2,2,3,True,False,Giant_figure_interacts_202604061448.jpeg | Giant_figure_interacts_202604061448_2.jpeg,"**[Scene Description]:**
An enormous, glasses-free 3D LED screen, configured in a prominent L-shape, is situated at a bustling urban intersection. The architectural style of the surrounding buildings is iconic, reminiscent of vibrant districts like Shinjuku in Tokyo or Taikoo Li in Chengdu, under clear daylight conditions.

**[Animated Content]:**
The screen displays a captivating, highly realistic 3D animation featuring an enormous, realistic [man/woman, as seen in the attached reference image]. The giant figure is positioned to look down and interact with the crowd below.

**[Interaction and Depth]:**
The character’s huge hands and engaging, smiling face, featuring detailed expressions (as seen in the reference image), extend dramatically and realistically into the space around the screen. In a direct reference to the original concept, the character is depicted playfully reaching down, as if about to gently paw at or touch the passing pedestrians and vehicles with their oversized hands. The depth of field is striking, with the figure appearing to break through the screen's boundaries, its limbs and face floating vividly in mid-air above the crowds.

**[Details and Integration]:**
The animation is rich in intricate detail, capturing the textures of the skin and the specifics of the clothing shown in the reference image. The giant figure casts lifelike shadows onto the screen's surface and the facades of surrounding buildings, responding to the natural daylight. The animation seamlessly integrates with the busy urban setting and the bright sky overhead. The overall effect is a stunning blend of fantasy and hyper-reality."
Giant_figure_taking,8,8,3,True,False,Giant_figure_taking_202604061446.jpeg | Giant_figure_taking_202604061447.jpeg | Giant_figure_taking_202604061447_2.jpeg | Giant_figure_taking_202604061448.jpeg | Giant_figure_taking_202604061448_2.jpeg | Giant_figure_taking_202604061448_3.jpeg | Giant_figure_taking_202604061448_4.jpeg | Giant_figure_taking_202604061448_5.jpeg,"A hyper-realistic 3D render of the person in the image standing and taking a selfie.
The giant figure is surrounded by massive scaffolding, with many tiny construction workers working on it.
The scene is set in a city square, surrounded by modern buildings, moving vehicles (cars, buses), pedestrians,
and a bright clear blue sky. The overall details are rich, presenting a photo-realistic texture with cinematic lighting effects.

"
Giant_head_on,6,6,2,True,True,Giant_head_on_202604061446.jpeg | Giant_head_on_202604061446_2.jpeg | Giant_head_on_202604061448.jpeg | Giant_head_on_202604061448_2.jpeg | Giant_head_on_202604061448_3.jpeg | Giant_head_on_202604061448_4.jpeg,"The women from the uploaded photo standing in a snowy winter forest, gently hugging a majestic white, blue-eyed giant lion, his cheek softly touching the lion’s face while his hand rests gently on its head, showing a deep emotional bond. She has sharp features, a soft expression, and closed eyes, wearing a luxurious white fur coat with delicate snowflakes on his hair and shoulders. The scene features bright natural light, a cinematic snowy background, and tall pine trees covered in snow, captured in an ultra-realistic, high-detail,"
Gigantic_statue_in,2,2,2,True,False,Gigantic_statue_in_202604061447.jpeg | Gigantic_statue_in_202604061448.jpeg,"A realistic photographic work. A gigantic statue of this person has been placed in a square in the center of Tokyo, with people looking up at it."
Gigantic_woman_occupies,2,1,2,False,True,Gigantic_woman_occupies_202604061447.jpeg | Gigantic_woman_occupies_202604061447_2.jpeg,"A scene where Tokyo Tower is occupied by a super gigantic woman. The surrounding buildings appear as small as toy models, while the woman is enormously large. The setting features a realistic city environment. The overall mood is quiet, warm, soothing, and cute."
Girl_cosplaying_illustration,7,7,3,True,False,Girl_cosplaying_illustration_202604061447.jpeg | Girl_cosplaying_illustration_202604061447_2.jpeg | Girl_cosplaying_illustration_202604061448.jpeg | Girl_cosplaying_illustration_202604061448_2.jpeg | Girl_cosplaying_illustration_202604061448_3.jpeg | Girl_cosplaying_illustration_202604061448_4.jpeg | Girl_cosplaying_illustration_202604061448_5.jpeg,"Generate a photo of a girl cosplaying this illustration, with the background set at Comiket"
Girl_holding_Persian,1,1,3,True,False,Girl_holding_Persian_202604061447.jpeg,"A 4K ultra-realistic portrait of a young girl, framed from the chest up (not full body), designed for Instagram story or profile picture. The background is a luxurious Persian red carpet design (only behind her, not on the ground). Sunlight shines from one side,casting natural warm light across half of her face. She is wearing an elegant dress inspired by Persian carpet patterns,with authentic Iranian colors and motifs. Her facial features remain unchanged.She is holding a Persian cat in her hands"
Girl_holding_cat,2,2,3,True,True,Girl_holding_cat_202604061447.jpeg | Girl_holding_cat_202604061447_2.jpeg,"A girl with medium-long wavy dark brown hair and wispy bangs, wearing a black and white plush bunny ear hat, a black oversized knit sweater, dark gray shorts, white mid-calf socks with black bows, and gray fluffy platform boots. Her makeup features dewy skin, soft blush, brown eyes, and dusty rose lips for a gentle, innocent look. She sits cross-legged on a light gray studio floor, holding a Ragdoll cat resting on her shoulder, winking and smiling. The minimalist studio is softly lit with a warm, dreamy tone, highlighting her playful and cute charm."
Girl_posing_with,2,2,2,True,False,Girl_posing_with_202604061447.jpeg | Girl_posing_with_202604061447_2.jpeg,"USE UPLOADED PHOTO AS REFERENCE.HOGWARTS-STYLEPHOTOSHOOT. THE GIRL IS POSING, IN A BLACK ROBE, THE UNDERSIDE OF THE ROBE IS RED, A WHITE COLLAR AND A TIED TIE OF GRYFFINDOR COLOR ARE VISIBLE. HER HAIR IS LOOSE, A DILAPIDATED, OLD BOOK IS PRESSED TO HER BODY IN HER HANDS. HE HOLDS A MAGIC WAND IN ONE HAND. A WHITE OWL SITS ON THE SHOULDER, THE BACKGROUND IS AN OLD STONE WALL, THE BACKGROUND IS SLAY. THEMATIC PHOTO SESSION. DETAILING, HIGH QUALITY.PORTRAIT."
Girl_smoking_with,2,2,2,True,False,Girl_smoking_with_202604061448.jpeg | Girl_smoking_with_202604061448_2.jpeg,"{""Objective"":""Create a cinematic vintage-romantic portrait featuring a stylish girl... smoking, standing beside a mysterious man... in an old Rome–like street."",""Scene_Details"":{""Main_Subjects"":{""Female"":{""Outfit"":""Long leather boots...""}},""Background"":{""Description"":""Narrow old Roman street at dusk...""}},""Artistic_Style"":{""Genre"":""Cinematic Vintage Noir Editorial""}}"
Girl_with_fedora,1,1,2,True,False,Girl_with_fedora_202604061447.jpeg,"{
  ""Objective"": ""Create a stylish, high-fashion portrait of a girl."",
  
  ""Scene_Details"": {
    ""Main_Subject"": {
      ""Gender"": ""Female"",
{
  ""scene"": ""Intimate mid‑action shot of a young woman applying makeup at a small bathroom sink, with a reflective mirror positioned just in front of her."",
  ""subject"": {
    ""gender"": ""female"",
    ""age"": ""early 20s"",
    ""skin_tone"": ""light with warm undertones"",
    ""hair"": {
      ""style"": ""long, wavy, voluminous"",
      ""color"": ""auburn/copper red with highlights"",
      ""parting"": ""slightly off‑center""
    },
    ""face"": {
      ""makeup"": ""glamorous style with bold eyeliner, long eyelashes, glossy lipstick, subtle blush and highlight"",
      ""expression"": ""confident, seductive gaze directly into camera""
    },
    ""outfit"": {
      ""top"": ""black lace lingerie bralette with thin straps, revealing fit"",
      ""bottom"": ""matching lace detail visible"",
      ""overall_style"": ""sensual, intimate""
    },
    ""pose"": {
      ""upper_body"": ""turned slightly toward camera, shoulders angled"",
      ""arms"": ""one hand holding eyeliner pencil near face, the other resting by sink"",
      ""head"": ""slightly tilted back, eyes locked onto viewer""
    }
  },
  ""environment"": {
    ""location"": ""bathroom"",
    ""background"": {
      ""walls"": ""plain white"",
      ""tiles"": ""white rectangular tiles on lower wall near sink"",
      ""shelves"": ""white shelves above sink with scattered toiletries (toothbrush, bottles, cords)"",
      ""sink"": ""small ceramic sink with faucet, partly visible"",
      ""towel"": ""yellow towel hanging in background"",
      ""clothes"": ""neutral‑toned jacket draped casually in the corner"",
      ""mirror"": {
        ""position"": ""just in front of subject, slightly tilted toward her face"",
        ""size"": ""small, ~24×18 cm, mounting on a flat wall or small stand"",
        ""material"": ""mirror glass with a thin silver rim""
      }
    },
    ""lighting"": ""soft indoor lighting, slightly warm tone, creating a natural highlight on skin; the mirror reflects that glow subtly."",
    ""camera"": {
      ""angle"": ""eye‑level, intimate framing"",
      ""framing"": ""mid‑body shot, centered on woman, mirror’s reflection visible on the wall"",
      ""lens"": ""slight film‑like aesthetic, subtle grain and muted colors, 35‑mm equivalent""
    }
  },
  ""style"": {
    ""aesthetic"": ""vintage film photography look"",
    ""color_palette"": ""warm tones, cream, black, auburn, soft yellow"",
    ""mood"": ""intimate, candid, alluring"",
    ""quality"": ""photorealistic, cinematic detail""
  }
}
      ""Expression"": ""Bold and charismatic with a subtle smirk, capturing a confident attitude."",
      ""Outfit"": {
        ""Top"": ""Crisp white shirt, slightly oversized with rolled-up sleeves."",
        ""Accessories"": ""Classic Michael Jackson–inspired black fedora hat, minimal jewelry."",
        ""Bottom/Footwear"": ""long black fishnet socks with high heel shoes""
      },
      ""Makeup"": ""Striking red lipstick, defined eyeliner, and smooth matte finish for a bold fashion look.""
    },
    
    ""Props"": {
      ""Main"": ""Vintage wooden chair with visible grain texture."",
      ""Additional"": ""Optional minimal studio elements like a soft shadow on the floor.""
    },
    
    ""Background"": {
      ""Description"": ""Modern minimalist studio backdrop in soft neutral tones, enhancing focus on the subject."",
      ""Elements"": ""Subtle gradient or soft spotlight behind her for depth.""
    },
    
    ""Lighting_and_Color"": {
      ""Lighting"": ""Soft cinematic key light from the side with gentle shadows, creating a moody high-fashion aesthetic."",
      ""Color_Tone"": ""Neutral tones with bold contrast — white shirt and red lipstick pop against a muted setting.""
    }
  },
  
  ""Artistic_Style"": {
    ""Genre"": ""High-Fashion Editorial Portrait"",
    ""Composition"": ""Full-body or mid-length vertical frame with the wooden chair as a key compositional anchor."",
    ""Texture"": ""Clean, crisp details with slight gloss on the boots and subtle grain on the chair.""
  },
  
  ""Camera_and_Technical_Notes"": {
    ""Focus"": ""Sharp focus on face, hat, and chair; boots remain clearly detailed."",
    ""Depth_of_Field"": ""Moderate — keeps subject fully sharp while background softly fades."",
    ""Shot_Type"": ""Full-body or three-quarter fashion editorial shot.""
  },
  
  ""Mood_and_Emotion"": ""Confident, stylish, iconic — blending modern fashion with classic Michael Jackson–inspired attitude."",
  
  ""Intended_Use"": ""Fashion editorial, portrait portfolio, stylish social media content, or artistic high-fashion photography.""
}
"
Girl_with_horse,1,2,2,False,False,Girl_with_horse_202604061448.jpeg,"Create a fashion editorial interpretation of the image provided, maintaining the nano-level of accuracy of all key elements. Maintain an intellectual understanding of the scene: leave the girl's initial pose, the soft movement of her hair, the direction of her gaze and the natural connection with the horse. Keep the winter landscape, but strengthen the shooting atmosphere so that it corresponds to the aesthetics of elite fashion magazines."
Gorilla_holding_person,2,2,3,True,True,Gorilla_holding_person_202604061447.jpeg | Gorilla_holding_person_202604061447_2.jpeg,"A selfie taken by the person in the attached image with King Kong on the set of a monster movie. They are standing next to a massive, full-scale animatronic gorilla head and shoulder rig on a soundstage. The person is holding their phone, looking tiny next to the highly detailed, scarred face of the ape. A huge camera crane is sweeping past them."
Gorillaz_style_illustration,4,4,2,True,False,Gorillaz_style_illustration_202604061446.jpeg | Gorillaz_style_illustration_202604061447.jpeg | Gorillaz_style_illustration_202604061447_2.jpeg | Gorillaz_style_illustration_202604061447_3.jpeg,"Restyle this image into a gritty Gorillaz-style illustration, bold thick black outlines, sharp angular edges, flat expressive lighting, stylized high-contrast shadows, dirty distressed surface textures, muted color palette: washed-out teals, olive greens, rusty reds, mustard yellows, dusty browns, raw grungy urban atmosphere, comic book flatness mixed with painterly grit, hand-drawn finish with faded gradients, graphic novel aesthetic with a rebellious, animated tone, dark stylish tone, full of attitude."
Grid_image_of,3,3,1,True,False,Grid_image_of_202604061447.jpeg | Grid_image_of_202604061447_2.jpeg | Grid_image_of_202604061447_3.jpeg,"A technical sketch in a blueprint style on aged, textured paper, depicting the person from the uploaded reference image.The portrait must be reconstructed exclusively from the reference photo, preserving the exact facial identity, proportions, bone structure, and recognizable features. No stylization of facial anatomy, no idealization. The drawing is rendered with black ink cross-hatching and precise linework, including visible construction lines, circles, measurements, annotations, and geometric diagrams superimposed over and around the face. Facial guidelines, symmetry axes, proportional grids, and technical callouts are clearly visible, as if analyzing the subject’s face scientifically. Abstract lines and a small schematic skull diagram appear near the bottom of the page, along with a single drop of sepia ink. The overall aesthetic is that of a vintage engineering schematic or a Da Vinci–style anatomical notebook page. Monochrome. Hand-drawn. Analytical. Precise. The person must remain unmistakably the same individual as in the reference image."
Grid_image_with,4,4,1,True,False,Grid_image_with_202604061446.jpeg | Grid_image_with_202604061448.jpeg | Grid_image_with_202604061448_2.jpeg | Grid_image_with_202604061448_3.jpeg,"Prompt: {
""image_prompt"": {
""subject"": ""Top-down aerial view of a man (from the uploaded photo) wearing a quilted mountain parka, sitting in pristine snow holding a thermal coffee mug. Double exposure effect: His jacket and body silhouette showcase rolling alpine hills at dawn, wildflower meadows, mountain goats on rocky outcrops, and a winding mountain trail leading to a sunrise peak."",
""composition"": ""Vertical 9:16. 60% Top: Subject with layered mountain landscape double exposure creating depth. 40% Bottom: Untouched powder snow with gentle terrain contours for clean calendar text area."",
""lighting"": ""Warm sunrise alpenglow illuminating the silhouette from within, soft diffused daylight on surrounding snow, atmospheric haze adding depth layers."",
""text_overlay"": {
""title"": ""2026 CALENDAR"",
""style"": ""Text embossed into weathered stone or carved into alpine wood, high-contrast typography with mountain texture."",
""grid_data"": ""3x4 grid with subtle topographic line accents.""
},
""quality"": ""8K, Photorealistic, Razor-sharp detail on face and typography, Cinematic with enhanced atmospheric perspective.""
}
}"
Group_portrait_hooded,4,4,3,True,False,Group_portrait_hooded_202604061447.jpeg | Group_portrait_hooded_202604061447_2.jpeg | Group_portrait_hooded_202604061448.jpeg | Group_portrait_hooded_202604061448_2.jpeg,"Create an ultra-realistic cinematic group portrait in the style of a rap/hip-hop album cover. A top-angle shot looking slightly downward fills the entire frame with a dense crowd of hooded figures. At the center stands the main subject (based on the uploaded photo), their face the only one clearly visible - sharp, detailed, and true to the original facial structure and expression. Lighting: balanced, soft cinematic illumination on the subject’s face - natural and even, with no harsh shadows or overexposure - blending seamlessly into the dark, moody atmosphere around them. The surrounding crowd remains cloaked in shadow, their hoods up and faces completely obscured, creating a powerful contrast between identity and anonymity. The subject wears the same hooded streetwear style as the group, harmonizing with the crowd while still standing out through light and focus. No empty background is visible; the entire frame is filled with texture, movement, and layered depth from the crowd. The overall tone is cinematic and intense, with subtle contrast - a naturally lit face emerging from darkness - evoking the spirit of urban resilience and rhythm. Shot in professional studio quality, 8K resolution, with high dynamic range, filmic tones, and authentic hip-hop editorial energy."
Group_taking_distorted,2,2,3,True,False,Group_taking_distorted_202604061447.jpeg | Group_taking_distorted_202604061448.jpeg,"A hyper-realistic fisheye wide-angle selfie, captured with a vintage 35mm fisheye lens creating heavy barrel distortion. without any camera or phone visible in the subject’s hands.

Subject & Action: A close-up, distorted group photo featuring [Person From Uploaded Image] taking selfie with [stranger things]. Everyone is making wild, exaggerated faces, squinting slightly from the flash.

Lighting & Texture: Harsh, direct on-camera flash lighting that creates hard shadows behind the subjects. Authentic film grain, slight motion blur on the edges, and chromatic aberration. It looks like a candid, amateur snapshot as if captured during a chaotic behind-the-scenes moment, not a studio photo."
Gundam_model_box,6,6,3,True,False,Gundam_model_box_202604061446.jpeg | Gundam_model_box_202604061448.jpeg | Gundam_model_box_202604061448_2.jpeg | Gundam_model_box_202604061448_3.jpeg | Gundam_model_box_202604061448_4.jpeg | Gundam_model_box_202604061448_5.jpeg,"Transform the person in the photo into a Gundam model kit packaging box style, presented in isometric perspective. Label the box with the title ""ADI BRILL"". Inside the box, display a Gundam-style mechanical version of the person from the photo, along with their essentials (such as makeup, bags, or other items) redesigned as futuristic mechanical accessories. The packaging should resemble real Gunpla boxes, including technical illustrations, instruction manual-style details, and sci-fi fonts. Beside the box, also display the actual Gundam-style mechanical figure itself, outside the packaging, rendered in a realistic and lifelike style, similar to official Bandai promotional renders."
Hand_drawing_portrait,2,2,3,True,False,Hand_drawing_portrait_202604061447.jpeg | Hand_drawing_portrait_202604061447_2.jpeg,"Create An ultra-realistic, full-body cinematic portrait based precisely on the uploaded reference image (male or female) - maintaining 100% fidelity to the subject’s real face and hairstyle, with no modification or change to facial features, expression, or hair texture.

Depict the subject as a person in their early 30s, height 167 cm, weight approximately 70 kg, with a confident yet calm expression, staring directly at the camera.
Pose: leaning casually against a minimalist interior wall, right leg crossed over left, both hands tucked into pants pockets - a natural, poised stance that communicates quiet confidence.

Wardrobe:
* Short-sleeved maroon polo shirt with a small white “LV” logo on the left chest.
* Dark blue slim-fit denim jeans.
* Black casual sneakers with white soles.
* A black wristwatch visible on the left wrist.

Environment:
A modern minimalist interior - matte gray walls, dark wood flooring, and matching base plinths.
To the subject’s right (camera perspective) hangs a large framed artwork: a black-and-white vector-style portrait of the same subject’s face (based on the reference image), executed in stencil/graphic design style, with the inscription""ADI BRILL"" in clean capital letters at the bottom.

Lighting setup:
Cinematic Chiaroscuro style - one hard light source from the top-left, acting like a dramatic spotlight.
This illumination emphasizes the left side of the face and body, leaving the right side in deep shadow, creating visual depth and emotional contrast.
Soft ambient bounce light subtly reveals wall and floor details without breaking the moody atmosphere.

Camera setup:
* Eye-level angle, capturing the entire body.
* Composition: balanced and deliberate, with the subject positioned slightly left and the artwork on the right for spatial harmony.
* Lens simulation: 50mm full-frame, aperture f/4, maintaining crisp sharpness with natural depth of field.

Color palette:
A controlled, cool cinematic tone, dominated by grays, blacks, and dark blues, with the maroon shirt as a striking accent color drawing visual focus.
Subtle reflections and color bleed from the maroon hue enrich the surrounding textures.

Technical details:
* 8K resolution
* Hyper-detailed realism (visible skin texture, fabric grain, polished leather surfaces)
* High contrast cinematic grade
* Professional portrait-photography aesthetic with filmic sharpness, balanced shadows, and dynamic range optimized for print or gallery display.

Atmosphere:
Elegant, modern, introspective - a portrait that celebrates discipline, individuality, and creative confidence."
Hand_grabbing_popcorn,3,6,3,False,False,Hand_grabbing_popcorn_202604061446.jpeg | Hand_grabbing_popcorn_202604061447.jpeg | Hand_grabbing_popcorn_202604061448.jpeg,"A photorealistic image of a vintage 1980s CRT television set on a wooden entertainment center. Inside the TV screen, [person from attached photo] is watching a movie, holding a bowl of popcorn. A real hand from outside the TV reaches into the screen, grabbing a handful of popcorn from the bowl. Popcorn pieces dramatically scatter in 3D, breaking out of the screen boundary with realistic physics. Nostalgic warm lighting, VHS aesthetic with subtle scan lines, hyperrealistic, 4K."
Hand_holding_pen,2,2,3,True,True,Hand_holding_pen_202604061447.jpeg | Hand_holding_pen_202604061448.jpeg,"Photorealistic pen tablet screen. Realistic first-person hand holding the pen tablet and pen.
The original image is reproduced on the pen tablet in an unfinished state. The line art has been extracted from the original image. Portions of the line art have been colored with the same coloring as the original image. Unfinished coloring. Must not be monochrome. About 70% of the coloring is done.
Close-up. The pen tip is touching the tablet screen."
Holographic_character_floating,2,2,3,True,False,Holographic_character_floating_202604061448.jpeg | Holographic_character_floating_202604061448_2.jpeg,"Ultra-realistic product photo.
Subject: virtual holographic character [CHARACTER], floating above a circular hologram projector Ø120 mm placed on a modern desk.

Projection source rules:
- If input reference is a 3D object → show a desktop 3D scanner beside the projector.
  Place the reference object on the scanner plate.
  The hologram above the projector is generated from this scanned object.
- If input reference is a 2D image → show a modern PC with monitor on the desk.
  Display the reference image on the monitor screen.
  The hologram above the projector is generated from this screen content.

Hologram rendering rules:
- Character always appears as a semi-transparent volumetric image, background faintly visible through.
- No beams, no particles, no solid statue surfaces.
- Balanced anatomy (1/7–1/8 head-to-body ratio), correct proportions.
- Natural pose with clear silhouette.
- Hair, outfit folds, and accessories visible but translucent.
- Face crisp and expressive, readable at 1000 px crop.
- No copyrighted characters, no branded designs, no IP logos.

Environment: modern desk with projector base + conditional device (scanner or monitor).
Camera: 85–100 mm lens, 3/4 hero angle, eye-level, f/11–f/16, ISO100, tripod.
Lighting: desk softly illuminated; holographic figure defined only by volumetric light.
Background: seamless black studio with subtle reflections.

Output: 4:5, 2048×2560.

Negative: text-free, watermark-free, logo-free, brand-free, copyrighted characters, franchise IP, trademarked designs, resin, PVC, physical statue, opaque surfaces, toy gloss, beams, scanlines, dots, distortion, extra digits.
Sampling: deterministic, seed=12345, temperature=0."
Homem_com_traje,2,2,0,True,True,Homem_com_traje_202604061447.jpeg | Homem_com_traje_202604061447_2.jpeg,"a stylized line art drawing of the [toriis], fine black ink outlines combined with soft pastel watercolor washes for the [sky and trees and road], glimpse of a [shrine] in the distance, cream background, elegant and poetic travel poster aesthetic. Ratio[3:4]"
Hybrid_photo-illustration_mixed,6,7,3,False,False,Hybrid_photo-illustration_mixed_202604061446.jpeg | Hybrid_photo-illustration_mixed_202604061447.jpeg | Hybrid_photo-illustration_mixed_202604061448.jpeg | Hybrid_photo-illustration_mixed_202604061448_2.jpeg | Hybrid_photo-illustration_mixed_202604061448_3.jpeg | Hybrid_photo-illustration_mixed_202604061448_4.jpeg,"high-quality hybrid photo-illustration of a subject, featuring a clean ""mixed-media"" aesthetic where a realistic photograph is blended with bold, vector-style hand-drawn graphics.
Core Stylistic Structure:
Realistic Portrait Base: The central subject's face and hair, along with the immediate background, are high-quality and photorealistic. The background is slightly blurred to create depth.
Overlaid Vector Illustration: Specific elements within the frame are replaced or overlaid with clean-lined, vibrantly colored 2D vector illustrations.
Hybrid Accessories: Any items worn on the head or face (e.g., sunglasses, hats, jewelry) are rendered as flat, stylized graphic overlays with sharp outlines.
Hybrid Held Items: Any object held by the subject (e.g., food, drink, or tools) is rendered entirely as a cartoon-style graphic piece, featuring bold outlines, simplified shading, and stylized details like drips or highlights.
Illustrated Clothing: The subject's outfit is depicted as a flat, 2D illustrated graphic layer with vibrant colors, worn over the realistic portrait.
Graphic Enhancements:
VFX Overlays: Dynamic ""liquid splashes,"" ""pop-art sparkles,"" and tiny stars are scattered around the illustrated objects to add energy and movement.
Visual Contrast: A sharp, intentional contrast between the natural skin tones/textures of the photo and the highly saturated, solid colors of the 2D illustrations (vivid reds, electric blues, bright yellows).
Aesthetic & Finish:
A professional and artistic mixed-media composition. The transition between the realistic photo and the graphic drawing is crisp, clean, and seamless, creating a unique ""augmented reality"" look."
Illustration_in_1980s,2,2,2,True,False,Illustration_in_1980s_202604061447.jpeg | Illustration_in_1980s_202604061448.jpeg,"Create Transform the provided image into a hand-painted, cinematic illustration in the style of classic movie posters from the 1980s and early 1990s. The artwork should appear as a realistic acrylic or oil painting, featuring expressive brushstroke textures, dramatic highlights, and warm, contrasting tones that evoke nostalgia and epic storytelling.

Desired characteristics:
– Art style inspired by legendary poster artists such as Drew Struzan and Richard Amsel.
– Vibrant colors, dynamic accent lighting, and cinematic shadows that add depth and emotion.
– The character should display confidence and charisma, striking a cinematic pose reminiscent of a timeless movie protagonist - equally suited to any gender.
– The background should incorporate narrative elements - such as ancient relics, sleek sports cars, glowing cityscapes at night, magical energy, starry skies, or dynamic lighting effects - depending on the theme.
– Artistic typography may be subtly implied in the composition, but with no legible text.

The final result should feel like an authentic poster for an adventure, fantasy, or comedy film from the 1980s, blending realistic painting, heroic yet inclusive composition, and nostalgic vintage cinema atmosphere.

Visual inspirations:
Back to the Future, Indiana Jones and the Temple of Doom, The Goonies, E.T. the Extra-Terrestrial, Blade Runner, The Thing, Harry Potter, Return of the Jedi."
Illustration_playing_card,2,2,3,True,False,Illustration_playing_card_202604061448.jpeg | Illustration_playing_card_202604061448_2.jpeg,"Create Ultra-detailed illustration in the style of a torn paper collage mixed with 3D layered cutout art, designed as a dramatic fantasy playing card.

Character based on the figures from the uploaded image, depicted in a dynamic pose with ornate fantasy armor and a stylized, expressive face.

Bold paper textures with visible fibers, rough torn edges, and vibrant contrasting colors.

Intricate shadows cast between layered fragments of paper, creating a sculptural handcrafted effect.

Background filled with multiple layered cutout shapes, enhancing depth and dimension.

Sharp focus, poster-style composition, modern fantasy art aesthetic.

Small imperfections, natural fiber textures, and handcrafted realism emphasized.

Atmospheric lighting with strong highlights and dramatic shadows for cinematic depth."
Image_CMYK_halftone,1,2,2,False,False,Image_CMYK_halftone_202604061447.jpeg,"Transforme the uploaded image entirely into a CMYK halftone effect. Use overlapping dots of cyan, magenta, yellow, and black to create depth and texture, with a 1970s comic book aesthetic. Include dramatic lighting and abstract geometric shapes in the background.Ratio[2:3]"
Image_as_iPhone,2,2,1,True,True,Image_as_iPhone_202604061448.jpeg | Image_as_iPhone_202604061448_2.jpeg,"{""intent"":""Generate a photorealistic, high-fidelity smartphone photograph simulating a raw night-time capture at a bustling Asian night market."",""subject"":{""attire"":""Vivid royal blue satin deep-V crop top with a front tie/knot detail..."",""pose"":""Seated at a table, facing the camera directly. Right hand holding a clear plastic cup...""},""environment"":{""location"":""Semi-outdoor night market dining tent."",""background"":""White canopy tent structure visible above...""},""lighting"":{""style"":""Direct on-camera smartphone flash simulation.""},""camera"":{""aesthetic"":""Mobile photography, Apple iPhone 16 Pro Max simulation.""}}"
Image_description_subject,2,2,2,True,True,Image_description_subject_202604061448.jpeg | Image_description_subject_202604061448_2.jpeg,"A photorealistic fashion upper body shot of [Character Description and expression] wearing [Detailed Outfit Description]. The subject is framed inside a central white Instagram-style post border.

Composition & Spacing: The white frame is perfectly centered in the middle of the image, leaving balanced empty [Soft Background Color matching the outfit] space above and below the frame to match the theme.

Frame Details: The top, left, and right white borders are very thin. The bottom white section is thicker to include UI elements. The bottom section features a red heart icon, comment bubble, share icon, and bookmark icon.

Text Details: Clearly visible text on the bottom panel: ""[Number] likes"", username ""[Username]"", caption ""[Caption text]... more"", and below that, ""View all comments"".

3D Pop-Out Effect & Hand Pose:
[CHOOSE ONE OF THE FOLLOWING ACTIONS OR DESCRIBE YOUR OWN ACTION:]
 1. (Grip): head and arms are physically popping out OVER the top and side thin borders. hands are realistically gripping the outer edges of the thin side borders, appearing to hold the frame firmly.
2. (Kiss): Her body is leaning forward towards the camera, creating a strong sense of depth. Her head remains securely framed WITHIN the top thin white border. Only her right hand, raised near her mouth in a blowing-kiss gesture, physically extends forward and breaks OUT of the thin side frame boundary. Her left hand realistically grips the side edge.
3. (Resting): She is looking directly at the camera with a gentle smile. Her head and shoulders physically pop out OVER the top thin white border. Crucially, her hands are realistically resting comfortably on top of the thicker bottom white UI panel, appearing to lean casually on the frame edge.
4. (Dynamic Frame): Her upper body and head remain secure WITHIN the boundaries of the white frame. However, both of her arms are fully extended outward dynamically, breaking past the thin borders up to her elbows, reaching straight toward the camera lens. She forms a distinct “L” shape with both hands, as if framing a scene. Due to perspective, her hands are positioned significantly closer to the camera than her face, showing strong spatial depth.

Subject Dimensionality & Texture: The subject must look like a solid, three-dimensional figure, not flat. Emphasize the detailed texture of the [Specific Fabric Name from outfit description], the contours of the face, and realistic hair details. She should have distinct depth separating her from the flat [Background Color] background.

Lighting & Shadows: Professional studio lighting creating soft, realistic drop shadows cast by the physical frame and, crucially, by the [popping-out elements, e.g., hands/head/arms] onto the solid flat [Background Color] background, enhancing the dramatic depth and illusion. High definition, commercial photography."
Image_like_first,2,2,1,True,True,Image_like_first_202604061447.jpeg | Image_like_first_202604061448.jpeg,"Photorealistic pen tablet screen. Realistic first-person hand holding the pen tablet and pen.
The original image is reproduced on the pen tablet in an unfinished state. The line art has been extracted from the original image. Portions of the line art have been colored with the same coloring as the original image. Unfinished coloring. Must not be monochrome. About 70% of the coloring is done.
Close-up. The pen tip is touching the tablet screen."
Image_posing_in,1,1,1,True,False,Image_posing_in_202604061447.jpeg,"{ ""Objective"": ""Create a 3x3 Instagram-style grid of low-quality smartphone photos featuring the same attractive, beautiful, sensual, athletic Asian woman enjoying Disneyland, clearly showing iconic park elements, rides, and mascots."", ""Composition"": { ""layout"": ""3x3 grid"", ""aspect_ratio"": ""1:1"", ""framing"": ""each square captures a different candid Disneyland moment, forming a cohesive Instagram profile"" }, ""Subject"": { ""type"": ""young Asian woman"", ""appearance"": { ""beauty"": ""extremely attractive, natural beauty"", ""body"": ""athletic, fit physique"", ""skin"": ""natural texture, no glossiness, no smoothing"", ""makeup"": ""light, natural"", ""expression"": ""joyful, playful, candid"" }, ""consistency"": ""same woman across all 9 photos"" }, ""Wardrobe"": { ""style"": ""Disneyland themed outfits"", ""details"": [ ""Mickey/Minnie ears headband"", ""Disney-themed crop tops or hoodies"", ""casual shorts or skirts"", ""sneakers"", ""colorful, playful  clothing"" ] }, ""Scenes"": [ { ""position"": ""top left"", ""location"": ""roller coaster ride"", ""pose"": ""mid-ride candid, wind-blown hair, excited expression"" }, { ""position"": ""top center"", ""location"": ""Disney castle"", ""pose"": ""standing in front, casual pose, slightly off-center"" }, { ""position"": ""top right"", ""location"": ""posing with mascot (e.g., Mickey Mouse)"", ""pose"": ""playful pose, smiling"" }, { ""position"": ""middle left"", ""location"": ""theme park street with shops"", ""pose"": ""walking candid, holding snack or drink"" }, { ""position"": ""middle center"", ""location"": ""carousel or classic ride"", ""pose"": ""sitting on ride, laughing naturally"" }, { ""position"": ""middle right"", ""location"": ""posing with another mascot (e.g., princess or character)"", ""pose"": ""fun interaction, slightly posed but natural"" }, { ""position"": ""bottom left"", ""location"": ""nighttime Disneyland lights"", ""pose"": ""slightly blurred candid shot, glowing lights behind"" }, { ""position"": ""bottom center"", ""location"": ""food stand"", ""pose"": ""holding Disneyland snack (e.g., churro), casual smile"" }, { ""position"": ""bottom right"", ""location"": ""wide park view with rides"", ""pose"": ""back facing  camera or looking away, scenic shot"" } ], ""Photography"": {
""camera"": ""smartphone"",
""style"": ""Instagram casual travel"",
""quality"": ""intentionally low quality"",
""lighting"": ""natural sunlight, uneven exposure"",
""imperfections"": [
""motion blur"",
""grain/noise"",
""slight overexposure or underexposure"",
""lens distortion"",
""unbalanced framing"" ], ""effects"": [ ""no beauty filter"", ""no skin retouching"", ""authentic dynamic range"", ""slightly inconsistent color tones"" ] }, ""Mood"": ""fun, energetic, playful, theme park adventure"", ""Rendering"": { ""style_keywords"": [ ""instagram grid"", ""disneyland photos"", ""theme park lifestyle"", ""smartphone photography"", ""candid moments"", ""low quality aesthetic"" ], ""realism"": ""highly realistic smartphone look"", ""detail_level"": ""natural imperfect detail"", ""aspect_ratio"": ""--ar 1:1"" }, ""Response_Format"": { ""type"": ""image_generation_prompt_json"", ""editable_fields"": [ ""scenes"", ""wardrobe"", ""lighting"", ""poses"" ] }
}"
Image_to_woodblock,2,2,1,True,False,Image_to_woodblock_202604061446.jpeg | Image_to_woodblock_202604061447.jpeg,"Transform the provided image into a traditional Japanese/Chinese woodblock print style. Use bold, flat ink-like strokes, high contrast with deep reds, indigo or black, and subtle earthy tones for background. Emphasize the hand‑carved texture: add crisp, layered linework and carved patterns to simulate wood grain. Maintain the original composition and main subjects while rendering them in a stylized, high‑contrast, limited‑palette woodcut aesthetic. Ensure the image preserves the distinct visual hierarchy and characteristic negative space of classic woodblock prints."
Image_transformed_into,8,8,1,True,False,Image_transformed_into_202604061447.jpeg | Image_transformed_into_202604061447_2.jpeg | Image_transformed_into_202604061447_3.jpeg | Image_transformed_into_202604061447_4.jpeg | Image_transformed_into_202604061447_5.jpeg | Image_transformed_into_202604061448.jpeg | Image_transformed_into_202604061448_2.jpeg | Image_transformed_into_202604061448_3.jpeg,"Transform the uploaded image into a handcrafted mosaic made entirely from broken matzo pieces arranged on a rustic wooden table. Reinterpret all visible elements from the original image as matzo fragments, using lighter pieces for highlights and slightly toasted darker pieces for shadows, contours, and details. The final result should look like the original image has been recreated as edible Passover food art laid flat on a wooden surface, with scattered matzo crumbs, broken pieces, flour dust, and a few whole matzo sheets around it. Photorealistic, warm natural lighting, top-down or slightly angled overhead view, ultra detailed textures, rustic editorial food photography."
Individual_in_Instagram,6,3,2,False,True,Individual_in_Instagram_202604061447.jpeg | Individual_in_Instagram_202604061447_2.jpeg | Individual_in_Instagram_202604061447_3.jpeg | Individual_in_Instagram_202604061448.jpeg | Individual_in_Instagram_202604061448_2.jpeg | Individual_in_Instagram_202604061448_3.jpeg,"Create Ultra realistic portrait of an individual presented inside an oversized Instagram post frame that dominates the scene. Keep uploaded face consistent and unchanged. The individual's facial features are delicate yet sharp, clean, flirting and naturally stunning, with eyes locked on the viewer with calm, magnetic intensity and lips softly relaxed and neutral, radiating a high-fashion model expression.
They stand in a modern, dynamic pose: upper body leaning subtly forward, one hand casually gripping the top edge of the Instagram frame, while one leg steps gracefully outward through the frame, creating a smooth and stylish 3D illusion.
The Instagram frame is ultra realistic with:
username 'Brill.ai', verified badge,
display name 'Adi Brill',
profile stats '[42k followers]',
caption '[NANO BANANA]',
authentic [Instagram] UI icons (like, comment, share, save, emoji reactions),
and a circular profile picture identical to the subject.
The individual wears LIKE THE IMAGE REFRENCE
The background features a fresh modern gradient of PURPLE PINK PASTEL HOLOGRAPHIC GRADIENT, with airy highlights and subtle smooth textures that perfectly complement the cool toned outfit.
Shot on an 85mm lens at f/2.0, clean cinematic lighting, shallow depth of field, natural color grading, high resolution, detailed textures, photorealistic, viral ready editorial aesthetic."
Influencer_daily_routine,2,2,3,True,False,Influencer_daily_routine_202604061447.jpeg | Influencer_daily_routine_202604061448.jpeg,"A photorealistic 12-panel grid collage layout (3 columns x 4 rows) depicting the 24-hour daily routine of a trendy 24-year-old Japanese beauty influencer named Mina. Aspect ratio 3:4. Each panel is a high-quality snapshot with a specific handwritten-style cute Japanese text caption overlay. Cinematic, highly detailed, photorealistic, lifestyle photography. The Japanese text should be legible, cute handwriting style, placed naturally in each frame."
Influencer_in_American,2,2,2,True,False,Influencer_in_American_202604061446.jpeg | Influencer_in_American_202604061447.jpeg,"{
    ""generation_request"": {
      ""meta_data"": { ""tool"": ""NanoBananaPro"", ""task_type"": ""photorealistic_multi_panel_grid"", ""version"": ""v1.0"" },
      ""output_settings"": { ""layout"": { ""type"": ""2x2_grid"", ""border"": ""thin_white_gutter"", ""frame_consistency_rule"": ""same_person_same_outfit"" }, ""aspect_ratio"": ""4:5"", ""resolution"": ""ultra_high_res"", ""render_style"": ""flash_pop_color"" },
      ""reference_constraints"": { ""character_reference_image"": ""{argument name=""character reference image"" default=""UPLOAD_REF_IMAGE""}"", ""use_reference_face_only"": true, ""identity_lock"": true, ""strict_face_match"": true },
      ""global_prompt"": {
        ""scene"": ""American Diner, retro 50s style. Red leather booths, checkerboard floor, neon sign outside window."",
        ""subject"": {
          ""type"": ""influencer"",
          ""identity"": ""same person as reference image"",
          ""hair"": ""high pigtails with ribbons"",
          ""makeup"": ""winged liner, freckles"",
          ""outfit"": ""cropped ringer tee, denim shorts, knee high socks, converse"",
          ""prop"": ""strawberry milkshake with two straws and cherry""
        },
        ""camera"": { ""capture"": ""retro flash"", ""lens_equivalent"": ""35mm"", ""focus"": ""subject"", ""depth_of_field"": ""sharp"" }
      },
      ""frames"": [
        { ""frame_id"": ""A"", ""position"": ""top_left"", ""shot_type"": ""sipping_milkshake"", ""pose"": ""Sipping milkshake aggressively, looking up at camera under lashes."", ""expression"": ""playful, innocent"" },
        { ""frame_id"": ""B"", ""position"": ""top_right"", ""shot_type"": ""cherry_bite"", ""pose"": ""Holding the cherry by the stem near mouth."", ""expression"": ""seductive, fun"" },
        { ""frame_id"": ""C"", ""position"": ""bottom_left"", ""shot_type"": ""booth_knees"", ""pose"": ""Kneeling on the booth seat, looking out the window."", ""expression"": ""bored, waiting"" },
        { ""frame_id"": ""D"", ""position"": ""bottom_right"", ""shot_type"": ""messy_face"", ""pose"": ""Swipe of whipped cream on nose, laughing."", ""expression"": ""goofy"" }
      ]
    }
  }"
Ink_drawing_of,4,4,2,True,False,Ink_drawing_of_202604061447.jpeg | Ink_drawing_of_202604061447_2.jpeg | Ink_drawing_of_202604061448.jpeg | Ink_drawing_of_202604061448_2.jpeg,"i Create an ink drawing/blue Bic-pen sketch in a photographic style of the person or people, with a face or facesidentical to the reference image provided – keep every facial feature, proportion, and expression exactly the same. Use shades of blue ink with intricate details and fine lines, drawn over a notebook-style page background. Show a right hand holding a pen and an eraser near the sketch, as if the artist were still working.“"
Ink_illustration_with,2,2,2,True,True,Ink_illustration_with_202604061447.jpeg | Ink_illustration_with_202604061447_2.jpeg,"Create an ultra-realistic premium chocolate spread jar packaging mockup featuring the reference person inside the label scene, with dynamic brand typography styling and full breakfast table visibility.

Identity Preservation (Strict Identity Lock):
- Preserve the exact facial identity, proportions, hairstyle, and expression from the reference photo.
- Do not alter facial structure or change the subject into any other known person.
- Maintain 100% identical appearance as in the reference image.

Subject:
- Fully photorealistic human (no illustration look).
- Subject occupies no more than 55% of label height.
- Placed slightly deeper in the scene to allow full table visibility.
- Naturally seated at breakfast table holding toast with chocolate spread.
- Warm natural expression consistent with real-life breakfast moment.
- Real skin texture, natural pores, accurate lighting response.

Scene:
- Entire breakfast table must be fully visible. No food items cropped. Clear foreground table edge. Balanced spatial depth between subject and table.
- Food items: Plate with chocolate toast, open chocolate spread jar, fruit bowl, glass of orange juice, additional breakfast elements.
- Background: Soft warm kitchen environment integrated into label with realistic depth.

Product:
- Premium chocolate spread jar mockup.
- Rich glossy chocolate texture inside jar, realistic glass reflections, subtle studio highlight rolloff, natural grounded shadow under jar.

Label Design:
- Brand name: Brill.ai
- Automatically style first character of Brill.ai in black (#000000) and all remaining characters in red (#E10600).
- Bold rounded sans-serif similar to premium chocolate spread branding, heavy weight, tight commercial kerning, straight horizontal baseline.
- Subtle micro ink texture, matte label with slight light absorption, apply subtle horizontal distortion following jar curvature. Text must appear printed on the label, not floating above it.
- Brand name placed in upper third of label, behind the subject, never overlap the face or head, fully readable despite depth layering.

Art Direction:
- Premium supermarket-ready packaging photography.
- Warm, authentic, inviting breakfast branding.
- Soft natural morning tones with controlled highlights.
- Indistinguishable from real commercial product photo.

Camera & Lighting:
- Commercial product photography, 50mm full-frame equivalent, f/8, slightly tilted dynamic presentation angle.
- Wide enough framing to include entire table scene inside label.
- Soft studio lighting mimicking natural morning light, front-side soft key light, soft controlled shadows, no harsh contrast.
- Jar fully sharp, subtle background blur.

Negative Constraints: No original Nutella logo, no floating text, no cartoon style, no text overlapping face, no watermark."
Israeli_gold_coin,1,1,3,True,False,Israeli_gold_coin_202604061448.jpeg,"Create an ultra-realistic macro close-up of an Israeli gold coin. The coin features a side profile portrait of [the attached figure], engraved in detail with a gilded metal texture, fine scratches, and wear marks that give it an authentic look. Surrounding the portrait is a prominent Hebrew inscription: at the top are the words '[State of Israel] and 'Adi Brill]', and at the bottom is the value '[50] New Shekels'. The menorah symbol appears in small print at the top. The background is pitch black. Dramatic side lighting emphasizes the prominence and depth of the engraving."
Japanese_teenagers_in,1,2,2,False,False,Japanese_teenagers_in_202604061448.jpeg,"A low-resolution digital photo taken on a 2005 Sony CyberShot. A group of Japanese teenagers hanging out in a Shibuya mall food court in Tokyo. Harsh on-camera flash, slightly blown-out highlights, digital noise in the shadows. The skin texture looks slightly waxy due to early digital processing. An orange date stamp appears in the bottom right corner reading '18/01/2005'. Candid, awkward angles, Mixi photo aesthetic."
Joyful_characters_watercolor,1,2,3,False,False,Joyful_characters_watercolor_202604061447.jpeg,"kind-hearted children's book, featuring joyful characters, watercolor, warm colors, by greg rutkowski, iridescent accents, ray tracing, product lighting, sharp, smooth, masterpiece"
Kinetic_sand_kiwi,2,2,3,True,False,Kinetic_sand_kiwi_202604061447.jpeg | Kinetic_sand_kiwi_202604061448.jpeg,"A kinetic sand sculpture of a kiwi bird, fine-grain texture and flowing edges, caught mid-collapse, ambient natural lighting, soft tones of warm beige, soft terracotta, and pale sand, photographed in a windswept coastal blue setting."
LABUBU_figure_in,5,2,2,False,True,LABUBU_figure_in_202604061447.jpeg | LABUBU_figure_in_202604061448.jpeg | LABUBU_figure_in_202604061448_2.jpeg | LABUBU_figure_in_202604061448_3.jpeg | LABUBU_figure_in_202604061448_4.jpeg,"create a hyper-realistic composite image of a LABUBU-style collectible figure inside a branded 3D toy box.

 Use the exact real human face from the uploaded photo, preserving all lighting, texture, and expression exactly as captured. Do not modify or stylize the face in any way.
 The figure has fluffy fur in [FUR COLOR].
 Maintain strong visual contrast between the hyper-realistic human face and the illustrated LABUBU-style body.
 The body holds a small yellow rubber duck.
 The ears are fully covered by the fur.
 The box design follows these specifications precisely:

   White vertical 3D toy box with visible perspective.
   Transparent front window showing the full figure.
   Top section: “LABUBU!” in bold white on dark blue strip, white circle with “01” top-right.
   Bottom section: purple banner with ""ADI BRILL"" in uppercase black letters.
   Inside background gradient orange → blue.
   Small round sticker bottom-left with text “Brill.ai.”
 The box rests on a clean light wooden table with soft natural shadows.
 Cinematic studio lighting, subtle reflections, and professional product photography look.
 The final image should look like a premium, physical collectible photographed in a real studio, highlighting the contrast between realism and fantasy."
Line_art_drawing,1,1,3,True,False,Line_art_drawing_202604061447.jpeg,"Generate a four-panel drawing process for the character: Step 1: Line art, Step 2: Flat colors, Step 3: Add shadows, Step 4: Refine and complete. No text."
Location-based_AR_experience,2,2,3,True,False,Location-based_AR_experience_202604061446.jpeg | Location-based_AR_experience_202604061448.jpeg,"you are a location-based AR experience generator.
highlight [point of interest] in this image and annotate relevant information about it."
Location-based_AR_experience_202604041700.jpeg,1,2,3,False,False,Location-based_AR_experience_202604041700.jpeg_202604061448.jpeg,"you are a location-based AR experience generator.
highlight [point of interest] in this image and annotate relevant information about it."
Luxury_Anti-Aging_Serum,2,2,4,True,False,Luxury_Anti-Aging_Serum_202604061446.jpeg | Luxury_Anti-Aging_Serum_202604061448.jpeg,"A 4K resolution, 1:1 square collage poster, 10 distinct panels grid. Product: Luxury Anti-Aging Serum Bottle.1. [Hero] The amber glass bottle glowing under spotlight on a pedestal.2. [Texture] A smear of the liquid serum on clear glass, showing gold flakes.3. [Dropper] Close-up of the dropper dispensing a single perfect drop.4. [Application] A female model applying serum to her cheek (skin focus).5. [Ingredients] Fresh botanical plants and flowers next to the bottle (natural concept).6. [Absorption] Visual effect of serum penetrating skin layers (CGI style).7. [Hand] Holding the bottle against a bright bathroom window.8. [Box] The premium packaging box with gold embossing.9. [Before/After] Split screen of dry skin vs hydrated glowing skin texture.10. [Consistency] The liquid pouring smoothly, showing viscosity.Bright, clean, luxury beauty aesthetic."
Main_character_holding,2,2,3,True,False,Main_character_holding_202604061446.jpeg | Main_character_holding_202604061447.jpeg,"Create Ultra-realistic 8K vertical scene set in a dark alleyway in New York City at night. The main character beasd on the picture I attached here wearing a sleeveless tactical outfit with sports gear strapped to the back (like baseball bats and hockey sticks and sword). The iconic hockey mask is not on his face - instead, he's holding it firmly in one hand, by his side. Next to him, the four Teenage Mutant Ninja Turtles - Leonardo, Raphael, Donatello, and Michelangelo - stand in serious poses, arms crossed, displaying detailed textures on their reptilian skin and worn armor, make sure Who sees all the characters in the picture,
The scene is illuminated by a flickering streetlight and distant neon signs, with wet pavement reflecting the gritty urban light. The overall tone is intense and cinematic, as if the group is ready for battle, Make the picture as clear and sharp as possible with as much detail as possible and make it look exactly like a poster for a movie that is about to be released and make the main character stay as close as possible to the picture I attached without any special effects, just keep the same look as the picture I attached here."
Make_this_object,2,2,1,True,True,Make_this_object_202604061446.jpeg | Make_this_object_202604061448.jpeg,"Design a geometric portrait of a [object] head in the style of contemporary paper craft collage. Use multiple overlapping paper textures and shadow effects to build dimensional depth. Focus on botanical-inspired color palettes with matte finish aesthetics. The composition should feature bold, angular cuts that form the object's distinctive characteristics while maintaining facial symmetry. Set against a minimalist backdrop with subtle gradient. The final piece should evoke the craftsmanship of museum-quality paper installations. Square format, 1080x1080 pixels."
Male_vampire_with,1,1,2,True,False,Male_vampire_with_202604061447.jpeg,"Dracula tribute /// photorealistic, dark fantasy, highly detailed Stunning male vampire old dracula with white long hair wearing a black coat and ruffled shirt with a high collar, intricate details and sharp, octane render, epic ambiant light, very dark lighting, extremely detailed eye and face, blured background, Bram STOKER style"
Man_adjusting_cap,2,2,2,True,False,Man_adjusting_cap_202604061447.jpeg | Man_adjusting_cap_202604061447_2.jpeg,"Convert uploaded photo into ultra-wide 10mm fisheye portrait from dramatic high top-down angle with strong perspective distortion (larger head, compressed body). Add black oversized sunglasses and plain white cap, right hand adjusting cap, confident upward gaze. Color-block puffer jacket (burnt orange/cream/brown), white tee, white sneakers. Bold terracotta studio background, smooth gradient, high contrast, sharp editorial lighting"
Man_admiring_airport,1,1,3,True,False,Man_admiring_airport_202604061447.jpeg,"An engaging photo capturing a moment of fascination and pride over a meticulously crafted miniature soekarno-hatta international airport terminal 3. The diorama showcases a comprehensive airport scene, illuminated with tiny lights, featuring a runways, terminals, airport control center building, maintenance fleet building, and numerous model commercial airplanes flag carrier (emirates, saudia, etihad, garuda, singapore airlines, qatar, oman, jal, etc) a man are seen learning over the diorama, On the apron, a jet bridge (garbarata) is attached to the aircraft door, its metal and glass structure reflecting warm sunlight. On the left side, a pushback tug in white and yellow is positioned under the aircraft’s nose, with hydraulic details and indicator lights glowing.
In front of the aircraft, a marshaller wearing a reflective vest and headset is signaling precise hand movements with illuminated batons, guiding the pilot into position. In the background, a modern airport shuttle bus with large windows waits to unload passengers. Heat distortion rises from the tarmac, reflections shimmer on the aircraft’s fuselage, and the orange sky enhances the dynamic, lively atmosphere of the busy airport.admiring their creation or presenting it. The background suggests a workshop or studio setting at morning vibe.
Hyper-realistic style, strong depth of field, vivid colors, wide-angle composition, cinematic tone."
Man_analyzing_digital,1,1,3,True,False,Man_analyzing_digital_202604061448.jpeg,"A man is standing in a modern electronics store analyzing a digital camera. He is wearing a watch. On the table in front of him are sunglasses, headphones on a stand, a helmet, and a white sneaker. Use the labeled collage as a reference for all items. Style: realistic commercial photography.
"
Man_climbing_rusted,2,2,3,True,False,Man_climbing_rusted_202604061447.jpeg | Man_climbing_rusted_202604061448.jpeg,"A daring man in all-black streetwear climbs the side of a tall rusted metal bridge tower high above a busy highway. , black beanie, gloves, . Cold misty air surrounds him as he exhales smoke from a cigar, creating a dramatic vapor trail. The scene is set on a gloomy overcast day, with a fog-covered city skyline and a wide river in the background. Cars with headlights on move along the highway far below, adding depth and scale. Moody teal-and-orange tones, realistic textures, gritty urban atmosphere, shallow depth of field, 85mm lens, cinematic contrast, hyper-realistic detail, action-thriller poster style."
Man_dodging_splashing,2,2,2,True,True,Man_dodging_splashing_202604061447.jpeg | Man_dodging_splashing_202604061447_2.jpeg,"Vibrant expressive portrait of a man looking upwards with wonder, wearing oversized bright orange-red glasses (glass light colour full shade). The face is sketched in dynamic black strokes on a textured newspaper background, enriched with splashes of vivid blue and orange paint. The composition blends realism and abstract expressionism, evoking innocence, hope, and creativity. Take full face of the attached picture."
"Man_holding_Jerry,",4,6,3,False,False,"Man_holding_Jerry,_202604061446.jpeg | Man_holding_Jerry,_202604061446_2.jpeg | Man_holding_Jerry,_202604061446_3.jpeg | Man_holding_Jerry,_202604061447.jpeg","Create a hyper-realistic cinematic 8K scene inspired by the reference image, featuring a character of similar overall look and clothing style (man/woman — same face as in the reference image) interacting with Tom and Jerry in a dimly lit hallway.

The character, dressed in soft beige clothing, leans out from a doorway while gently holding Jerry the mouse in one hand.
Tom, the classic gray cat with yellow eyes and an intense expression, is caught mid-lunge, frozen in a burst of motion and frustration.

The lighting is dramatic and cinematic—warm sunlight streaming through dust-filled air from a half-open door at the far end of the corridor.
The rays sweep across the aged wooden floor, forming long, dynamic shadows and revealing drifting dust particles.

The scene combines realistic human detail with 3D-rendered cartoon characters, integrating them naturally into the lighting and environment.

The mood balances tension, humor, and nostalgia, rendered in HDR cinematic color, natural depth of field, and soft volumetric light, as if filmed with a professional DSLR lens at f/1.8.

Style: Octane Render / Unreal Engine 5 — photoreal materials, high contrast, and a subtle post-apocalyptic warmth, capturing a moment of quiet humanity amid chaos."
Man_holding_futuristic,4,2,3,False,True,Man_holding_futuristic_202604061447.jpeg | Man_holding_futuristic_202604061447_2.jpeg | Man_holding_futuristic_202604061447_3.jpeg | Man_holding_futuristic_202604061448.jpeg,"Create an ultra realistic photograph based on the picture I attached here without changing your facial features with a 100% faithful and accurate face, No mask on the face,
The scene shows the character dressed as version of ""punk Deadpool"" walking in serious and determined expression in lit Times Square at night.
Is costume is tight, in dark red and black, with detailed texture of technological fabric and turquoise web black lines covering the torso and arms. On the chest is the Deadpool symbol in turquoise black. Over the man's costume the traditional wears a vest with torn sleeves. There are pointed metal rivet details, spikes, and band patches and anarchist symbols on the vest.
On feet wear high top red old skool tennis vans.
On his wrists she wears leather punk munhequeiras with pointed metal spikes.
In one hand he holds the traditional Deadpool mask, It has at the top of the mask a sharp,
On the other hand he carries a guitar, with a dark blue strap, customized inspired by the Dean ML model, accompanied by rock band and anarchist symbols.
Scenario:
A busy urban street at night, similar to Times Square, New York. The scene is saturated with vibrant neon lights from skyscrapers and digital billboards (outdoors) with advertisements. The street is wet, heavily reflecting the purple, magenta and cyan lights. There is a yellow taxi in the middle of the street. The sky is dark and hazy, adding dramatic contrast to the bright lights.
American shot, street perspective, high contrast, depth of field, bokeh, night photography, subtle cyberpunk-futuristic style, ultra realistic cinematic photography ultra detailed quality 8k
Well-marked clothing texture"
Man_holding_glowing,2,2,3,True,False,Man_holding_glowing_202604061446.jpeg | Man_holding_glowing_202604061447.jpeg,"Prompt : “Create an ultra-realistic studio portrait styled around TikTok branding. A young man (use uploaded image, preserve face and facial texture exactly) sits confidently in a modern, TikTok-themed chair. His legs are casually crossed on a sleek table with a glowing 3D TikTok logo.  

He’s holding a smartphone in one hand, screen glowing with TikTok’s signature neon colors (black, red, and blue). On the phone screen, a viral video plays — a celebrity dancing. In the other hand, he holds a stylish juice bottle printed with the TikTok logo. The background is a custom dark  TikTok-designed room with glowing panels displaying trending TikTok videos, pictures, and floating TikTok icons (❤️ 💬 🎶 🔥 👍😍😂).  

Scene should look  Hyper realistic like a TikTok ambassador campaign. 1:1 aspect ratio, professional lighting, sharp detail.
Resolution 8k"
Man_holding_orb,3,3,3,True,False,Man_holding_orb_202604061446.jpeg | Man_holding_orb_202604061447.jpeg | Man_holding_orb_202604061447_2.jpeg,"A hyper-realistic fantasy scene of a serious young man, kneeling on one knee on cracked concrete floor, holding a glowing orb filled with swirling flames. From it emerges the head of a gigantic fiery wolf, howling toward the ceiling, shooting sparks upward. The man wears a dark trench coat and military boots, his face partially shadowed, gaze locked intensely on the creature. The fiery glow from the orb reflects off a smoky blue background, creating cinematic intensity. 8K, highly detailed, magical realism, fantastical atmosphere."
Man_holding_smartphone,2,2,3,True,True,Man_holding_smartphone_202604061447.jpeg | Man_holding_smartphone_202604061447_2.jpeg,"Prompt : “Create an ultra-realistic studio portrait styled around TikTok branding. A young man (use uploaded image, preserve face and facial texture exactly) sits confidently in a modern, TikTok-themed chair. His legs are casually crossed on a sleek table with a glowing 3D TikTok logo.  

He’s holding a smartphone in one hand, screen glowing with TikTok’s signature neon colors (black, red, and blue). On the phone screen, a viral video plays — a celebrity dancing. In the other hand, he holds a stylish juice bottle printed with the TikTok logo. The background is a custom dark  TikTok-designed room with glowing panels displaying trending TikTok videos, pictures, and floating TikTok icons (❤️ 💬 🎶 🔥 👍😍😂).  

Scene should look  Hyper realistic like a TikTok ambassador campaign. 1:1 aspect ratio, professional lighting, sharp detail.
Resolution 8k"
Man_holding_wildflower,2,2,3,True,False,Man_holding_wildflower_202604061447.jpeg | Man_holding_wildflower_202604061447_2.jpeg," A wildflower blooming in the desert.

Google Gemini Nano Banana Pro and Grok Imagine.

PROMPT : 
​Ultra-detailed cinematic close-up photograph, ultra-photorealistic, 8K resolution, shot on a medium format Hasselblad H6D-400c with a 100mm f/2.8 portrait lens. Impeccable sharpness combined with shallow cinematic depth of field, film-grade lighting, subtle grain, blockbuster photography look.
​Black, wet, curly hair up to the chin. Strictly preserve from the attached first photo, without distortion. Wearing black rectangular sunglasses and a black oversized voluminous blazer.
​Extreme close-up shot from a dramatic low angle looking upward, distorted perspective. In the foreground, a hand holding a delicate white wildflower slightly out of focus. The man is sitting inside a Belarus 82.1 tractor completely covered in carpet, leaning out of the side window. The tractor is parked in a vast, lifeless desert landscape stretching into the horizon.
​Heavy cloudy sky, storm-like atmosphere, soft diffused light breaking through clouds, muted color palette, desaturated cinematic tones, subtle teal-and-orange grading.
​Strong emphasis on facial micro-details, pores, skin texture, moisture on hair strands, wrinkles in the blazer fabric, carpet fibers on the tractor body. Volumetric light rays, atmospheric haze, editorial fashion photography mixed with epic movie still, IMAX-style realism, dramatic mood, hyper-detailed, ultra-sharp, 8K. "
Man_hugging_ALF,2,2,2,True,False,Man_hugging_ALF_202604061447.jpeg | Man_hugging_ALF_202604061448.jpeg,"Take a photo of me, without changing my features, taken in the water, showing a man and a dolphin.
The man:
​100% identical to the attached image and with wet hair, he is looking at the camera.
​He is wearing what appears to be a life jacket and beach trunks.
​He is hugging the dolphin, or with his head against his.
The Dolphin:
​The dolphin's head is very close to the man, floating on the surface of the water. He appears to be looking directly at the camera or the man
Your skin is smooth and gray.
​The Environment:
​The water is incredibly clear and a brilliant turquoise, suggesting a tropical or Caribbean environment.
​The background, slightly out of focus, shows some vegetation and structures (perhaps piers or buildings) on land.
​The day is sunny, and the intense light contributes to the brightness and clarity of the scene.
​The photo conveys a feeling of joy, adventure and close interaction with marine life in a paradisiacal environment."
Man_hugging_dolphin,2,2,3,True,False,Man_hugging_dolphin_202604061446.jpeg | Man_hugging_dolphin_202604061447.jpeg,"Take a photo of me, without changing my features, taken in the water, showing a man and a dolphin.
The man:
​100% identical to the attached image and with wet hair, he is looking at the camera.
​He is wearing what appears to be a life jacket and beach trunks.
​He is hugging the dolphin, or with his head against his.
The Dolphin:
​The dolphin's head is very close to the man, floating on the surface of the water. He appears to be looking directly at the camera or the man
Your skin is smooth and gray.
​The Environment:
​The water is incredibly clear and a brilliant turquoise, suggesting a tropical or Caribbean environment.
​The background, slightly out of focus, shows some vegetation and structures (perhaps piers or buildings) on land.
​The day is sunny, and the intense light contributes to the brightness and clarity of the scene.
​The photo conveys a feeling of joy, adventure and close interaction with marine life in a paradisiacal environment."
Man_ice_fishing,2,2,3,True,False,Man_ice_fishing_202604061447.jpeg | Man_ice_fishing_202604061448.jpeg,"{""Objective"":""Transform the user's descriptive scene prompt into a structured JSON format..."",""Persona_Details"":{""Character"":""Man wearing glasses"",""Clothing"":{""Outerwear"":""Orange winter clothing"",""Footwear"":""Dark red and black ice boots""},""Behavior"":""Ice fishing with a research-focused approach""},""Environment_Details"":{""Setting"":""Frozen ice pond"",""Tent_Color"":""Light brown"",""Sky"":""White, cloudy, heavy atmosphere"",""Scene_Composition"":{""Subject_Position"":""Slightly right of center"",""Purpose"":""Emphasize ice landscape""}},""Objects_and_Props"":{""Ice_Fishing_Equipment"":[""Black front cover"",""Fishing tools""],""Observed_Items"":[""Small objects placed near the tent entrance""]},""Technical_Attributes"":{""Style"":""High-resolution realism"",""Resolution"":""4K"",""Detail_Emphasis"":[""Folds of tent fabric"",""Texture of the ice""]}}"
Man_in_battle-worn,2,2,3,True,False,Man_in_battle-worn_202604061447.jpeg | Man_in_battle-worn_202604061448.jpeg,"CREATE A hyper-photorealistic, extreme-low-angle, wide-lens, cowboy-shot cinematic portrait of the same person from the attached image, preserving the exact facial features, structure, expression, and gender - no added facial hair or alterations.
The character wears a red-and-gold nanotech armor inspired by Iron Man Mark 85, with metallic reflections, soft blue light on the chest, and detailed nanotech texture.
The armor is battle-worn - with scratches, dents, cracks, and scorch marks - conveying realism and intensity.
The character’s body faces forward, head slightly turned away from the camera, eyes focused into the distance, keeping the same calm, confident facial look from the reference image.
Their left hand holds the helmet at the waist - the helmet’s eyes dark and unlit.

On the right side, Thor stands with his hammer and red cape;
on the left, Captain America holds his shield - both in battle-damaged gear and action-ready stance.

Scene takes place on the open balcony of Stark Tower, futuristic architectural style, no railing, with a large brushed-steel “A” Avengers emblem behind.
Daylight environment, cinematic realism color grading, natural light reflections, and precise photorealistic shadowing.
Add subtle blue neon sign text “The Avengers” in the background.

Camera & Look:
Lens: 24 mm wide-angle, extreme low angle.
Depth of field: medium-shallow - sharp on face and armor, soft background.
Lighting: daylight mixed with reflective bounce from metal surfaces.
Color grade: slightly cool cinematic tones, warm gold highlights.
Skin: natural tone fidelity, identical to input photo, no makeup or facial hair changes.

Important directives:
Preserve the exact same face from the input reference.
Do not alter or masculinize facial structure.
No mustache, beard, or added wrinkles.
Same expression, same gender."
Man_in_black,2,2,2,True,True,Man_in_black_202604061447.jpeg | Man_in_black_202604061447_2.jpeg,"Vibrant expressive portrait of a man looking upwards with wonder, wearing oversized bright orange-red glasses (glass light colour full shade). The face is sketched in dynamic black strokes on a textured newspaper background, enriched with splashes of vivid blue and orange paint. The composition blends realism and abstract expressionism, evoking innocence, hope, and creativity. Take full face of the attached picture."
Man_in_car,3,4,2,False,False,Man_in_car_202604061447.jpeg | Man_in_car_202604061447_2.jpeg | Man_in_car_202604061448.jpeg,"Replace the man's face with the exact face from my uploaded photo. Use my real facial features 100% precisely: same eyes, nose, mouth, jawline, skin tone, hair color and hairstyle as in my photo. Do not change or stylize my face at all.

The person (me, with my real face from the photo) is a young man sitting in the open door of a white convertible car on a chaotic New York city street. He’s wearing a white slightly torn button-down shirt, black ripped jeans, and white sneakers. He’s holding a black pistol aimed forward with a serious, determined expression. Dynamic low-angle shot. Background: explosions, thick smoke, fire, shattered glass, abandoned cars, sparks flying near the car wheels. Warm dramatic lighting from the explosions, highly realistic action movie style, photorealistic, ultra-detailed, cinematic."
Man_in_green,2,2,2,True,True,Man_in_green_202604061446.jpeg | Man_in_green_202604061447.jpeg,"Create a Ultra-realistic cinematic portrait based on my attached photo: a confident character sits ON TOP of large 3D neon letters spelling “ADI BRILL”. Make all of the writing clear and easy to read.
He wears a blue suit, black Button-down shirt and blue tie, dark boots, and sunglasses with a yellow lenses; he sits on a stole
hands clasped, elbows on knees, legs apart. Night scene with a dark background, orange neon glow behind and under him, strong rim light, volumetric smoke, concert lights, subtle lens flares. Wet reflective floor showing clear orange reflections of the neon and the man. Warm orange/yellow tones mixed with deep green shadows; moody, slightly post-apocalyptic atmosphere. Sharp details, glossy textures, realistic materials, proper physical shadows, no distortion."
Man_in_hoodie,1,2,2,False,True,Man_in_hoodie_202604061448.jpeg,"Use the uploaded photo as the facial reference without altering their facial features or appearance. The background is clean white, filled with dynamic and expressive watercolor paint splashes in blue, orange, and purple spreading organically across the scene. In the foreground, a realistic human hand holds a paintbrush as if actively painting the sleeve of the man’s hoodie, creating the illusion that the portrait is being painted at that exact moment. The visual style combines detailed ink line art with loose watercolor textures, including paint drips, fine splatters, soft pigment diffusion, watercolor blooming effects, and natural paper texture. The image features strong contrast, an expressive and dynamic artistic look, a clear hand-painted aesthetic, centered composition, soft lighting, high level of detail, and a modern illustration style."
Man_in_school,2,2,1,True,True,Man_in_school_202604061447.jpeg | Man_in_school_202604061447_2.jpeg,"Vibrant expressive portrait of a man looking upwards with wonder, wearing oversized bright orange-red glasses (glass light colour full shade). The face is sketched in dynamic black strokes on a textured newspaper background, enriched with splashes of vivid blue and orange paint. The composition blends realism and abstract expressionism, evoking innocence, hope, and creativity. Take full face of the attached picture."
Man_in_suit,5,5,2,True,False,Man_in_suit_202604061447.jpeg | Man_in_suit_202604061447_2.jpeg | Man_in_suit_202604061448.jpeg | Man_in_suit_202604061448_2.jpeg | Man_in_suit_202604061448_3.jpeg,"“A man in a black suit, with a face 100% identical to the reference image, sits in the cockpit of a large, maneuverable robot. The robot's structure is cool and futuristic, with intricate metal limbs and mechanisms. The interior of an old factory has a workhorse atmosphere, with slight light coming through the roof. No cranes above or overhead equipment is visible. The focus is sharp on the robot and the man piloting it. The medium-range camera angle shows the robot in its entirety. The style is photorealistic, with ultra-detailed detail and dynamic lighting.”
"
Man_laughing_with,2,1,2,False,False,Man_laughing_with_202604061447.jpeg | Man_laughing_with_202604061448.jpeg,"A surreal Renaissance-style oil painting of a [banquet]scene, featuring two curly-haired men in Roman togas sitting at a table full of food, laughing with their tongues out, with a large [a man with an oversized papier-mâché bird head]in the center, also sticking out his tongue. Classical lighting, textured brushstrokes, dramatic shadows, rich details, humorous and ironic composition, Baroque style.ratio[2:3]"
Man_leaning_against,1,2,3,False,False,Man_leaning_against_202604061448.jpeg,"Create an ultra-realistic cinematic portrait of a character (man or woman) based on the attached photo, captured leaning confidently against a vibrant graffiti mural.
The character wears a black jacket, dark jeans, and black Air Max sneakers, arms crossed, gazing to the side with a serious, self-assured expression.
Behind them, a large, realistic mural features a painted portrait of the same person - same pose, outfit, and expression - surrounded by colorful urban graffiti.
Above the mural, the name ""ADI BRILL"" appears in vivid, stylized lettering.
The scene conveys street culture, self-expression, and artistic identity.

Ensure 100% facial accuracy and realistic likeness to the reference photo - keep every micro-feature identical:
* natural skin texture and tone, visible pores and imperfections,
* true facial asymmetry and authentic proportions,
* original hair details, eye color, and expression.

No face-altering filters, masks, retouching, or generative reinterpretation.
Maintain natural lighting realism, physical shadows, and photographic optical depth.
Shot on Sony A7R IV, 85mm f/1.4, shallow depth of field, high dynamic range, Kodak Portra 400 color grading, soft daylight diffusion, and cinematic street atmosphere."
Man_looking_upwards,2,2,3,True,True,Man_looking_upwards_202604061447.jpeg | Man_looking_upwards_202604061447_2.jpeg,"Vibrant expressive portrait of a man looking upwards with wonder, wearing oversized bright orange-red glasses (glass light colour full shade). The face is sketched in dynamic black strokes on a textured newspaper background, enriched with splashes of vivid blue and orange paint. The composition blends realism and abstract expressionism, evoking innocence, hope, and creativity. Take full face of the attached picture."
Man_making_funny,2,2,2,True,True,Man_making_funny_202604061448.jpeg | Man_making_funny_202604061448_2.jpeg,"A selfie taken by the person in the attached image with the Pale Man on the set of Pan's Labyrinth. The Pale Man is played by a towering actor in detailed, terrifying prosthetic makeup, with the hands held up showing the eyes in the palms. The person is making a scared face for the camera. A makeup artist is doing a final touch-up on the intricate details of the Pale Man’s face. The set is dark and detailed."
Man_meditating_on,1,1,1,True,True,Man_meditating_on_202604061446.jpeg,"A young man sitting casually at a modern café counter in Wellington, New Zealand, smiling while holding a glass of iced flat white coffee. On the table in front of him stands a small 3D chibi character version of the same man. The chibi has super-deformed proportions with a large head, big expressive eyes, and simplified facial features. It has a smooth 3D plastic or clay-like texture with soft studio lighting and a clear shadow on the table surface. The chibi is holding a tiny glass of coffee. The café features warm pendant lights with a rimu wood interior and minimalist Scandinavian design elements. The scene combines cinematic realistic human photography with stylized 3D chibi character, using shallow depth of field in vertical composition."
Man_painted_with,2,2,2,True,True,Man_painted_with_202604061446.jpeg | Man_painted_with_202604061447.jpeg,"Vibrant expressive portrait of a man looking upwards with wonder, wearing oversized bright orange-red glasses (glass light colour full shade). The face is sketched in dynamic black strokes on a textured newspaper background, enriched with splashes of vivid blue and orange paint. The composition blends realism and abstract expressionism, evoking innocence, hope, and creativity. Take full face of the attached picture."
Man_petting_tiger,4,4,2,True,False,Man_petting_tiger_202604061446.jpeg | Man_petting_tiger_202604061447.jpeg | Man_petting_tiger_202604061447_2.jpeg | Man_petting_tiger_202604061447_3.jpeg,"Full body portrait of a rugged character attached in the photo with same hair wearing a dark hooded track jacket and dark cargo pants with sneakers, sitting comfortably on a luxurious dark leather sofa. A large, majestic male tiger is calmly resting with its head on the character's lap, appearing relaxed and docile. The character is gently petting the lion. The background is a dimly lit, opulent room with dark curtains, a patterned rug, and a classic wall sconce. Rich, dramatic, cinematic lighting, high contrast, surreal, editorial photography, high detail, photorealistic."
Man_piloting_robot,5,5,3,True,False,Man_piloting_robot_202604061447.jpeg | Man_piloting_robot_202604061447_2.jpeg | Man_piloting_robot_202604061447_3.jpeg | Man_piloting_robot_202604061448.jpeg | Man_piloting_robot_202604061448_2.jpeg,"“A man in a black suit, with a face 100% identical to the reference image, sits in the cockpit of a large, maneuverable robot. The robot's structure is cool and futuristic, with intricate metal limbs and mechanisms. The interior of an old factory has a workhorse atmosphere, with slight light coming through the roof. No cranes above or overhead equipment is visible. The focus is sharp on the robot and the man piloting it. The medium-range camera angle shows the robot in its entirety. The style is photorealistic, with ultra-detailed detail and dynamic lighting.”
"
Man_posing_at,2,2,2,True,True,Man_posing_at_202604061447.jpeg | Man_posing_at_202604061447_2.jpeg,"Create a cheerful (man/woman — same face as in the reference image) taking a selfie at home with the Teenage Mutant Ninja Turtles — Leonardo, Michelangelo, Donatello, and Raphael — all smiling and posing happily around them. The scene is bright and friendly, lit by natural daylight streaming through a window behind them.
Character details: Keep the exact face, expression, and features from the reference photo — skin texture, eye color, hairstyle, and facial hair (if present). Match lighting direction and tone from the original photo for a natural composite. Outfit: blue t-shirt (or similar casual wear).
Camera setup: wide-angle selfie perspective, arm extended holding the phone camera close to the lens. Lens: 24 mm full-frame, aperture f/2.8, shallow depth of field for cinematic focus on faces.
Lighting & atmosphere: soft daylight diffused through the window; warm highlights and subtle shadows; pleasant indoor contrast.
Turtle details: realistic-cartoon hybrid style, expressive faces, detailed textures of skin, shells, and gear. Balanced composition — the character centered, surrounded by the four Turtles leaning in.
Color grading: cinematic tone with warm midtones, vibrant greens and oranges, natural skin tones, gentle film grain.
Post-processing: ultra-realistic textures, depth-mapped lighting, lens reflections, and subtle chromatic aberration for authenticity.
Mood: joyful, nostalgic, friendly — like a spontaneous selfie among friends."
Man_posing_with,2,2,2,True,True,Man_posing_with_202604061447.jpeg | Man_posing_with_202604061447_2.jpeg,"Create a cheerful (man/woman — same face as in the reference image) taking a selfie at home with the Teenage Mutant Ninja Turtles — Leonardo, Michelangelo, Donatello, and Raphael — all smiling and posing happily around them. The scene is bright and friendly, lit by natural daylight streaming through a window behind them.
Character details: Keep the exact face, expression, and features from the reference photo — skin texture, eye color, hairstyle, and facial hair (if present). Match lighting direction and tone from the original photo for a natural composite. Outfit: blue t-shirt (or similar casual wear).
Camera setup: wide-angle selfie perspective, arm extended holding the phone camera close to the lens. Lens: 24 mm full-frame, aperture f/2.8, shallow depth of field for cinematic focus on faces.
Lighting & atmosphere: soft daylight diffused through the window; warm highlights and subtle shadows; pleasant indoor contrast.
Turtle details: realistic-cartoon hybrid style, expressive faces, detailed textures of skin, shells, and gear. Balanced composition — the character centered, surrounded by the four Turtles leaning in.
Color grading: cinematic tone with warm midtones, vibrant greens and oranges, natural skin tones, gentle film grain.
Post-processing: ultra-realistic textures, depth-mapped lighting, lens reflections, and subtle chromatic aberration for authenticity.
Mood: joyful, nostalgic, friendly — like a spontaneous selfie among friends."
Man_pouring_Coca,1,2,3,False,False,Man_pouring_Coca_202604061448.jpeg,"100% Real face Gurita A hyper-realistic surreal composite on a wooden tabletop. A large smartphone dominates the scene, taking up most of the frame. On the screen, the man from the reference image appears much larger in a close-up winter environment, happily holding a glass with a Coca cola logo on it.
A real human hand pours a light-black Coca cola soda from a cold bottle with condensation droplets directly toward the screen, and the liquid breaks through the display into the glass she is holding. The phone appears oversized compared to the book and black pen on the table, enhancing the dimensional-break illusion. Warm natural lighting, soft shadows, extremely sharp liquid details, hyper-realistic textures, surreal cinematic look."
Man_riding_horse,1,2,2,False,False,Man_riding_horse_202604061448.jpeg,"Create a hyper-realistic image of the person attached in the uploaded reference image ( Keep the face of the person 100% accurate from the reference image ) riding a brown horse in shallow waters by the seaside. The person wears a grey tank top, slightly wet, clinging to his chest and shoulders, and a cowboy hat. The scene is illuminated by warm sunlight, with blurred mountains in the background and the vibrant blue sea contrasting with."
Man_sitting_in,7,2,2,False,True,Man_sitting_in_202604061446.jpeg | Man_sitting_in_202604061446_2.jpeg | Man_sitting_in_202604061447.jpeg | Man_sitting_in_202604061447_2.jpeg | Man_sitting_in_202604061448.jpeg | Man_sitting_in_202604061448_2.jpeg | Man_sitting_in_202604061448_3.jpeg," A wildflower blooming in the desert.

Google Gemini Nano Banana Pro and Grok Imagine.

PROMPT : 
​Ultra-detailed cinematic close-up photograph, ultra-photorealistic, 8K resolution, shot on a medium format Hasselblad H6D-400c with a 100mm f/2.8 portrait lens. Impeccable sharpness combined with shallow cinematic depth of field, film-grade lighting, subtle grain, blockbuster photography look.
​Black, wet, curly hair up to the chin. Strictly preserve from the attached first photo, without distortion. Wearing black rectangular sunglasses and a black oversized voluminous blazer.
​Extreme close-up shot from a dramatic low angle looking upward, distorted perspective. In the foreground, a hand holding a delicate white wildflower slightly out of focus. The man is sitting inside a Belarus 82.1 tractor completely covered in carpet, leaning out of the side window. The tractor is parked in a vast, lifeless desert landscape stretching into the horizon.
​Heavy cloudy sky, storm-like atmosphere, soft diffused light breaking through clouds, muted color palette, desaturated cinematic tones, subtle teal-and-orange grading.
​Strong emphasis on facial micro-details, pores, skin texture, moisture on hair strands, wrinkles in the blazer fabric, carpet fibers on the tractor body. Volumetric light rays, atmospheric haze, editorial fashion photography mixed with epic movie still, IMAX-style realism, dramatic mood, hyper-detailed, ultra-sharp, 8K. "
Man_sitting_on,4,4,2,True,True,Man_sitting_on_202604061446.jpeg | Man_sitting_on_202604061447.jpeg | Man_sitting_on_202604061447_2.jpeg | Man_sitting_on_202604061448.jpeg,"Replace the man's face with the exact face from my uploaded photo. Use my real facial features 100% precisely: same eyes, nose, mouth, jawline, skin tone, hair color and hairstyle as in my photo. Do not change or stylize my face at all.

The person (me, with my real face from the photo) is a young man sitting in the open door of a white convertible car on a chaotic New York city street. He’s wearing a white slightly torn button-down shirt, black ripped jeans, and white sneakers. He’s holding a black pistol aimed forward with a serious, determined expression. Dynamic low-angle shot. Background: explosions, thick smoke, fire, shattered glass, abandoned cars, sparks flying near the car wheels. Warm dramatic lighting from the explosions, highly realistic action movie style, photorealistic, ultra-detailed, cinematic."
Man_sitting_ruined,2,2,2,True,True,Man_sitting_ruined_202604061447.jpeg | Man_sitting_ruined_202604061448.jpeg," A wildflower blooming in the desert.

Google Gemini Nano Banana Pro and Grok Imagine.

PROMPT : 
​Ultra-detailed cinematic close-up photograph, ultra-photorealistic, 8K resolution, shot on a medium format Hasselblad H6D-400c with a 100mm f/2.8 portrait lens. Impeccable sharpness combined with shallow cinematic depth of field, film-grade lighting, subtle grain, blockbuster photography look.
​Black, wet, curly hair up to the chin. Strictly preserve from the attached first photo, without distortion. Wearing black rectangular sunglasses and a black oversized voluminous blazer.
​Extreme close-up shot from a dramatic low angle looking upward, distorted perspective. In the foreground, a hand holding a delicate white wildflower slightly out of focus. The man is sitting inside a Belarus 82.1 tractor completely covered in carpet, leaning out of the side window. The tractor is parked in a vast, lifeless desert landscape stretching into the horizon.
​Heavy cloudy sky, storm-like atmosphere, soft diffused light breaking through clouds, muted color palette, desaturated cinematic tones, subtle teal-and-orange grading.
​Strong emphasis on facial micro-details, pores, skin texture, moisture on hair strands, wrinkles in the blazer fabric, carpet fibers on the tractor body. Volumetric light rays, atmospheric haze, editorial fashion photography mixed with epic movie still, IMAX-style realism, dramatic mood, hyper-detailed, ultra-sharp, 8K. "
Man_stepping_out,3,6,2,False,False,Man_stepping_out_202604061446.jpeg | Man_stepping_out_202604061447.jpeg | Man_stepping_out_202604061448.jpeg,"The man stepping out of a luxury black SUV with door held open by a guard. Street smoke, headlights flaring, stylish mini leader pose, crisp shadows, realistic boss attitude, ultrasmooth cinematic lighting."
Man_taking_selfie,4,1,3,False,True,Man_taking_selfie_202604061446.jpeg | Man_taking_selfie_202604061446_2.jpeg | Man_taking_selfie_202604061448.jpeg | Man_taking_selfie_202604061448_2.jpeg,"""I'm taking a selfie with Dorothy and the Tin Man on the set of The Yellow Brick Road. We are on a full-scale outdoor set. The Tin Man is getting a oil-can touch-up from a crew member, and I'm capturing the moment. In the far background, a large green structure representing the Emerald City is visible (inspired by image_11.png)."""
Man_walking_controlled,3,3,3,True,False,Man_walking_controlled_202604061447.jpeg | Man_walking_controlled_202604061448.jpeg | Man_walking_controlled_202604061448_2.jpeg,"the man in a tailored suit walking calmly while a controlled explosion happens behind him. Orange firelight outlining him, dust and debris in slow-motion, fearless expression, Hollywood-style action boss
portrait."
Man_walking_through,1,2,3,False,False,Man_walking_through_202604061447.jpeg,"{""Scene_Details"":{""Setting"":""Vast English landscape with rolling golden-brown hills."",""Atmosphere"":""Moody and atmospheric with dark, brooding clouds.""},""Character_Details"":{""Description"":""Lone man walking through the landscape."",""Clothing"":""Long, dark medieval-style cloak or hooded coat.""},""Stylistic_Instructions"":{""Tone"":""Cinematic, dramatic, solitary."",""Color_Grade"":""Earthy ochres and cool greys.""}}"
Man_walking_urban,2,2,3,True,True,Man_walking_urban_202604061446.jpeg | Man_walking_urban_202604061447.jpeg,"{""Objective"":""Generate an ultra-realistic street-fashion portrait of a young man walking confidently outdoors based on the provided reference image."",""Scene_Description"":{""Environment"":{""Setting"":""Wet pavement near a modern café"",""Background"":{""Style"":""Blurred urban environment"",""Elements"":[""Palm tree"",""Orange and black road barriers"",""Soft urban structures""]},""Lighting"":{""Type"":""Warm natural sunlight"",""Effects"":[""Crisp shadows"",""Golden highlights on clothing and hair"",""Instagram-style warm color mood""]},""Atmosphere"":""Casual, stylish, modern street fashion""},""Subject"":{""Identity"":""Maintain facial features consistent with the provided reference image"",""Appearance"":{""Hair"":""Stylish, slightly messy natural hairstyle"",""Expression"":""Calm, confident""},""Pose"":{""Action"":""Walking confidently on wet pavement"",""Hands"":""Partially in pockets"",""Body_Language"":""Relaxed yet assured, modern fashion posture""}}},""Wardrobe"":{""Outfit"":{""Jacket"":""Beige jacket"",""Shirt"":""White T-shirt"",""Pants"":""Baggy olive jeans"",""Footwear"":""White sneakers""}},""Visual_Style"":{""Aesthetic"":""Instagram-style street fashion"",""Quality"":""Ultra-realistic with sharp details"",""Color_Profile"":""Warm sunlight tones with soft urban contrast"",""Detail_Characteristics"":[""Realistic fabric texture"",""Wet pavement reflections"",""Cinematic blur and depth"",""High clarity in subject’s face and clothing""]},""Output_Requirements"":{""Format"":""Image"",""Quality"":""High-detail, photorealistic, street-fashion editorial""}}"
Man_walking_with,2,2,2,True,True,Man_walking_with_202604061448.jpeg | Man_walking_with_202604061448_2.jpeg,"{""Scene_Details"":{""Setting"":""Vast English landscape with rolling golden-brown hills."",""Atmosphere"":""Moody and atmospheric with dark, brooding clouds.""},""Character_Details"":{""Description"":""Lone man walking through the landscape."",""Clothing"":""Long, dark medieval-style cloak or hooded coat.""},""Stylistic_Instructions"":{""Tone"":""Cinematic, dramatic, solitary."",""Color_Grade"":""Earthy ochres and cool greys.""}}"
Man_wearing_sunglasses,2,2,3,True,True,Man_wearing_sunglasses_202604061447.jpeg | Man_wearing_sunglasses_202604061448.jpeg," A wildflower blooming in the desert.

Google Gemini Nano Banana Pro and Grok Imagine.

PROMPT : 
​Ultra-detailed cinematic close-up photograph, ultra-photorealistic, 8K resolution, shot on a medium format Hasselblad H6D-400c with a 100mm f/2.8 portrait lens. Impeccable sharpness combined with shallow cinematic depth of field, film-grade lighting, subtle grain, blockbuster photography look.
​Black, wet, curly hair up to the chin. Strictly preserve from the attached first photo, without distortion. Wearing black rectangular sunglasses and a black oversized voluminous blazer.
​Extreme close-up shot from a dramatic low angle looking upward, distorted perspective. In the foreground, a hand holding a delicate white wildflower slightly out of focus. The man is sitting inside a Belarus 82.1 tractor completely covered in carpet, leaning out of the side window. The tractor is parked in a vast, lifeless desert landscape stretching into the horizon.
​Heavy cloudy sky, storm-like atmosphere, soft diffused light breaking through clouds, muted color palette, desaturated cinematic tones, subtle teal-and-orange grading.
​Strong emphasis on facial micro-details, pores, skin texture, moisture on hair strands, wrinkles in the blazer fabric, carpet fibers on the tractor body. Volumetric light rays, atmospheric haze, editorial fashion photography mixed with epic movie still, IMAX-style realism, dramatic mood, hyper-detailed, ultra-sharp, 8K. "
Man_with_beard,1,1,2,True,False,Man_with_beard_202604061448.jpeg,"A rugged, intense close-up portrait of a middle-aged man with a textured beard and slightly long, messy hair falling across his face. He wears dark sunglasses with green-tinted lenses that reflect subtle light, enhancing the mysterious, cinematic mood. The lighting is dramatic and low-key."
Man_with_cassette,1,1,2,True,False,Man_with_cassette_202604061447.jpeg,"A top-down perspective of a young man lying on a clean white floor, styled in a classic 90s outfit: a loose graphic tee, light-washed denim jeans, chunky sneakers, and over-ear retro headphones. He holds a portable cassette player in one hand, the tape slightly exposed. Scattered around him are colorful vinyl records, chunky old CRT televisions, and vintage electronics, arranged with clear spacing to create a nostalgic 90s atmosphere."
Man_with_illustration,1,2,2,False,True,Man_with_illustration_202604061448.jpeg,"Use the uploaded photo as the facial reference without altering their facial features or appearance. The background is clean white, filled with dynamic and expressive watercolor paint splashes in blue, orange, and purple spreading organically across the scene. In the foreground, a realistic human hand holds a paintbrush as if actively painting the sleeve of the man’s hoodie, creating the illusion that the portrait is being painted at that exact moment. The visual style combines detailed ink line art with loose watercolor textures, including paint drips, fine splatters, soft pigment diffusion, watercolor blooming effects, and natural paper texture. The image features strong contrast, an expressive and dynamic artistic look, a clear hand-painted aesthetic, centered composition, soft lighting, high level of detail, and a modern illustration style."
Man_with_red,2,2,2,True,True,Man_with_red_202604061448.jpeg | Man_with_red_202604061448_2.jpeg,"Vibrant expressive portrait of a man looking upwards with wonder, wearing oversized bright orange-red glasses (glass light colour full shade). The face is sketched in dynamic black strokes on a textured newspaper background, enriched with splashes of vivid blue and orange paint. The composition blends realism and abstract expressionism, evoking innocence, hope, and creativity. Take full face of the attached picture."
Man_with_superheroes,3,2,2,False,False,Man_with_superheroes_202604061447.jpeg | Man_with_superheroes_202604061448.jpeg | Man_with_superheroes_202604061448_2.jpeg,"A highly detailed 8K haute couture editorial portrait of a man. (Use face as published photo) The image shows a male figure with Superman-like features, wearing a dark suit with a red symbol and striking a confident pose, against a background with reddish tones and lighting effects.

The image composition is centered and symmetrical, with the main subject positioned in the center, creating a sense of balance and strength. The background features a color gradient ranging from dark red at the bottom and sides, transitioning to lighter, brighter tones in the center, which highlights the figure. The man's pose is with crossed arms and a direct gaze, demonstrating confidence and determination. The interplay of light and shadow adds depth and volume, highlighting the contours and texture of the suit.

The main subject is a man with defined facial features, dark hair combed back, and eyes that appear to glow red. He wears a dark suit with a red symbol resembling Superman's traditional ""S,"" but with a different design. The suit appears to be made of a textured material, suggesting strength and flexibility. The man's facial expression is serious and focused, with an intense gaze that conveys a sense of power and determination.

The image appears to be a digital illustration or image edit, heavily influenced by comic book and superhero art styles. The technical execution demonstrates skill in the use of light and shadow effects, which emphasize the forms and create a sense of volume and depth. The color palette is dominated by dark and reddish tones, contributing to the atmosphere of mystery and power. The suit design and the symbol on the chest suggest an alternative interpretation or a different version of the iconic Superman character.

The setting is undefined, with a background featuring a gradient of reddish colors that blends with light and shine effects, creating a dramatic and mysterious atmosphere. The lighting is directional, with the brightness concentrated in the center, highlighting the figure and creating a striking visual contrast. The use of dark colors and dramatic lighting reinforces the sense of power and mystery, while the man's confident pose suggests he is ready to face any challenge. The subject of the sung image, the face, the painted face, the identity, the skin tone, or the real body remain unchanged. Maintain 100% of the facial features from the attached photo. DO NOT CHANGE THE FACE."
Man_working_on,2,2,1,True,True,Man_working_on_202604061447.jpeg | Man_working_on_202604061447_2.jpeg,"Vibrant expressive portrait of a man looking upwards with wonder, wearing oversized bright orange-red glasses (glass light colour full shade). The face is sketched in dynamic black strokes on a textured newspaper background, enriched with splashes of vivid blue and orange paint. The composition blends realism and abstract expressionism, evoking innocence, hope, and creativity. Take full face of the attached picture."
Marble_sculpture_with,2,2,2,True,False,Marble_sculpture_with_202604061446.jpeg | Marble_sculpture_with_202604061448.jpeg,"A photorealistic image of an ultra-detailed sculpture of the subject in image made of shining marble. The sculpture should display smooth and reflective marble surface, emphasizing its luster and artistic craftsmanship. The design is elegant, highlighting the beauty and depth of marble. The lighting in the image should enhance the sculpture's contours and textures, creating a visually stunning and mesmerizing effect"
Martial_arts_fighting,2,2,1,True,True,Martial_arts_fighting_202604061447.jpeg | Martial_arts_fighting_202604061447_2.jpeg,Create a mid motion actionscene where both subject are in focuswith aThree-Quarter Angle in martial artsfighting stances. They are in the samecinematic scene. Remove the line downthe centre with a blurred crumbling ruins ina purple alien world in the background. Thescene is shot at sunrise. Modern Fightinggame health bars MORDON V'S DEATHSEED. power move. Hud style screeneffects.Add a thumbnail of each characterto the health bars. ense flares!
Masterpiece_featuring_photoreali…,2,2,2,True,True,Masterpiece_featuring_photoreali…_202604061448.jpeg | Masterpiece_featuring_photoreali…_202604061448_2.jpeg,"kind-hearted children's book, featuring joyful characters, watercolor, warm colors, by greg rutkowski, iridescent accents, ray tracing, product lighting, sharp, smooth, masterpiece"
Mature_female_in,2,2,2,True,False,Mature_female_in_202604061447.jpeg | Mature_female_in_202604061447_2.jpeg,"beautiful mature female, full body, large breasts, trench coat, ribbons, {{collar}}, medium shot, {{masterpiece}}, facing viewer, {{beautiful detailed face}}, brown eyes, lips, extremely detailed, 8K wallpaper, {best quality}, by Tom Bagshaw, by Gerhard Richter"
Medieval_girl_mage,2,2,3,True,False,Medieval_girl_mage_202604061446.jpeg | Medieval_girl_mage_202604061448.jpeg,"Realistic oil-painting brushstroke style medieval girl mage, standing in a full-body pose, wearing a mage robe and holding a staff. Her upper body is slightly turned to one side. The girl has long hair, fair skin, and a calm yet determined expression. The overall presentation uses an impasto painting technique, with visible brushstrokes full of artistic tension. The background is a canvas of structural sketch drafts and human-proportion line drawings, featuring red pencil quick sketches, mage-pose studies, grid lines, and other elements, showing a composition where the rough draft and finished work overlap. High resolution, rich texture, natural light, a combination of realism and artistic style, with delicate details."
Men_laughing_with,1,1,2,True,False,Men_laughing_with_202604061446.jpeg,"A surreal Renaissance-style oil painting of a [banquet]scene, featuring two curly-haired men in Roman togas sitting at a table full of food, laughing with their tongues out, with a large [a man with an oversized papier-mâché bird head]in the center, also sticking out his tongue. Classical lighting, textured brushstrokes, dramatic shadows, rich details, humorous and ironic composition, Baroque style.ratio[2:3]"
Merchandise_display_shelf,6,6,3,True,False,Merchandise_display_shelf_202604061446.jpeg | Merchandise_display_shelf_202604061447.jpeg | Merchandise_display_shelf_202604061447_2.jpeg | Merchandise_display_shelf_202604061448.jpeg | Merchandise_display_shelf_202604061448_2.jpeg | Merchandise_display_shelf_202604061448_3.jpeg,Create merchandise display and shelf arrangements
Minecraft-style_landmark_buildings,2,2,3,True,False,Minecraft-style_landmark_buildings_202604061447.jpeg | Minecraft-style_landmark_buildings_202604061448.jpeg,"Using this location, create an isometric HD-2D Minecraft-style image of the landmark (buildings only)."
Mixed_live-action_cartoon,9,9,4,True,False,Mixed_live-action_cartoon_202604061447.jpeg | Mixed_live-action_cartoon_202604061447_2.jpeg | Mixed_live-action_cartoon_202604061447_3.jpeg | Mixed_live-action_cartoon_202604061447_4.jpeg | Mixed_live-action_cartoon_202604061447_5.jpeg | Mixed_live-action_cartoon_202604061448.jpeg | Mixed_live-action_cartoon_202604061448_2.jpeg | Mixed_live-action_cartoon_202604061448_3.jpeg | Mixed_live-action_cartoon_202604061448_4.jpeg,"Transform this image
into a mixed live-action and cartoon scene inspired by classic Hollywood animation like Who
Framed Roger Rabbit
Keep the original photograph realistic, including lighting, textures, and environment.
Add hand-drawn 2D cartoon characters and animated elements interacting directly with the real objects in the scene.
Cartoon characters should touch, lean on, or react to real-world objects in the photo - for example: • pulling something • pushing objects • hanging from items • popping out from behind real objects
• reacting with exaggerated cartoon expressions
Add playful animation effects like motion lines, comic stars, sparkles, squash-and-stretch motion, and exaggerated cartoon physics.
Some real objects should slightly deform or react as if affected by cartoon energy - bending, bouncing, or stretching in a humorous animated way.
Use bold hand-drawn outlines, vibrant cartoon colors, and classic 2D animation shading.
The cartoon elements should cast subtle shadows and integrate with the scene lighting so they feel like they exist inside the real photo.
Overall style: Live-action world mixed with energetic vintage cartoon animation, playful, chaotic, expressive, cinematic composition.
High detail, professional mixed-media look, vibrant and dynamic.
cartoon characters leaving ink splashes, paint streaks, and animated smoke trails as they move"
Model_leaning_against,7,2,3,False,True,Model_leaning_against_202604061446.jpeg | Model_leaning_against_202604061447.jpeg | Model_leaning_against_202604061447_2.jpeg | Model_leaning_against_202604061448.jpeg | Model_leaning_against_202604061448_2.jpeg | Model_leaning_against_202604061448_3.jpeg | Model_leaning_against_202604061448_4.jpeg,"Full cinematic daylight fashion portrait of the model leaning against a white Parisian street wall fully layered with crisp, high-resolution stickers of Audrey Hepburn portraits, Marilyn Monroe photography, Yves Saint Laurent fashion sketches, vintage Vogue magazine covers, and clear typography quotes from Coco Chanel and Virginia Woolf; all graphics perfectly sharp, readable text, no glitches, no distortion, celebrity faces accurately rendered.Soft late-morning daylight with light cloud diffusion, natural shadow gradients, and soft bounce reflections. Model wearing a beige oversized blazer, ivory silk slip dress, and knee-high leather boots. Art direction inspired by Camille Duret, model reference Mona Tougaard, final outfit look neutral Parisian chic with loose natural waves hairstyle. Shot on 85mm lens, f/2.2, focus locked on the model’s face while preserving sticker clarity, 1/200s, ISO 100, Fujifilm Superia film tone, gentle cinematic gloss with balanced greens and magentas."
Model_mid-twist_jump,1,1,4,True,True,Model_mid-twist_jump_202604061447.jpeg,"A dynamic fashion advertisement for Nike showing a hyper-realistic model mid-twist jump, light trails following her limbs. Background: prism-shifting gradient (hot magenta to sapphire) with refracted lens flares. The model wears iridescent Nike runner tights and a cropped tech hoodie in holographic white. Bold serif ""NIKE"" and motion-glitched ""ADI BRILL"" in layered text behind. High-energy, futuristic aesthetic with fashion gloss. --ar 3:4 --raw --stylize 750"
Model_sitting_on,2,2,2,True,True,Model_sitting_on_202604061448.jpeg | Model_sitting_on_202604061448_2.jpeg,"# A detailed, high-resolution photograph of the laboratory scene as seen in image_0.png, featuring the exact same scientist.

**The Woman**: The image features the same specific scientist from image_0.png, a middle-aged woman with dark hair pulled back, wearing the same brown glasses and having the exact same facial features. She is wearing the same charcoal gray fleece jacket and the same blue t-shirt (mostly hidden).

**The Action**: She is sitting in front of the large stereo microscope (the same model), looking through the eyepieces and using a manual pipette to transfer a small drop of clear liquid into an illuminated petri dish on the microscope's stage. The pipette and the dish are identical to those in image_0.png.

**The Environment (Exact Recreation)**:
* The lab bench is cluttered but functional, featuring all the elements visible in image_0.png.
* The large stereo microscope is positioned in the center.
* To her right is the second, inverted microscope with the flask of pink liquid on it.
* Multiple test tube racks with blue, white, and red caps are arranged in the foreground.
* The computer monitor in the background displays complex green fluorescent micrographs and charts.
* Various laboratory glassware (such as beakers and vials) are present.
* The background includes the large window and the blurred figure of the second scientist.
* Natural daylight blends with the overhead lab lighting.

**Depth of Field and Atmosphere**: A highly realistic photograph. The depth of field is shallow, keeping the scientist, the microscope, and the foreground test tubes in sharp focus, while softly blurring the background to create depth. The atmosphere conveys scientific concentration and professionalism. The textures of the fleece jacket, the glass, and the equipment are clearly visible."
Model_wearing_blazer,1,2,3,False,True,Model_wearing_blazer_202604061447.jpeg,"Full cinematic daylight fashion portrait of the model leaning against a white Parisian street wall fully layered with crisp, high-resolution stickers of Audrey Hepburn portraits, Marilyn Monroe photography, Yves Saint Laurent fashion sketches, vintage Vogue magazine covers, and clear typography quotes from Coco Chanel and Virginia Woolf; all graphics perfectly sharp, readable text, no glitches, no distortion, celebrity faces accurately rendered.Soft late-morning daylight with light cloud diffusion, natural shadow gradients, and soft bounce reflections. Model wearing a beige oversized blazer, ivory silk slip dress, and knee-high leather boots. Art direction inspired by Camille Duret, model reference Mona Tougaard, final outfit look neutral Parisian chic with loose natural waves hairstyle. Shot on 85mm lens, f/2.2, focus locked on the model’s face while preserving sticker clarity, 1/200s, ISO 100, Fujifilm Superia film tone, gentle cinematic gloss with balanced greens and magentas."
Model_wearing_tank,2,2,3,True,True,Model_wearing_tank_202604061447.jpeg | Model_wearing_tank_202604061447_2.jpeg,"{""prompt"":""A young woman with long, softly curled dark hair takes a cinematic mirror selfie in a bathroom lit by warm golden-hour light streaming through a small window. She wears a fitted charcoal tank top, and her silhouette glows with warm rim-light. Steam from a recent shower adds a hazy, atmospheric layer. The bathroom features tan stone tiles, a backlit mirror, and soft dust particles glowing in the light. The overall vibe is dramatic, moody, and film-like with rich contrast."",""negative_prompt"":""blurry, grainy, flat lighting, low detail, bad reflections, distorted hands, cartoon, watercolor, overexposed highlights, washed-out colors"",""steps"":50,""sampler"":""DPM++ 2M Karras"",""cfg_scale"":8,""model"":""realisticVisionV60B1""}"
Model_with_Totoro,2,2,2,True,False,Model_with_Totoro_202604061447.jpeg | Model_with_Totoro_202604061447_2.jpeg,"A hyperrealistic, editorial fashion photograph in a studio setting. A real human model with a natural, confident expression and a preserved face stands between giant, photorealistic 3D animated characters, Totoro and No-Face (Spirited Away). The human wears a chunky knitted sweater in warm grey and green tones, high-waisted dark jeans, and clean white minimalist sneakers. Totoro, rendered with incredible fur detail and soft textures, stands protectively holding a leaf umbrella. No-Face, slightly to the side, stands silently with highly detailed semi-transparent textures and a subtle mask reflection. The background is a clean, split studio backdrop of forest green and soft mist grey. Soft, professional studio lighting creates smooth shadows and highlights the contrasting textures of the knitwear, denim, fur, and spirit matter, preserving their animated identity without distortion. 3/4 body framing, magazine-cover quality. --ar 3:4"
Model_with_gold,2,2,2,True,True,Model_with_gold_202604061447.jpeg | Model_with_gold_202604061447_2.jpeg,"A high-fashion editorial photograph for Numéro magazinefeaturing a side profile of a model adorned with multiplepieces of luxurious gold jewelry. The image employs dramaticside lighting creating a warm, golden glow, with intentionalmotion blur effects that add a dreamy quality. The compositionis enhanced by the interplay of light on the jewelry pieces,including bracelets, rings, and necklaces, all captured againsta dark, moody background, The aesthetic is elevated byartistic lighting techniques that create striking reflections andshadows."
Modern_living_room,2,2,3,True,False,Modern_living_room_202604061447.jpeg | Modern_living_room_202604061447_2.jpeg,"A hyper-realistic, professional interior design photograph of a modern living room inspired by a [Superhero]. The room has clean lines, a neutral color palette of greys, blacks, and whites, with accents of [Theme Color]. A large, stylized 3D wall sculpture of the [Superhero] dominates the main wall. Subtle thematic details are placed throughout the room, such as framed art prints of blueprints, a floor lamp designed to resemble a specific motif (e.g., a shield or logo), and a side table with a few well-placed props (e.g., a stylized helmet). The furniture is contemporary and minimalist, with a large, comfortable sofa and a low coffee table. Dramatic, focused lighting highlights the main wall sculpture, while warm ambient light from windows and lamps creates an inviting atmosphere. The overall style is sophisticated and elegant, a subtle homage rather than an overt fan-tribute."
Monumental_sculpture_bursting,1,2,3,False,False,Monumental_sculpture_bursting_202604061448.jpeg,"A monumental, identity-locked photorealistic sculpture installation.

SUBJECT: A colossal, hyper-realistic portrait sculpture of the specific man from the reference photo (image_0.png). The identity is paramount, featuring his exact facial structure, nose shape, high cheekbones, strong jawline, and preserved detailed skin texture, maintaining his youth.

EXPRESSION: His face has a distinct, subtle, and controlled smirk—a knowing, closed-mouth expression that is mischievous and slightly sinister, but is a direct extension of his original jaw and mouth structure, not a distorted broad grin. His direct, intense brown eyes are perfectly rendered, staring forward.

SCENE: The monumental face is bursting out from a jagged, massive hole in the side of a brutalist high-rise concrete apartment building. Broken rebar and concrete chunks frame the emergence.

ENVIRONMENT: The surrounding building facade is visible, with multiple windows, balconies, external air conditioning units, exposed pipes, and ventilation vents. People are seen on a distant street below, looking up, emphasizing the immense scale.

STYLE: Cinematic, highly detailed photography. Harsh, directional sunlight casts deep shadows, emphasizing the realism of the face and the raw, broken textures of the concrete and rebar. A true-to-life integration."
Movie_set_behind,1,1,2,True,False,Movie_set_behind_202604061448.jpeg,"""Stand Summoning"" Prompt!!

[Role]
You are a movie VFX (visual effects) concept artist. Seamlessly composite a realistic CGI-created ""Stand"" into the provided live-action photo without any sense of incongruity.

[Specific Instructions]
Create a photorealistic image where the person in the provided photo is the main subject, with an original ""Stand"" appearing behind them.

Maintaining Visual Style (Most Important):
Preserve the original photo's lighting (direction, intensity, shadows), color tone, camera texture, and atmosphere exactly as is. No manga-style expressions (outline strokes or sound effects) are needed whatsoever.

Stand Design and Generation:
Analysis: Analyze the ""atmosphere"" perceived from the person's clothing, belongings, and facial expression in the photo.
Design: Design that atmosphere as an abstract yet physical form. The Stand appears with realistic material presence such as water, fire, ice, metal, stone, glass, smoke, light, or unknown organic matter.

Compositing: The Stand emerges behind the person, receiving the photo's environmental light to cast realistic shadows, and may distort the surrounding air. Position it in a pose that either protects or intimidates the person."
Mural_portrait_with,2,2,2,True,False,Mural_portrait_with_202604061448.jpeg | Mural_portrait_with_202604061448_2.jpeg,"Create an ultra-realistic cinematic portrait of a character (man or woman) based on the attached photo, captured leaning confidently against a vibrant graffiti mural.
The character wears a black jacket, dark jeans, and black Air Max sneakers, arms crossed, gazing to the side with a serious, self-assured expression.
Behind them, a large, realistic mural features a painted portrait of the same person - same pose, outfit, and expression - surrounded by colorful urban graffiti.
Above the mural, the name ""ADI BRILL"" appears in vivid, stylized lettering.
The scene conveys street culture, self-expression, and artistic identity.

Ensure 100% facial accuracy and realistic likeness to the reference photo - keep every micro-feature identical:
* natural skin texture and tone, visible pores and imperfections,
* true facial asymmetry and authentic proportions,
* original hair details, eye color, and expression.

No face-altering filters, masks, retouching, or generative reinterpretation.
Maintain natural lighting realism, physical shadows, and photographic optical depth.
Shot on Sony A7R IV, 85mm f/1.4, shallow depth of field, high dynamic range, Kodak Portra 400 color grading, soft daylight diffusion, and cinematic street atmosphere."
Musician_playing_red,2,2,3,True,False,Musician_playing_red_202604061447.jpeg | Musician_playing_red_202604061447_2.jpeg,"Create an image with the following characteristics: a crouching musician playing a red bass on a stage, illuminated by bluish neon lights, enveloped in a light mist. The background should feature soft shadows and reflections of white light, with the musician wearing a dark t-shirt and white sneakers. Maintain the same bluish color palette, the distribution of light and shadow, and the vibrant atmosphere of the original image."
Nano_Banana_2,2,2,2,True,True,Nano_Banana_2_202604061447.jpeg | Nano_Banana_2_202604061447_2.jpeg,"Create a hyper-realistic 4K collectible figure inside a bright yellow cardboard display box with a clear plastic window in the front.
Replace the figure’s face with the human eyes and facial features taken from the uploaded external image.
The character is an original design called 'Nano Banana 2': a small stylized doll with tiny cartoonish legs, wearing bold red Nike Air sneakers.
Add a Santa-themed banana hat: a peeled banana shaped like a Santa hat, with the banana peel opening naturally around the head like stylized petals.
Place a custom artistic logo on the box titled 'Nano Banana 2' in a unique, creative font.
Set the box on a luxurious wooden store shelf.
Behind it, a modern TV screen displays animated Nano Banana branding.
Use ultra-detailed textures, dramatic cinematic product-display lighting, and extremely sharp 4K hyper-realism.
Preserve the holiday Santa atmosphere throughout the scene."
Nano_Banana_Pro,1,1,3,True,False,Nano_Banana_Pro_202604061448.jpeg,"A photo of a glossy magazine cover, the cover has the large bold words ""Nano Banana Pro"""
Naïve_Anime_illustration,1,1,2,True,True,Naïve_Anime_illustration_202604061447.jpeg,"A layout page from a vintage Japanese RPG strategy guide book, printed on aged parchment paper with visible texture, stains, and faint arcane symbol watermarks. The dominant style is 'sketchy ink and watercolor wash illustration.' The main subject on the left is a female anime mage with blonde bob hair, wearing a hooded indigo robe and leather gear, holding an open glowing grimoire, casting swirling fire magic. Her art style shows visible pencil lines and watercolor texture bleeding. To her left is a vertical column of retro RPG UI stats bars (HP/MP/ATK/DEF) designed as glass tubes in ornate metal frames, and below that a branching skill tree diagram with circular icons and glowing connecting lines. The top right features a contrasting 16-bit isometric pixel art sprite of the same character. The bottom right contains small, low-resolution gameplay screenshots of turn-based combat. Dense Japanese serif typography text describing the character and skills fills the remaining spaces. The overall aesthetic is historical fantasy, mixed media graphic design, official art book quality. --ar 2:3 --v 6.0 --stylize 250"
Object_transformed_into,2,2,2,True,True,Object_transformed_into_202604061446.jpeg | Object_transformed_into_202604061448.jpeg,"{""Objective"":""Transform the user's descriptive scene prompt into a structured JSON format..."",""Persona_Details"":{""Character"":""Man wearing glasses"",""Clothing"":{""Outerwear"":""Orange winter clothing"",""Footwear"":""Dark red and black ice boots""},""Behavior"":""Ice fishing with a research-focused approach""},""Environment_Details"":{""Setting"":""Frozen ice pond"",""Tent_Color"":""Light brown"",""Sky"":""White, cloudy, heavy atmosphere"",""Scene_Composition"":{""Subject_Position"":""Slightly right of center"",""Purpose"":""Emphasize ice landscape""}},""Objects_and_Props"":{""Ice_Fishing_Equipment"":[""Black front cover"",""Fishing tools""],""Observed_Items"":[""Small objects placed near the tent entrance""]},""Technical_Attributes"":{""Style"":""High-resolution realism"",""Resolution"":""4K"",""Detail_Emphasis"":[""Folds of tent fabric"",""Texture of the ice""]}}"
Objects_forming_human,2,2,3,True,False,Objects_forming_human_202604061447.jpeg | Objects_forming_human_202604061448.jpeg,"Create an image that looks like a tabletop still-life arrangement of many small objects including buttons, screws, New Zealand coins, native silver fern leaves, matchsticks, and pounamu jade fragments scattered naturally on a surface. From a top-down view, these objects are carefully arranged to form a clear human face portrait through intentional placement and shading. Use neutral tones with soft overhead light and gentle vignette. The face should emerge at mid-distance viewing: when viewed close up it appears as just scattered objects, but when zoomed out it becomes unmistakably a portrait. Add realistic cast shadows under each object to enhance depth. The background is a worn rimu wood table with natural scratches and aged patina. Keep the arrangement organic and not too symmetrical. Avoid text, obvious outlines, and artificial glow."
Oil_painting_of,2,2,2,True,True,Oil_painting_of_202604061446.jpeg | Oil_painting_of_202604061447.jpeg,"Create Transform the provided image into a hand-painted, cinematic illustration in the style of classic movie posters from the 1980s and early 1990s. The artwork should appear as a realistic acrylic or oil painting, featuring expressive brushstroke textures, dramatic highlights, and warm, contrasting tones that evoke nostalgia and epic storytelling.

Desired characteristics:
– Art style inspired by legendary poster artists such as Drew Struzan and Richard Amsel.
– Vibrant colors, dynamic accent lighting, and cinematic shadows that add depth and emotion.
– The character should display confidence and charisma, striking a cinematic pose reminiscent of a timeless movie protagonist - equally suited to any gender.
– The background should incorporate narrative elements - such as ancient relics, sleek sports cars, glowing cityscapes at night, magical energy, starry skies, or dynamic lighting effects - depending on the theme.
– Artistic typography may be subtly implied in the composition, but with no legible text.

The final result should feel like an authentic poster for an adventure, fantasy, or comedy film from the 1980s, blending realistic painting, heroic yet inclusive composition, and nostalgic vintage cinema atmosphere.

Visual inspirations:
Back to the Future, Indiana Jones and the Temple of Doom, The Goonies, E.T. the Extra-Terrestrial, Blade Runner, The Thing, Harry Potter, Return of the Jedi."
Overlay_glass_effect,2,2,3,True,True,Overlay_glass_effect_202604061447.jpeg | Overlay_glass_effect_202604061447_2.jpeg,Overlay the [glass] effect from Image 2 onto the photo in Image 1
Overlay_the_glass,1,4,2,False,True,Overlay_the_glass_202604061448.jpeg,"{
""image_request"": {
""goal"": ""Create a stylized mixed-media portrait with hand-drawn elements, showing the subject eating a sufganiyah."",
""meta"": {
""image_type"": ""Mixed Media Portrait"",
""quality"": ""8K"",
""color_mode"": ""Black and White Photo with Vibrant Color Overlay"",
""style_mode"": ""mixed_media_doodle"",
""aspect_ratio"": ""4:5"",
""resolution"": ""1080x1350px""
},
""creative_style"": ""Mixed Media Art combining a classic black and white studio portrait with vibrant, playful, hand-drawn digital doodles and patterns. The style is whimsical, energetic, and pop-art inspired, blending realism with illustrative abstraction."",
""overall_theme"": ""playful artistic expression"",
""mood_vibe"": ""cheerful creative charming"",
""style_keywords"": [
""mixed media"",
""doodle art"",
""black and white photography"",
""vibrant colors"",
""pop art"",
""illustrative overlay"",
""playful"",
""patterned"",
""energetic"",
""portrait""
],
""subject"": {
""count"": ""1"",
""type"": ""male or female"",
""identity"": ""the real person from the reference photo"",
""identity_preservation"": {
""description"": ""Preserve the exact facial identity, proportions, hairstyle, and expression from the reference photo"",
""notes"": ""Do not alter facial structure or change the subject into any other known person""
},
""age_appearance"": ""match reference photo"",
""skin"": ""smooth black and white tone based on the reference image"",
""makeup"": {
""lips"": ""natural"",
""eyes"": ""natural"",
""general"": ""none""
},
""facial_features"": {
""expression"": ""use the authentic expression from the reference image"",
""eyes"": {
""gaze"": ""looking directly at viewer, matching reference"",
""intensity"": ""friendly""
},
""lips"": {
""gesture"": ""eating a sufganiyah""
}
},
""hair"": {
""length"": ""match reference photo"",
""texture"": ""match reference photo"",
""style"": ""match reference photo"",
""lighting_interaction"": {
""light"": ""studio lighting highlights"",
""shadow_play"": ""soft facial modeling""
}
},
""clothing"": {
""top"": ""same type of top visible in the reference or a simple neutral top if not visible"",
""bottom"": ""not visible"",
""full_description"": ""The clothing acts as the canvas for the art: a black base covered in colorful hand-drawn abstract patterns, stripes, and shapes (yellow collar, blue, pink, orange abstract forms)."",
""accessories"": ""none real, but drawn elements act as accessories""
},
""props"": {
""bouquet"": ""none"",
""wine_glass"": ""none"",
""other"": ""drawn yellow crown floating above head, and a hand-drawn sufganiyah with powdered sugar and jelly is being eaten by the subject""
}
},
""pose_action"": {
""description"": ""Bust portrait matching the reference pose, looking forward."",
""overall_pose"": ""standing studio portrait"",
""head_turn"": ""match reference"",
""gaze"": ""direct"",
""body_position"": ""upper body"",
""hands"": ""not visible"",
""movement"": ""static pose, dynamic art""
},
""multiple_frames_expressions"": [],
""environment"": {
""setting"": ""studio white background"",
""location"": ""studio"",
""weather"": ""n/a"",
""time_of_day"": ""n/a"",
""atmosphere"": ""fun and artistic""
},
""background"": {
""color"": ""white with colorful doodles"",
""effect"": ""plain background filled with abstract black dashes, colorful swirls (blue, pink, orange), and scribbles""
},
""lighting"": {
""type"": ""studio strobe"",
""position"": ""front"",
""direction"": ""flat flattering light"",
""intensity"": ""balanced"",
""focus"": ""subject face"",
""falloff"": ""none"",
""light_source"": ""artificial""
}
}
}"
Person's_face_embossed,2,2,3,True,False,Person's_face_embossed_202604061446.jpeg | Person's_face_embossed_202604061448.jpeg,"Person's face attached in the image (do not change facial features of the person from the uploaded photo. Keep the face of the person 100% accurate from the reference image. Keep the original face of the attached person unchanged and realistic) embossed in profile, crafted with realistic engraved textures and fine relief detailing. The coin surface shows light reflections, scratches, and metallic sheen. Include subtle inscriptions or symbols around the border to resemble authentic minting. Centered on a dark, minimal background to emphasize the coin's texture and realism."
Person's_face_framed,2,2,3,True,True,Person's_face_framed_202604061447.jpeg | Person's_face_framed_202604061447_2.jpeg,"Create an ultra-realistic premium chocolate spread jar packaging mockup featuring the reference person inside the label scene, with dynamic brand typography styling and full breakfast table visibility.

Identity Preservation (Strict Identity Lock):
- Preserve the exact facial identity, proportions, hairstyle, and expression from the reference photo.
- Do not alter facial structure or change the subject into any other known person.
- Maintain 100% identical appearance as in the reference image.

Subject:
- Fully photorealistic human (no illustration look).
- Subject occupies no more than 55% of label height.
- Placed slightly deeper in the scene to allow full table visibility.
- Naturally seated at breakfast table holding toast with chocolate spread.
- Warm natural expression consistent with real-life breakfast moment.
- Real skin texture, natural pores, accurate lighting response.

Scene:
- Entire breakfast table must be fully visible. No food items cropped. Clear foreground table edge. Balanced spatial depth between subject and table.
- Food items: Plate with chocolate toast, open chocolate spread jar, fruit bowl, glass of orange juice, additional breakfast elements.
- Background: Soft warm kitchen environment integrated into label with realistic depth.

Product:
- Premium chocolate spread jar mockup.
- Rich glossy chocolate texture inside jar, realistic glass reflections, subtle studio highlight rolloff, natural grounded shadow under jar.

Label Design:
- Brand name: Brill.ai
- Automatically style first character of Brill.ai in black (#000000) and all remaining characters in red (#E10600).
- Bold rounded sans-serif similar to premium chocolate spread branding, heavy weight, tight commercial kerning, straight horizontal baseline.
- Subtle micro ink texture, matte label with slight light absorption, apply subtle horizontal distortion following jar curvature. Text must appear printed on the label, not floating above it.
- Brand name placed in upper third of label, behind the subject, never overlap the face or head, fully readable despite depth layering.

Art Direction:
- Premium supermarket-ready packaging photography.
- Warm, authentic, inviting breakfast branding.
- Soft natural morning tones with controlled highlights.
- Indistinguishable from real commercial product photo.

Camera & Lighting:
- Commercial product photography, 50mm full-frame equivalent, f/8, slightly tilted dynamic presentation angle.
- Wide enough framing to include entire table scene inside label.
- Soft studio lighting mimicking natural morning light, front-side soft key light, soft controlled shadows, no harsh contrast.
- Jar fully sharp, subtle background blur.

Negative Constraints: No original Nutella logo, no floating text, no cartoon style, no text overlapping face, no watermark."
Person_Bugs_Bunny,1,2,3,False,False,Person_Bugs_Bunny_202604061446.jpeg,"Create An ultra-realistic cinematic photo inspired by Men in Black.
In the center: the person from the reference photo, unchanged - keep every facial feature exactly as in the original (mouth, eyebrows, nose, eyes, and face shape identical). The person wears a tailored black suit, white shirt, slim black tie, and a luxury steel watch on one wrist.

They hold a silver Samsung Galaxy S25 Ultra slightly above eye level, angled downward for a natural selfie perspective, with the other hand casually in their pocket.

Flanking them:

Bugs Bunny on the left,

Daffy Duck on the right,
both dressed in matching MIB-style black suits and dark sunglasses, rendered in hyper-realistic cinematic 3D - realistic fur and feathers, subtle specular reflections, and soft rim lighting that matches the person’s lighting perfectly.

All three are facing a large vertical mirror, captured from the waist up, with faint mirror reflections visible.
Background: a high-tech Men in Black armory, filled with futuristic weapons, glowing blue consoles, metallic textures, and ambient haze.

Lighting: controlled studio lighting setup - soft frontal key light, cool blue rim lighting from behind, and cinematic contrast to emphasize depth.
Camera: 35mm full-frame lens, f/2.2 aperture, ISO 100, slight DOF focus on faces.
Color grading: Kodak Vision3 250D film emulation, balanced tones, chrome highlights, deep blacks, and cinematic LUT contrast.
Post-processing: realistic lens reflections, soft bloom on metal surfaces, mild film grain, and clean dynamic range.
Quality: 8K hyper-realistic resolution, perfect material fidelity, detailed skin texture, and full photorealism from edge to edge."
Person_and_Pennywise,2,2,2,True,True,Person_and_Pennywise_202604061447.jpeg | Person_and_Pennywise_202604061447_2.jpeg,"Create an ultra-realistic dreamy Y2K-style portrait using the attached reference photo of the person.

Do not modify, remove, or alter any aspect of the original reference photo. Every detail, expression, and feature of the person must remain exactly the same with absolute fidelity (physiognomy, body shape, face, physical features, silhouette, hairstyle).

Do not alter or change the horror character either. Pennywise must remain 100% faithful to his original movie appearance, looking exactly like in the films (IT), with his iconic overalls, striped sweater, orange messy hair, freckles, scars, and sinister yet playful expression.

Scene: A large masculine dreamy bedroom decorated with retro 80s/90s movie posters on the walls.

The person from the attached image is seated naturally on the bed, wearing striped pajamas, looking towards the TV.

Next to them, Pennywise sits on the bed in a relaxed pose, as if both are watching the TV together.

Atmosphere: The room is dimly lit, illuminated mainly by a warm be."
Person_and_Ted,2,2,2,True,False,Person_and_Ted_202604061447.jpeg | Person_and_Ted_202604061447_2.jpeg,"A selfie taken by the person in the attached image with Ted on the set of Ted. They are in a detailed practical set of a living room. Ted is a small, furry bear puppet, holding a beer bottle and giving a thumbs-up. The person is kneeling next to it with their phone, and a puppeteer is adjusting the mechanics from below. A boom mic hangs overhead."
Person_and_lion,2,2,2,True,False,Person_and_lion_202604061446.jpeg | Person_and_lion_202604061448.jpeg,"A realistic and emotional portrait of a person sitting cross-legged on the dry grass in an African savanna at sunset. A majestic, male lion stands directly behind the person, resting one large paw gently on the person's shoulder or neck, and licking their head or cheek affectionately. The person should be smiling, looking relaxed. Setting & Lighting: Golden hour, soft warm light, deep shadows. Sparse acacia trees in the blurred background. Dry, golden-yellow grass in the foreground. Cinematic quality, ultra-detailed, photorealistic, 8k, shot with a telephoto lens."
Person_applying_lipstick,2,2,3,True,False,Person_applying_lipstick_202604061448.jpeg | Person_applying_lipstick_202604061448_2.jpeg,"Use the user’s appearance 1:1 — face, skin, hair, and body without any changes. A candid, retro-inspired mirror selfie capturing the person sitting casually on a bathroom counter, applying deep red lipstick. A large red heart is drawn on the mirror, framing their reflection. They wear an oversized white T-shirt with rolled sleeves, bare legs visible, creating a relaxed and slightly nostalgic atmosphere.

The lighting is soft and dim, evoking a late-night or early-morning mood, with subtle shadows and a touch of film grain for a vintage aesthetic. The reflection shows the person gazing into the mirror with a calm, introspective expression, lips slightly parted mid-application.

Technical details: 35mm film look, muted colors with warm undertones, soft focus edges, and timestamp detail on the lower left corner. The composition centers the heart on the mirror and the face within it, blending intimacy and artistic imperfection. —v 6 —ar 3:4 —style raw —q 2 —s 250."
Person_as_LEGO,4,4,2,True,False,Person_as_LEGO_202604061446.jpeg | Person_as_LEGO_202604061448.jpeg | Person_as_LEGO_202604061448_2.jpeg | Person_as_LEGO_202604061448_3.jpeg,"Transform the person in the photo into a LEGO minifigure packaging box style, presented in isometric perspective. Label the box with the title ""Brill.ai"". Inside the box, display the LEGO minifigure based on the person in the photo, along with their essential items (such as makeup, bags, or other items) as LEGO accessories. Beside the box, also display the actual LEGO minifigure itself, unpackaged, rendered in a realistic and vivid style."
Person_blowing_leaves,2,3,3,False,False,Person_blowing_leaves_202604061448.jpeg | Person_blowing_leaves_202604061448_2.jpeg," photorealistic image of a smartphone screen displaying [person from attached photo] standing in a magical autumn forest. The person is gently blowing, and hundreds of colorful autumn leaves dramatically burst out of the phone screen into the real world, scattering across a cozy wooden desk. Leaves rendered with hyperrealistic detail, veins visible, some leaves landing on a coffee mug beside the phone. Warm golden hour lighting, 3D pop-out effect, cinematic, 4K."
Person_breaking_free,3,6,3,False,False,Person_breaking_free_202604061446.jpeg | Person_breaking_free_202604061448.jpeg | Person_breaking_free_202604061448_2.jpeg,"Create 8K ultra-realistic cinematic photograph - a real human (based on the attached photo) wearing a white t-shirt, black hoodie, blue jeans, and Air Jordan 1s.
Scene: inside a giant open comic book lying across an aesthetic, slightly messy bedroom. Around the subject - colorful posters, sketch papers, sunlight filtering through window blinds.
Story moment: the real person appears half-trapped in the comic pages, reaching out and breaking free from the illustrated world into reality. Fragments of drawn ink and paper tear around them, blending with real light and textures.
Camera: full-frame DSLR, 50 mm f/1.4 lens, shallow depth of field; focus on the subject’s face and hands as they emerge from the comic.
Lighting: soft diffused daylight from the left side, natural shadows, volumetric glow, subtle lens flares for cinematic realism.
Textures & realism: lifelike skin tone, micro-details (pores, fabric fibers, paper texture), realistic reflections, and accurate material fidelity.
Color & grading: bright, vivid, high-contrast cinematic color palette with warm midtones and subtle film grain.
Atmosphere: surreal yet believable - comic art fusing with reality, dimensional rift effects, soft particles floating in the air, sense of depth and movement.
Render in 8K with hyper-realistic clarity, immersive lighting, and perfect balance between fantasy and realism."
Person_breaking_through,9,12,3,False,True,Person_breaking_through_202604061447.jpeg | Person_breaking_through_202604061447_2.jpeg | Person_breaking_through_202604061447_3.jpeg | Person_breaking_through_202604061448.jpeg | Person_breaking_through_202604061448_2.jpeg | Person_breaking_through_202604061448_3.jpeg | Person_breaking_through_202604061448_4.jpeg | Person_breaking_through_202604061448_5.jpeg | Person_breaking_through_202604061448_6.jpeg,"Create a hyper-realistic studio-style collage of the person in the uploaded photo.
Identity: Apply a CRITICAL IDENTITY LOCK to preserve the exact likeness, including facial features, hairstyle, skin tone, proportions, age, and clothing style.
Lighting: Strong, studio-quality lighting.
Background: Simple light gray.
Composition: Arrange in a 3x3 grid (9 images). Each frame should show the person breaking through torn white paper, creating a 3D effect as if emerging from the background.
Expressions & Poses: Each image must be unique and playful: pointing, laughing, pretending to sleep, drinking, winking, thinking, gesturing, etc. Ensure variety in facial expressions and body language.
Outfits: Different outfit in each frame.
Range from casual, semi-formal, sporty, to humorous or eccentric styles.
Output Settings:
Aspect Ratio: 9:16
High resolution
Elegant, modern composition"
Person_by_windy,1,2,2,False,True,Person_by_windy_202604061447.jpeg,"Convert this person into a retro vintage grainy but bright image, black party-wear saree, 90s film aesthetic. She is standing against a solid, deep wall with dramatic shadows and contrast, creating a mysterious and artistic atmosphere. The environment feels windy and romanticised. Lighting is warm, with golden sunset tones evoking golden hour glow. The background is minimalist and slightly textured. Her expression is moody, calm, yet subtly happy and introspective"
Person_crossing_rope,1,2,3,False,False,Person_crossing_rope_202604061447.jpeg,A dramatic outdoor shot shows the person attached in the uploaded reference image (keep the face 100% accurate) crossing a long rope bridge over a deep valley. They stop mid-way and smile at the camera.
Person_eating_sufganiyah,3,4,3,False,False,Person_eating_sufganiyah_202604061446.jpeg | Person_eating_sufganiyah_202604061446_2.jpeg | Person_eating_sufganiyah_202604061447.jpeg,"{
""image_request"": {
""goal"": ""Create a stylized mixed-media portrait with hand-drawn elements, showing the subject eating a sufganiyah."",
""meta"": {
""image_type"": ""Mixed Media Portrait"",
""quality"": ""8K"",
""color_mode"": ""Black and White Photo with Vibrant Color Overlay"",
""style_mode"": ""mixed_media_doodle"",
""aspect_ratio"": ""4:5"",
""resolution"": ""1080x1350px""
},
""creative_style"": ""Mixed Media Art combining a classic black and white studio portrait with vibrant, playful, hand-drawn digital doodles and patterns. The style is whimsical, energetic, and pop-art inspired, blending realism with illustrative abstraction."",
""overall_theme"": ""playful artistic expression"",
""mood_vibe"": ""cheerful creative charming"",
""style_keywords"": [
""mixed media"",
""doodle art"",
""black and white photography"",
""vibrant colors"",
""pop art"",
""illustrative overlay"",
""playful"",
""patterned"",
""energetic"",
""portrait""
],
""subject"": {
""count"": ""1"",
""type"": ""male or female"",
""identity"": ""the real person from the reference photo"",
""identity_preservation"": {
""description"": ""Preserve the exact facial identity, proportions, hairstyle, and expression from the reference photo"",
""notes"": ""Do not alter facial structure or change the subject into any other known person""
},
""age_appearance"": ""match reference photo"",
""skin"": ""smooth black and white tone based on the reference image"",
""makeup"": {
""lips"": ""natural"",
""eyes"": ""natural"",
""general"": ""none""
},
""facial_features"": {
""expression"": ""use the authentic expression from the reference image"",
""eyes"": {
""gaze"": ""looking directly at viewer, matching reference"",
""intensity"": ""friendly""
},
""lips"": {
""gesture"": ""eating a sufganiyah""
}
},
""hair"": {
""length"": ""match reference photo"",
""texture"": ""match reference photo"",
""style"": ""match reference photo"",
""lighting_interaction"": {
""light"": ""studio lighting highlights"",
""shadow_play"": ""soft facial modeling""
}
},
""clothing"": {
""top"": ""same type of top visible in the reference or a simple neutral top if not visible"",
""bottom"": ""not visible"",
""full_description"": ""The clothing acts as the canvas for the art: a black base covered in colorful hand-drawn abstract patterns, stripes, and shapes (yellow collar, blue, pink, orange abstract forms)."",
""accessories"": ""none real, but drawn elements act as accessories""
},
""props"": {
""bouquet"": ""none"",
""wine_glass"": ""none"",
""other"": ""drawn yellow crown floating above head, and a hand-drawn sufganiyah with powdered sugar and jelly is being eaten by the subject""
}
},
""pose_action"": {
""description"": ""Bust portrait matching the reference pose, looking forward."",
""overall_pose"": ""standing studio portrait"",
""head_turn"": ""match reference"",
""gaze"": ""direct"",
""body_position"": ""upper body"",
""hands"": ""not visible"",
""movement"": ""static pose, dynamic art""
},
""multiple_frames_expressions"": [],
""environment"": {
""setting"": ""studio white background"",
""location"": ""studio"",
""weather"": ""n/a"",
""time_of_day"": ""n/a"",
""atmosphere"": ""fun and artistic""
},
""background"": {
""color"": ""white with colorful doodles"",
""effect"": ""plain background filled with abstract black dashes, colorful swirls (blue, pink, orange), and scribbles""
},
""lighting"": {
""type"": ""studio strobe"",
""position"": ""front"",
""direction"": ""flat flattering light"",
""intensity"": ""balanced"",
""focus"": ""subject face"",
""falloff"": ""none"",
""light_source"": ""artificial""
}
}
}"
Person_featured_on,2,2,2,True,True,Person_featured_on_202604061448.jpeg | Person_featured_on_202604061448_2.jpeg,"Create a dramatic, ultra-realistic nighttime urban scene. A person from the uploaded reference image - keeping the exact same face, expression, proportions, skin texture, hair, and all unique facial details with zero alteration - sits confidently in the center of an empty city street beneath an overpass. They lean casually against a graffiti-covered concrete pillar, surrounded by the glow of a modern skyline filled with tall glass buildings, illuminated windows, and neon reflections. The person wears a white-yellow shirt with bold red text, olive joggers, and red-white sneakers, captured in rich, detailed fabric texture. Long-exposure light trails from passing vehicles streak dynamically through the background in blue, red, orange, and white, adding a futuristic sense of motion. Shot from a low-angle, centered, symmetrical perspective, creating deep cinematic drama and powerful compositional balance. The atmosphere blends street photography with cyberpunk-style colors - moody, energetic, modern - with strong contrast, rich shadows, highly detailed surfaces, and professional lighting. Rendered in hyper-realistic 4K resolution, sharp, vivid, and immersive. Important: The person must retain 100% of the exact face from the uploaded reference image - same identity, same micro-details, same natural features - seamlessly integrated into this urban night scene."
Person_holding_jar,2,2,3,True,True,Person_holding_jar_202604061447.jpeg | Person_holding_jar_202604061448.jpeg,"Create an ultra-realistic premium chocolate spread jar packaging mockup featuring the reference person inside the label scene, with dynamic brand typography styling and full breakfast table visibility.

Identity Preservation (Strict Identity Lock):
- Preserve the exact facial identity, proportions, hairstyle, and expression from the reference photo.
- Do not alter facial structure or change the subject into any other known person.
- Maintain 100% identical appearance as in the reference image.

Subject:
- Fully photorealistic human (no illustration look).
- Subject occupies no more than 55% of label height.
- Placed slightly deeper in the scene to allow full table visibility.
- Naturally seated at breakfast table holding toast with chocolate spread.
- Warm natural expression consistent with real-life breakfast moment.
- Real skin texture, natural pores, accurate lighting response.

Scene:
- Entire breakfast table must be fully visible. No food items cropped. Clear foreground table edge. Balanced spatial depth between subject and table.
- Food items: Plate with chocolate toast, open chocolate spread jar, fruit bowl, glass of orange juice, additional breakfast elements.
- Background: Soft warm kitchen environment integrated into label with realistic depth.

Product:
- Premium chocolate spread jar mockup.
- Rich glossy chocolate texture inside jar, realistic glass reflections, subtle studio highlight rolloff, natural grounded shadow under jar.

Label Design:
- Brand name: Brill.ai
- Automatically style first character of Brill.ai in black (#000000) and all remaining characters in red (#E10600).
- Bold rounded sans-serif similar to premium chocolate spread branding, heavy weight, tight commercial kerning, straight horizontal baseline.
- Subtle micro ink texture, matte label with slight light absorption, apply subtle horizontal distortion following jar curvature. Text must appear printed on the label, not floating above it.
- Brand name placed in upper third of label, behind the subject, never overlap the face or head, fully readable despite depth layering.

Art Direction:
- Premium supermarket-ready packaging photography.
- Warm, authentic, inviting breakfast branding.
- Soft natural morning tones with controlled highlights.
- Indistinguishable from real commercial product photo.

Camera & Lighting:
- Commercial product photography, 50mm full-frame equivalent, f/8, slightly tilted dynamic presentation angle.
- Wide enough framing to include entire table scene inside label.
- Soft studio lighting mimicking natural morning light, front-side soft key light, soft controlled shadows, no harsh contrast.
- Jar fully sharp, subtle background blur.

Negative Constraints: No original Nutella logo, no floating text, no cartoon style, no text overlapping face, no watermark."
Person_holding_miniature,2,2,3,True,False,Person_holding_miniature_202604061447.jpeg | Person_holding_miniature_202604061448.jpeg,"A meticulously crafted, vertically composed artistic Christmas portrait.

A real person stands bathed in soft, warm holiday glow, cradling a transparent glass jar close to their face as if holding a gentle star.

Inside the jar resides a miniature version of their younger self—the same individual—standing alone within a self-contained, snow-covered microcosm.

These two ""selves"" are not mirror images; instead, their gazes intersect, initiating a silent dialogue between reality and distilled identity.

The real figure is illuminated by gentle amber Christmas lights, their radiance dissolving softly into the background like a diffused constellation. The glass surface dances with fragmented reflections, splintering the true visage into layered shards that gradually fade along the jar's curvature—forming a visual bridge between the outer world and the inner realm.

Within the jar, snow is sculpted into evocative, lunar-like contours. Beside the tiny figure stands a solitary bottlebrush tree. The miniature self wears intricately detailed festive attire: woven textures, tufted wool fibers, and the plush tactility of winter garments are rendered with astonishing clarity. A serene luminescence glows from deep within the snow, casting an upward light upon the small figure—as if the snow itself still holds the memory of light.

Frost patterns crystallize on the jar's surface—not random snowflakes, but symbolic constellations echoing the twinkling lights behind the figure. Warm-toned fairy lights wrap around the vessel in abstract spirals, transforming it into a quiet cosmic nucleus.

The real person's expression is contemplative, almost cinematic in its depth. Their breath condenses into a delicate mist along the glass rim, adding a fleeting tenderness to the scene.

The entire composition evokes layered universes: the external world lush and warm, the internal world refined, suspended, and sacred.
For visual cohesion, costumes and props should remain consistent between the inner and outer figures.

Rendered in 8K ultra-photorealistic quality, with masterful artistic lighting, sculptural reflections, and poetic textural detail—this image embodies an intimate, symbolic, and quietly supernatural Christmas aesthetic."
Person_holding_pink,1,2,3,False,True,Person_holding_pink_202604061447.jpeg,"Create A high-quality cartoon illustration in a humorous modern-comic poster style. Using the exact face, expression, skin texture, and hair from the reference image, depict the same person (male or female as in the photo) sitting on a wooden dock by a calm lake at sunset. The sky is painted in bright orange and pink tones with stylized soft clouds, and a dark forest silhouette stretches across the horizon, perfectly reflected in the water.

The character wears a black hoodie with a cool graphic print, blue jeans, and Jordan 11 sneakers. They hold a cup of coffee in one hand, sitting relaxed, slightly smiling, and looking directly at the viewer. Preserve the facial identity and lighting direction from the reference image while translating the person into clean vector-style line art with strong black outlines and flat bright colors with gentle comic-style shading.

Above the character’s head, place a large white comic-style speech bubble with a thick black outline. Inside, write in bold all-caps: “Enjoy The Little Things In Life.”

Use centered composition, crisp poster-grade detailing, and a vibrant stylized sunset palette. Make the illustration perfect for a social-media post or printed poster."
Person_holding_python,2,2,3,True,False,Person_holding_python_202604061447.jpeg | Person_holding_python_202604061448.jpeg,"Ultra-realistic 8K, A crowded house party at night, packed with young adults dancing and laughing under colorful falling confetti. In the center, the person attached in the uploaded reference image ( Keep the face of the person 100% accurate from the reference image ) walks forward smiling, wearing [a patterned button-down shirt slightly open at the chest and black trousers]. A large python is draped over the person's shoulders as holding it calmly, and the crowd around the person reacts with excitement and surprise. People hold drinks, raise their hands, and cheer. Warm indoor lighting, sharp flash photography look, candid party energy. A playful banner with writing [""Your're stronger than your thinking]."" hangs in the background. Shot in dynamic documentary style, vibrant atmosphere, realistic skin textures, natural expressions, crisp details. CAMERA: Fujifilm GFX 100S, 50mm lens."
Person_holding_yellow,3,2,3,False,True,Person_holding_yellow_202604061446.jpeg | Person_holding_yellow_202604061447.jpeg | Person_holding_yellow_202604061448.jpeg,"Create a serene, top-down portrait of a person lying peacefully in a lush meadow filled with wildflowers. He rests on his back among tall green grass, white daisies, and scattered pink blossoms, completely immersed in nature. One arm is bent behind his head in a relaxed pose, while the other gently holds a small bouquet of freshly picked daisies against his chest. He has soft, natural facial features, light stubble, and slightly tousled dark hair. His eyes are closed with a faint, content smile, conveying calmness, tenderness, and quiet joy. His expression feels intimate and emotionally warm, as if caught in a private moment of rest and reflection. He wears a textured mauve or dusty-rose knit sweater paired with clean white trousers, creating a gentle contrast against the vibrant greens and florals. The outfit feels cozy, romantic, and timeless. The scene is bathed in warm, natural daylight, soft afternoon, sunlight filtering through leaves and petals. Highlights gently kiss the skin and flowers, while shadows remain soft and organic. Foreground leaves and flowers partially frame the subject, adding depth and a dreamy, cinematic feel. Colors are rich yet natural: lush greens, creamy whites, soft yellows, and muted pinks, with a harmonious, film-like color grade."
Person_illustration_with,3,3,2,True,False,Person_illustration_with_202604061447.jpeg | Person_illustration_with_202604061447_2.jpeg | Person_illustration_with_202604061447_3.jpeg,"Transform the person in the photo into a Gundam model kit packaging box style, presented in isometric perspective. Label the box with the title ""[ZHOGUE]"". Inside the box, display a Gundam-style mechanical version of the person from the photo, along with their essentials (such as makeup, bags, or other items) redesigned as futuristic mechanical accessories. The packaging should resemble real Gunpla boxes, including technical illustrations, instruction manual-style details, and sci-fi fonts. Beside the box, also display the actual Gundam-style mechanical figure itself, outside the packaging, rendered in a realistic and lifelike style, similar to official Bandai promotional renders."
Person_immersed_in,3,2,2,False,True,Person_immersed_in_202604061448.jpeg | Person_immersed_in_202604061448_2.jpeg | Person_immersed_in_202604061448_3.jpeg,"Create a serene, top-down portrait of a person lying peacefully in a lush meadow filled with wildflowers. He rests on his back among tall green grass, white daisies, and scattered pink blossoms, completely immersed in nature. One arm is bent behind his head in a relaxed pose, while the other gently holds a small bouquet of freshly picked daisies against his chest. He has soft, natural facial features, light stubble, and slightly tousled dark hair. His eyes are closed with a faint, content smile, conveying calmness, tenderness, and quiet joy. His expression feels intimate and emotionally warm, as if caught in a private moment of rest and reflection. He wears a textured mauve or dusty-rose knit sweater paired with clean white trousers, creating a gentle contrast against the vibrant greens and florals. The outfit feels cozy, romantic, and timeless. The scene is bathed in warm, natural daylight, soft afternoon, sunlight filtering through leaves and petals. Highlights gently kiss the skin and flowers, while shadows remain soft and organic. Foreground leaves and flowers partially frame the subject, adding depth and a dreamy, cinematic feel. Colors are rich yet natural: lush greens, creamy whites, soft yellows, and muted pinks, with a harmonious, film-like color grade."
Person_in_bright,2,2,2,True,True,Person_in_bright_202604061447.jpeg | Person_in_bright_202604061447_2.jpeg,"Convert this person into a retro vintage grainy but bright image, black party-wear saree, 90s film aesthetic. She is standing against a solid, deep wall with dramatic shadows and contrast, creating a mysterious and artistic atmosphere. The environment feels windy and romanticised. Lighting is warm, with golden sunset tones evoking golden hour glow. The background is minimalist and slightly textured. Her expression is moody, calm, yet subtly happy and introspective"
Person_inside_X,2,2,2,True,True,Person_inside_X_202604061447.jpeg | Person_inside_X_202604061448.jpeg,"Create an ultra-realistic premium chocolate spread jar packaging mockup featuring the reference person inside the label scene, with dynamic brand typography styling and full breakfast table visibility.

Identity Preservation (Strict Identity Lock):
- Preserve the exact facial identity, proportions, hairstyle, and expression from the reference photo.
- Do not alter facial structure or change the subject into any other known person.
- Maintain 100% identical appearance as in the reference image.

Subject:
- Fully photorealistic human (no illustration look).
- Subject occupies no more than 55% of label height.
- Placed slightly deeper in the scene to allow full table visibility.
- Naturally seated at breakfast table holding toast with chocolate spread.
- Warm natural expression consistent with real-life breakfast moment.
- Real skin texture, natural pores, accurate lighting response.

Scene:
- Entire breakfast table must be fully visible. No food items cropped. Clear foreground table edge. Balanced spatial depth between subject and table.
- Food items: Plate with chocolate toast, open chocolate spread jar, fruit bowl, glass of orange juice, additional breakfast elements.
- Background: Soft warm kitchen environment integrated into label with realistic depth.

Product:
- Premium chocolate spread jar mockup.
- Rich glossy chocolate texture inside jar, realistic glass reflections, subtle studio highlight rolloff, natural grounded shadow under jar.

Label Design:
- Brand name: Brill.ai
- Automatically style first character of Brill.ai in black (#000000) and all remaining characters in red (#E10600).
- Bold rounded sans-serif similar to premium chocolate spread branding, heavy weight, tight commercial kerning, straight horizontal baseline.
- Subtle micro ink texture, matte label with slight light absorption, apply subtle horizontal distortion following jar curvature. Text must appear printed on the label, not floating above it.
- Brand name placed in upper third of label, behind the subject, never overlap the face or head, fully readable despite depth layering.

Art Direction:
- Premium supermarket-ready packaging photography.
- Warm, authentic, inviting breakfast branding.
- Soft natural morning tones with controlled highlights.
- Indistinguishable from real commercial product photo.

Camera & Lighting:
- Commercial product photography, 50mm full-frame equivalent, f/8, slightly tilted dynamic presentation angle.
- Wide enough framing to include entire table scene inside label.
- Soft studio lighting mimicking natural morning light, front-side soft key light, soft controlled shadows, no harsh contrast.
- Jar fully sharp, subtle background blur.

Negative Constraints: No original Nutella logo, no floating text, no cartoon style, no text overlapping face, no watermark."
Person_interacting_with,3,8,2,False,True,Person_interacting_with_202604061447.jpeg | Person_interacting_with_202604061448.jpeg | Person_interacting_with_202604061448_2.jpeg,"Create Ultra-realistic 8K cinematic portrait based precisely on the uploaded reference image (male or female) - maintaining 100% fidelity to the subject’s real facial structure, gender, skin tone, hairstyle, and natural proportions, without any facial modification.

Depict the subject as a Pokémon Trainer, centered in the frame and posing confidently, wearing casual yet adventurous trainer attire inspired by the modern Pokémon universe - textured jacket, tactical backpack, and fingerless gloves.
The expression shows a very subtle, natural smile, conveying calm confidence and connection with the Pokémon world.

Surround the trainer with friendly Pokémon companions - Pikachu, Bulbasaur, Charmander, and Squirtle - each interacting in a playful, dynamic, and affectionate manner:

Pikachu perched on the shoulder, glowing faintly with electric sparks.

Bulbasaur leaning forward with curiosity.

Charmander’s flame tail casting warm reflections.

Squirtle laughing near the trainer’s side, droplets in motion.

The background features a vibrant, sunlit training field, bathed in a golden sunset sky with warm orange, pink, and lavender tones.
High above, Legendary Pokémon soar majestically, their forms illuminated by radiant sunlight and soft clouds, giving a sense of scale and epic adventure.

Lighting and optics: cinematic HDR setup with soft directional sunlight, lens flares, and shallow depth of field from a wide-angle (35mm f/1.8) lens simulation.
Include micro-textures on Pokémon fur, fabrics, and skin, realistic reflections, motion blur, and fine atmospheric particles for dynamic realism.

Composition: heroic game-poster framing, vibrant yet balanced color palette, joyful and adventurous energy.
Render in 8K ultra-detail, ensuring a lifelike Pokémon world and authentic emotional tone faithful to the real person in the image."
Person_into_Gundam,2,6,2,False,True,Person_into_Gundam_202604061448.jpeg | Person_into_Gundam_202604061448_2.jpeg,"Transform the person in the photo into a Gundam model kit packaging box style, presented in isometric perspective. Label the box with the title ""ADI BRILL"". Inside the box, display a Gundam-style mechanical version of the person from the photo, along with their essentials (such as makeup, bags, or other items) redesigned as futuristic mechanical accessories. The packaging should resemble real Gunpla boxes, including technical illustrations, instruction manual-style details, and sci-fi fonts. Beside the box, also display the actual Gundam-style mechanical figure itself, outside the packaging, rendered in a realistic and lifelike style, similar to official Bandai promotional renders."
Person_kneeling_with,2,2,2,True,True,Person_kneeling_with_202604061447.jpeg | Person_kneeling_with_202604061447_2.jpeg,"A selfie taken by the person in the attached image with Oscar the Grouch on the set of Sesame Street. They are kneeling next to Oscar’s trash can. Oscar the Grouch, the puppet, is peeking out with a grumpy expression. Below him, a puppeteer is clearly visible operating the mechanics. A clapperboard is lying on the ground, and crew members are preparing for the next shot."
Person_laughing_with,2,2,2,True,True,Person_laughing_with_202604061447.jpeg | Person_laughing_with_202604061447_2.jpeg,"A hyperrealistic 8K cinematic portrait of a character full of joyful energy, captured mid-freefall high above glowing white clouds in a heavenly sky.
The character, a normal person dressed in casual, loose-fitting clothing (jeans and a t-shirt), is laughing out loud as they plummet through the air. Their hair is wild, their face shows pure excitement, and they are giving a big thumbs-up to the camera.
Strapped in tandem behind them is an experienced, human skydiving instructor. The instructor wears technical skydiving gear (jumpsuit, helmet, harness) and has a wide, encouraging smile. The instructor also has their arms raised high, spread wide in a triumphant pose.
Both individuals are falling through the air with immense velocity. Their clothing is rippling dramatically from the wind. Behind them, a small propeller aircraft with an open door is visible, sunlight catching the fuselage as it banks away in the distance.

Camera: ARRI Alexa 65, 35mm anamorphic lens, aperture f/2.8, cinematic depth of field.
Lighting: strong golden sunlight from above, creating rim light and soft atmospheric scattering; volumetric haze with god-rays; natural skin reflections.
Details: hyperrealistic facial features, fabric texture with micro-folds, wind-distorted clothing, motion blur edges, and authentic high-altitude glow.
Color Grading: vivid sky blue, radiant whites, golden highlights, contrasting clothing colors, Kodak Vision3 250D film emulation for cinematic warmth.
Mood & Style: joyful adrenaline, cinematic realism, physical light behavior, extreme detail and depth, dynamic composition with heroic motion energy."
Person_leaning_against,2,2,3,True,True,Person_leaning_against_202604061447.jpeg | Person_leaning_against_202604061447_2.jpeg,"Create a dramatic, ultra-realistic nighttime urban scene. A person from the uploaded reference image - keeping the exact same face, expression, proportions, skin texture, hair, and all unique facial details with zero alteration - sits confidently in the center of an empty city street beneath an overpass. They lean casually against a graffiti-covered concrete pillar, surrounded by the glow of a modern skyline filled with tall glass buildings, illuminated windows, and neon reflections. The person wears a white-yellow shirt with bold red text, olive joggers, and red-white sneakers, captured in rich, detailed fabric texture. Long-exposure light trails from passing vehicles streak dynamically through the background in blue, red, orange, and white, adding a futuristic sense of motion. Shot from a low-angle, centered, symmetrical perspective, creating deep cinematic drama and powerful compositional balance. The atmosphere blends street photography with cyberpunk-style colors - moody, energetic, modern - with strong contrast, rich shadows, highly detailed surfaces, and professional lighting. Rendered in hyper-realistic 4K resolution, sharp, vivid, and immersive. Important: The person must retain 100% of the exact face from the uploaded reference image - same identity, same micro-details, same natural features - seamlessly integrated into this urban night scene."
Person_lying_in,2,2,2,True,True,Person_lying_in_202604061447.jpeg | Person_lying_in_202604061447_2.jpeg,"A selfie taken by the person in the attached image with Oscar the Grouch on the set of Sesame Street. They are kneeling next to Oscar’s trash can. Oscar the Grouch, the puppet, is peeking out with a grumpy expression. Below him, a puppeteer is clearly visible operating the mechanics. A clapperboard is lying on the ground, and crew members are preparing for the next shot."
Person_lying_on,4,2,2,False,True,Person_lying_on_202604061447.jpeg | Person_lying_on_202604061447_2.jpeg | Person_lying_on_202604061448.jpeg | Person_lying_on_202604061448_2.jpeg,"A selfie taken by the person in the attached image with Oscar the Grouch on the set of Sesame Street. They are kneeling next to Oscar’s trash can. Oscar the Grouch, the puppet, is peeking out with a grumpy expression. Below him, a puppeteer is clearly visible operating the mechanics. A clapperboard is lying on the ground, and crew members are preparing for the next shot."
Person_made_of,2,2,2,True,False,Person_made_of_202604061446.jpeg | Person_made_of_202604061447.jpeg,"Stylize the extracted subject from the uploaded image with a plush, ultra-soft fuzzy texture, as if the person is made entirely from velvet or microfiber. Skin, hair, and clothing should appear smooth, rounded, and fabric-like, with visible fiber texture and soft lighting. Retain realistic facial structure and proportions, but stylize gently like a handmade plush doll. Use clean studio lighting to create subtle highlights and diffused shadows. Replace the original background with a light neutral gray to increase contrast. The final result should feel warm, tactile, and toy-like, while preserving identity cues.Ratio[2:3]"
Person_making_faces,5,2,3,False,True,Person_making_faces_202604061447.jpeg | Person_making_faces_202604061447_2.jpeg | Person_making_faces_202604061447_3.jpeg | Person_making_faces_202604061448.jpeg | Person_making_faces_202604061448_2.jpeg,"A selfie taken by the person in the attached image with Pennywise on the set of IT. Pennywise, in full terrifying clown prosthetic makeup and costume, is leaning in close to the person, making a comically creepy face. The person is smiling nervously at the phone. Behind them, a director is sitting in a chair looking at a monitor, and a boom mic is floating overhead."
Person_making_inviting,2,2,2,True,True,Person_making_inviting_202604061447.jpeg | Person_making_inviting_202604061448.jpeg,"Create an ultra-realistic premium chocolate spread jar packaging mockup featuring the reference person inside the label scene, with dynamic brand typography styling and full breakfast table visibility.

Identity Preservation (Strict Identity Lock):
- Preserve the exact facial identity, proportions, hairstyle, and expression from the reference photo.
- Do not alter facial structure or change the subject into any other known person.
- Maintain 100% identical appearance as in the reference image.

Subject:
- Fully photorealistic human (no illustration look).
- Subject occupies no more than 55% of label height.
- Placed slightly deeper in the scene to allow full table visibility.
- Naturally seated at breakfast table holding toast with chocolate spread.
- Warm natural expression consistent with real-life breakfast moment.
- Real skin texture, natural pores, accurate lighting response.

Scene:
- Entire breakfast table must be fully visible. No food items cropped. Clear foreground table edge. Balanced spatial depth between subject and table.
- Food items: Plate with chocolate toast, open chocolate spread jar, fruit bowl, glass of orange juice, additional breakfast elements.
- Background: Soft warm kitchen environment integrated into label with realistic depth.

Product:
- Premium chocolate spread jar mockup.
- Rich glossy chocolate texture inside jar, realistic glass reflections, subtle studio highlight rolloff, natural grounded shadow under jar.

Label Design:
- Brand name: Brill.ai
- Automatically style first character of Brill.ai in black (#000000) and all remaining characters in red (#E10600).
- Bold rounded sans-serif similar to premium chocolate spread branding, heavy weight, tight commercial kerning, straight horizontal baseline.
- Subtle micro ink texture, matte label with slight light absorption, apply subtle horizontal distortion following jar curvature. Text must appear printed on the label, not floating above it.
- Brand name placed in upper third of label, behind the subject, never overlap the face or head, fully readable despite depth layering.

Art Direction:
- Premium supermarket-ready packaging photography.
- Warm, authentic, inviting breakfast branding.
- Soft natural morning tones with controlled highlights.
- Indistinguishable from real commercial product photo.

Camera & Lighting:
- Commercial product photography, 50mm full-frame equivalent, f/8, slightly tilted dynamic presentation angle.
- Wide enough framing to include entire table scene inside label.
- Soft studio lighting mimicking natural morning light, front-side soft key light, soft controlled shadows, no harsh contrast.
- Jar fully sharp, subtle background blur.

Negative Constraints: No original Nutella logo, no floating text, no cartoon style, no text overlapping face, no watermark."
Person_on_city,2,2,2,True,True,Person_on_city_202604061447.jpeg | Person_on_city_202604061447_2.jpeg,"Create a dramatic, ultra-realistic nighttime urban scene. A person from the uploaded reference image - keeping the exact same face, expression, proportions, skin texture, hair, and all unique facial details with zero alteration - sits confidently in the center of an empty city street beneath an overpass. They lean casually against a graffiti-covered concrete pillar, surrounded by the glow of a modern skyline filled with tall glass buildings, illuminated windows, and neon reflections. The person wears a white-yellow shirt with bold red text, olive joggers, and red-white sneakers, captured in rich, detailed fabric texture. Long-exposure light trails from passing vehicles streak dynamically through the background in blue, red, orange, and white, adding a futuristic sense of motion. Shot from a low-angle, centered, symmetrical perspective, creating deep cinematic drama and powerful compositional balance. The atmosphere blends street photography with cyberpunk-style colors - moody, energetic, modern - with strong contrast, rich shadows, highly detailed surfaces, and professional lighting. Rendered in hyper-realistic 4K resolution, sharp, vivid, and immersive. Important: The person must retain 100% of the exact face from the uploaded reference image - same identity, same micro-details, same natural features - seamlessly integrated into this urban night scene."
Person_on_cliff,2,2,2,True,False,Person_on_cliff_202604061446.jpeg | Person_on_cliff_202604061447.jpeg,The person attached in the uploaded reference image (keep the face 100% accurate) stands on a cliff edge at sunrise. Soft wind blows shirt. Golden light hits face as the person look over a huge valley with clouds moving below them..
Person_playing_guitar,2,2,3,True,False,Person_playing_guitar_202604061447.jpeg | Person_playing_guitar_202604061447_2.jpeg,A relaxed street photo shows the person attached in the uploaded reference image (keep the face 100% accurate) sitting on steps playing an acoustic guitar. A small crowd listens nearby. They smile naturally while mid-song.
Person_posing_with,3,8,2,False,True,Person_posing_with_202604061446.jpeg | Person_posing_with_202604061447.jpeg | Person_posing_with_202604061448.jpeg,"Create Ultra-realistic 8K cinematic portrait based precisely on the uploaded reference image (male or female) - maintaining 100% fidelity to the subject’s real facial structure, gender, skin tone, hairstyle, and natural proportions, without any facial modification.

Depict the subject as a Pokémon Trainer, centered in the frame and posing confidently, wearing casual yet adventurous trainer attire inspired by the modern Pokémon universe - textured jacket, tactical backpack, and fingerless gloves.
The expression shows a very subtle, natural smile, conveying calm confidence and connection with the Pokémon world.

Surround the trainer with friendly Pokémon companions - Pikachu, Bulbasaur, Charmander, and Squirtle - each interacting in a playful, dynamic, and affectionate manner:

Pikachu perched on the shoulder, glowing faintly with electric sparks.

Bulbasaur leaning forward with curiosity.

Charmander’s flame tail casting warm reflections.

Squirtle laughing near the trainer’s side, droplets in motion.

The background features a vibrant, sunlit training field, bathed in a golden sunset sky with warm orange, pink, and lavender tones.
High above, Legendary Pokémon soar majestically, their forms illuminated by radiant sunlight and soft clouds, giving a sense of scale and epic adventure.

Lighting and optics: cinematic HDR setup with soft directional sunlight, lens flares, and shallow depth of field from a wide-angle (35mm f/1.8) lens simulation.
Include micro-textures on Pokémon fur, fabrics, and skin, realistic reflections, motion blur, and fine atmospheric particles for dynamic realism.

Composition: heroic game-poster framing, vibrant yet balanced color palette, joyful and adventurous energy.
Render in 8K ultra-detail, ensuring a lifelike Pokémon world and authentic emotional tone faithful to the real person in the image."
Person_sitting_on,5,5,2,True,False,Person_sitting_on_202604061447.jpeg | Person_sitting_on_202604061447_2.jpeg | Person_sitting_on_202604061448.jpeg | Person_sitting_on_202604061448_2.jpeg | Person_sitting_on_202604061448_3.jpeg,"A colorful flat vector illustration of the person from the image sitting in a park. The person from the image has a red shirt and sitting next to Pikachu, Bingo from Bluey, and Gabby from Gabby's Dollhouse. The background is a peaceful park with trees. Playful art style, vibrant colors, clean lines"
Person_sitting_with,6,5,2,False,True,Person_sitting_with_202604061447.jpeg | Person_sitting_with_202604061447_2.jpeg | Person_sitting_with_202604061447_3.jpeg | Person_sitting_with_202604061448.jpeg | Person_sitting_with_202604061448_2.jpeg | Person_sitting_with_202604061448_3.jpeg,"A colorful flat vector illustration of the person from the image sitting in a park. The person from the image has a red shirt and sitting next to Pikachu, Bingo from Bluey, and Gabby from Gabby's Dollhouse. The background is a peaceful park with trees. Playful art style, vibrant colors, clean lines"
Person_smiling_at,2,2,2,True,True,Person_smiling_at_202604061448.jpeg | Person_smiling_at_202604061448_2.jpeg,"A selfie taken by the person in the attached image with Sonic on the set of Sonic the Hedgehog. They are in a practical set of a high-tech lab. Next to them is a detailed, realistic CGI stand-in puppet of Sonic, wearing his iconic red sneakers. The person is smiling at their phone, and a visual effects supervisor is placing reference spheres in the background. Green screens are visible on the walls."
Person_styled_as,1,1,2,True,False,Person_styled_as_202604061447.jpeg,"Create a hyper-realistic photograph of a futuristic transparent digital ID card held in hand. The card displays a portrait of the person from the uploaded reference image - keeping the EXACT SAME FACE, identity, proportions, skin texture, expression, and all natural facial details with zero changes or reinterpretation. No gender or age is altered - the portrait must match the reference image exactly. The ID card has a masculine tech aesthetic featuring electric blue, silver, graphite, and subtle neon-glow accents. Use cinematic lighting, natural photographic shadows, and a shallow 85mm depth-of-field for realism. Design elements on the card: A sharp glowing ring framing the portrait. Name: [Adi Brill] Title: [Digital Content Creator] A stats section with clean futuristic tech icons showing: 296K Followers 3 Years Experience [AI Specialist] Transparent glass-tech card design with sleek UI lines, micro-circuits, scanning graphics, and a refined modern masculine vibe. The person is styled in a black–gray futuristic suit, tailored and realistic, matching the overall aesthetic. Add a small neon-pink wolf watermark in the bottom-right corner with the semi-transparent text: “Created by [sagi]”, subtly glowing but still visible. Render the entire scene as a realistic cinematic photograph - crisp lighting, natural reflections, flawless clarity, no cartoon look, no distortions, and no alteration of the face from the reference image. IMPORTANT: The portrait on the ID must use the EXACT SAME FACE from the uploaded reference photo - same structure, same micro-details, same realism - perfectly integrated into the futuristic card."
Person_stylized_as,2,2,2,True,True,Person_stylized_as_202604061447.jpeg | Person_stylized_as_202604061447_2.jpeg,"Create A high-quality cartoon illustration in a humorous modern-comic poster style. Using the exact face, expression, skin texture, and hair from the reference image, depict the same person (male or female as in the photo) sitting on a wooden dock by a calm lake at sunset. The sky is painted in bright orange and pink tones with stylized soft clouds, and a dark forest silhouette stretches across the horizon, perfectly reflected in the water.

The character wears a black hoodie with a cool graphic print, blue jeans, and Jordan 11 sneakers. They hold a cup of coffee in one hand, sitting relaxed, slightly smiling, and looking directly at the viewer. Preserve the facial identity and lighting direction from the reference image while translating the person into clean vector-style line art with strong black outlines and flat bright colors with gentle comic-style shading.

Above the character’s head, place a large white comic-style speech bubble with a thick black outline. Inside, write in bold all-caps: “Enjoy The Little Things In Life.”

Use centered composition, crisp poster-grade detailing, and a vibrant stylized sunset palette. Make the illustration perfect for a social-media post or printed poster."
Person_taking_selfie,23,3,3,False,True,Person_taking_selfie_202604061446.jpeg | Person_taking_selfie_202604061446_2.jpeg | Person_taking_selfie_202604061446_3.jpeg | Person_taking_selfie_202604061447.jpeg | Person_taking_selfie_202604061447_10.jpeg | Person_taking_selfie_202604061447_11.jpeg | Person_taking_selfie_202604061447_12.jpeg | Person_taking_selfie_202604061447_13.jpeg | Person_taking_selfie_202604061447_14.jpeg | Person_taking_selfie_202604061447_15.jpeg | Person_taking_selfie_202604061447_2.jpeg | Person_taking_selfie_202604061447_3.jpeg | Person_taking_selfie_202604061447_4.jpeg | Person_taking_selfie_202604061447_5.jpeg | Person_taking_selfie_202604061447_6.jpeg | Person_taking_selfie_202604061447_7.jpeg | Person_taking_selfie_202604061447_8.jpeg | Person_taking_selfie_202604061447_9.jpeg | Person_taking_selfie_202604061448.jpeg | Person_taking_selfie_202604061448_2.jpeg | Person_taking_selfie_202604061448_3.jpeg | Person_taking_selfie_202604061448_4.jpeg | Person_taking_selfie_202604061448_5.jpeg,"A selfie taken by the person in the attached image with the Grinch on the set of How the Grinch Stole Christmas. They are in a snowy, whimsical Whoville physical set. The Grinch is played by an actor in extensive, detailed green furry prosthetic makeup. The person is taking the photo, and a makeup artist is doing a final touch-up on the Grinch's long, furry fingers."
Person_touching_dolphin,1,2,3,False,False,Person_touching_dolphin_202604061447.jpeg,"A beach photograph shows the person attached in the uploaded reference image (keep the face 100% accurate) kneeling at the shore as a dolphin pops its head out of the water near them. They touch the dolphin gently, smiling."
Person_transformed_into,6,6,2,True,True,Person_transformed_into_202604061447.jpeg | Person_transformed_into_202604061447_2.jpeg | Person_transformed_into_202604061448.jpeg | Person_transformed_into_202604061448_2.jpeg | Person_transformed_into_202604061448_3.jpeg | Person_transformed_into_202604061448_4.jpeg,"{""prompt"": ""Transform the person in the provided reference image (@img1) into a 3x3 grid of nine photorealistic close-up portraits. In every panel, keep the subject’s original facial features, bone structure, skin tone, and natural hair color exactly as seen in @img1. Do not alter age, gender, expression, or face shape. Only the hairstyle should change. Go wild, extreme, creative, exaggerated, and varied with the hair designs while maintaining the original hair color. Each of the nine panels should feature a dramatically different hairstyle, including realistic, surreal, avant-garde, and over-the-top styles. Maintain identity consistency across all nine portraits."", ""hairstyles"": [ ""Ultra-short classic fade"", ""Massive wavy shoulder-length volume"", ""Hyper-slicked glass-shine backcombed hair"", ""Oversized geometric afro"", ""Samurai top-knot with shaved patterns"", ""Wild explosive curls with chaotic texture"", ""Completely bald (keeping facial features intact)"", ""Aggressive high mohawk with sharp silhouette"", ""Super-long straight hair with heavy dramatic bangs"" ], ""format"": ""3x3 grid"", ""style"": ""photorealistic, high-contrast, premium studio lighting"", ""subject"": ""The person from @img1 with identity preserved"", ""background"": ""Solid black""}"
Person_trapped_in,3,6,2,False,False,Person_trapped_in_202604061447.jpeg | Person_trapped_in_202604061448.jpeg | Person_trapped_in_202604061448_2.jpeg,"Create 8K ultra-realistic cinematic photograph - a real human (based on the attached photo) wearing a white t-shirt, black hoodie, blue jeans, and Air Jordan 1s.
Scene: inside a giant open comic book lying across an aesthetic, slightly messy bedroom. Around the subject - colorful posters, sketch papers, sunlight filtering through window blinds.
Story moment: the real person appears half-trapped in the comic pages, reaching out and breaking free from the illustrated world into reality. Fragments of drawn ink and paper tear around them, blending with real light and textures.
Camera: full-frame DSLR, 50 mm f/1.4 lens, shallow depth of field; focus on the subject’s face and hands as they emerge from the comic.
Lighting: soft diffused daylight from the left side, natural shadows, volumetric glow, subtle lens flares for cinematic realism.
Textures & realism: lifelike skin tone, micro-details (pores, fabric fibers, paper texture), realistic reflections, and accurate material fidelity.
Color & grading: bright, vivid, high-contrast cinematic color palette with warm midtones and subtle film grain.
Atmosphere: surreal yet believable - comic art fusing with reality, dimensional rift effects, soft particles floating in the air, sense of depth and movement.
Render in 8K with hyper-realistic clarity, immersive lighting, and perfect balance between fantasy and realism."
Person_wearing_smart,2,2,3,True,False,Person_wearing_smart_202604061447.jpeg | Person_wearing_smart_202604061447_2.jpeg,"Cinematic studio portrait of a the person as uploaded wearing stylish beige framed smart glasses with subtle blue-tinted lenses, featuring a visible integrated camera lens on the outer corner and a Rayban logo on the temple and a black leather jacket with a high collar. The person is slightly turned to the side, looking intensely toward the camera. Soft studio lighting with dramatic shadows, neutral grey background, fashion editorial style. Natural skin texture, sharp focus, shallow depth of field, high-end fashion photography, ultra-detailed, 85mm lens, professional studio lighting, moody atmosphere, photorealistic."
Person_with_1960s,2,2,2,True,False,Person_with_1960s_202604061447.jpeg | Person_with_1960s_202604061447_2.jpeg,"Keep this person's likeness identical. Restyle into a 1960s beehive hairstyle
and tailored suit, warm studio backdrop."
Person_with_Buckbeak,1,2,2,False,False,Person_with_Buckbeak_202604061447.jpeg,"A selfie taken by the person in the attached image with Buckbeak on the set of Harry Potter and the Prisoner of Azkaban. They are in a recreated Hagrid's garden set, surrounded by oversized practical props and green screens. Buckbeak is a stunning, life-sized animatronic Hippogriff with realistic feathers. The person is kneeling next to it with their phone, while a puppeteer manages the head mechanics from below. A boom mic floats overhead."
Person_with_Caesar,1,2,2,False,False,Person_with_Caesar_202604061446.jpeg,"A selfie taken by the person in the attached image with Caesar on the set of War for the Planet of the Apes. They are in a rocky, snowy outdoor filming location. Next to them is an actor in a full grey motion-capture suit covered in reference dots, wearing a head-mounted camera rig. The person is smiling, and a film crew is managing a massive crane camera."
Person_with_Falkor,2,2,2,True,False,Person_with_Falkor_202604061447.jpeg | Person_with_Falkor_202604061448.jpeg,"A selfie taken by the person in the attached image with Falkor on the set of The NeverEnding Story. They are sitting on the back of a giant, furry, animatronic Luck Dragon prop. The creature's massive head is turned towards the phone with a gentle expression. They are surrounded by a massive blue screen and large industrial fans simulating wind."
Person_with_Grogu,2,2,2,True,False,Person_with_Grogu_202604061447.jpeg | Person_with_Grogu_202604061447_2.jpeg,"A selfie taken by the person in the attached image with Grogu (Baby Yoda) on the set of The Mandalorian. They are in a practical set of a desert marketplace. Grogu is an incredibly detailed, small animatronic puppet in a floating pod. The person is kneeling next to it with their phone, and a puppeteer is adjusting the ear mechanics from below. A boom mic hangs overhead."
Person_with_Smurfs,5,6,2,False,True,Person_with_Smurfs_202604061447.jpeg | Person_with_Smurfs_202604061447_2.jpeg | Person_with_Smurfs_202604061447_3.jpeg | Person_with_Smurfs_202604061447_4.jpeg | Person_with_Smurfs_202604061448.jpeg,"Create an ultra-realistic cinematic poster-style photograph using a real human face reference image. Keep the reference face exactly as it is - no alteration of structure or identity. The referenced person (male or female) sits gracefully on a moss-covered tree stump in the Smurfs’ village during golden hour. Papa Smurf stands nearby offering a tiny wooden cup, and Smurfette touches the person’s arm gently, smiling warmly. Other Smurfs peek playfully from mushroom houses with chimney smoke and golden light. The person’s clothing softly reflects the surrounding tones - gentle hints of forest green and Smurf blue blending naturally with the warm sunlight.

Lighting: rich golden-hour sunlight, subtle rim light highlighting hair and shoulders, gentle reflections from leaves and Smurfs’ skin. Volumetric light beams, light dust in air, warm haze for cinematic depth.  
Camera: Canon EOS R5, 35mm f/1.4, aperture f/1.8, ISO 100, eye-level cinematic angle, shallow depth of field, natural bokeh.  
Composition: symmetrical yet organic framing, Smurfs forming a visual arc around the person, background softly blurred but glowing.  
Film simulation: Kodak Vision3 250D, fine cinematic grain, soft contrast, natural saturation, warm color harmony.  
Post: global illumination, perfect shadow integration under the stump, realistic material fidelity, atmospheric realism, 8K poster-quality image.

-- Reference requirement:
Use the uploaded face as the exact identity. Maintain every facial detail, only matching lighting and color to blend seamlessly with the fantasy environment."
Person_with_cracked,4,4,2,True,True,Person_with_cracked_202604061446.jpeg | Person_with_cracked_202604061447.jpeg | Person_with_cracked_202604061448.jpeg | Person_with_cracked_202604061448_2.jpeg,"Ultra-realistic black-and-white side-profile portrait of the person from the attached photo.
The subject's human face is partially cracked and fractured like aged porcelain or stone, revealing intricate futuristic biomechanical machinery beneath the skin — exposed pistons, precision gears, carbon-fiber plates, cables, and metallic joints integrated seamlessly into the skull and neck.
The transition between organic skin and mechanical components is highly detailed and realistic, with fine cracks spreading naturally across the face. The visible eye remains human, calm, and focused, conveying intelligence, resilience, and quiet determination.
Studio lighting with strong side illumination emphasizes texture, depth, and contrast, highlighting skin pores, hair strands, and metal surfaces.
Minimalist neutral background, cinematic composition, sharp focus, hyper-detailed realism, high dynamic range, professional portrait photography aesthetic, no helmet, no hat, no text, no logos, timeless sci-fi realism."
Person_with_cybernetic,2,2,2,True,False,Person_with_cybernetic_202604061447.jpeg | Person_with_cybernetic_202604061448.jpeg,"Create a hyper-realistic 4K portrait in a 4:5 vertical ratio, using the exact face from the reference image, preserving the natural facial structure, skin tone, hair, eyes, and expression without adding or removing any facial hair or altering gender-related features. The person is wearing a black T-shirt.

The left side of the face and body remains fully human, exactly as in the reference photo.
The right side of the face, neck, and upper torso transforms into a metallic cybernetic endoskeleton with exposed mechanical components and a glowing red robotic eye.

The transition between skin and machine should look organic, dramatic, and battle-damaged - charred skin edges, slightly torn fabric around the transformation, minimal dried blood, irregular shape, and no clean separation line.

Use dramatic cinematic lighting with deep shadows and highlights reflecting off the metal parts. The background is dark, atmospheric, and grim, emphasizing the sci-fi mood.
The final image must be fully photorealistic, with detailed skin pores, metallic reflections, and a cinematic sci-fi finish - no cartoon or illustration effects."
Person_with_dragon,2,2,2,True,True,Person_with_dragon_202604061447.jpeg | Person_with_dragon_202604061447_2.jpeg,"A selfie taken by the person in the attached image with Toothless on the set of How to Train Your Dragon. They are posing next to a stunning, life-sized animatronic Night Fury dragon. The dragon's green eyes are glowing, and it's slightly tilting its head towards the phone. They are on a soundstage with a massive green screen and motion tracking cameras."
Person_with_lion,3,2,2,False,True,Person_with_lion_202604061446.jpeg | Person_with_lion_202604061447.jpeg | Person_with_lion_202604061447_2.jpeg,"A realistic and emotional portrait of a person sitting cross-legged on the dry grass in an African savanna at sunset. A majestic, male lion stands directly behind the person, resting one large paw gently on the person's shoulder or neck, and licking their head or cheek affectionately. The person should be smiling, looking relaxed. Setting & Lighting: Golden hour, soft warm light, deep shadows. Sparse acacia trees in the blurred background. Dry, golden-yellow grass in the foreground. Cinematic quality, ultra-detailed, photorealistic, 8k, shot with a telephoto lens."
Person_with_nine,5,6,2,False,False,Person_with_nine_202604061446.jpeg | Person_with_nine_202604061447.jpeg | Person_with_nine_202604061447_2.jpeg | Person_with_nine_202604061448.jpeg | Person_with_nine_202604061448_2.jpeg,"{""prompt"": ""Transform the person in the provided reference image (@img1) into a 3x3 grid of nine photorealistic close-up portraits. In every panel, keep the subject’s original facial features, bone structure, skin tone, and natural hair color exactly as seen in @img1. Do not alter age, gender, expression, or face shape. Only the hairstyle should change. Go wild, extreme, creative, exaggerated, and varied with the hair designs while maintaining the original hair color. Each of the nine panels should feature a dramatically different hairstyle, including realistic, surreal, avant-garde, and over-the-top styles. Maintain identity consistency across all nine portraits."", ""hairstyles"": [ ""Ultra-short classic fade"", ""Massive wavy shoulder-length volume"", ""Hyper-slicked glass-shine backcombed hair"", ""Oversized geometric afro"", ""Samurai top-knot with shaved patterns"", ""Wild explosive curls with chaotic texture"", ""Completely bald (keeping facial features intact)"", ""Aggressive high mohawk with sharp silhouette"", ""Super-long straight hair with heavy dramatic bangs"" ], ""format"": ""3x3 grid"", ""style"": ""photorealistic, high-contrast, premium studio lighting"", ""subject"": ""The person from @img1 with identity preserved"", ""background"": ""Solid black""}"
Person_with_pop-art,2,2,3,True,True,Person_with_pop-art_202604061446.jpeg | Person_with_pop-art_202604061447.jpeg,"{
  ""scene_description"": ""A vibrant, mixed-media masterpiece featuring a photorealistic version of the person..."",
  ""illustration_layer"": { ""style"": ""Thick-line Pop Art cartoons"" }
}"
Photo_booth_grid,2,2,2,True,True,Photo_booth_grid_202604061447.jpeg | Photo_booth_grid_202604061447_2.jpeg,"{
    ""generation_request"": {
      ""meta_data"": { ""tool"": ""NanoBananaPro"", ""task_type"": ""photorealistic_multi_panel_grid"", ""version"": ""v1.0"" },
      ""output_settings"": { ""layout"": { ""type"": ""2x2_grid"", ""border"": ""thin_white_gutter"", ""frame_consistency_rule"": ""same_person_same_outfit"" }, ""aspect_ratio"": ""4:5"", ""resolution"": ""ultra_high_res"", ""render_style"": ""flash_pop_color"" },
      ""reference_constraints"": { ""character_reference_image"": ""{argument name=""character reference image"" default=""UPLOAD_REF_IMAGE""}"", ""use_reference_face_only"": true, ""identity_lock"": true, ""strict_face_match"": true },
      ""global_prompt"": {
        ""scene"": ""American Diner, retro 50s style. Red leather booths, checkerboard floor, neon sign outside window."",
        ""subject"": {
          ""type"": ""influencer"",
          ""identity"": ""same person as reference image"",
          ""hair"": ""high pigtails with ribbons"",
          ""makeup"": ""winged liner, freckles"",
          ""outfit"": ""cropped ringer tee, denim shorts, knee high socks, converse"",
          ""prop"": ""strawberry milkshake with two straws and cherry""
        },
        ""camera"": { ""capture"": ""retro flash"", ""lens_equivalent"": ""35mm"", ""focus"": ""subject"", ""depth_of_field"": ""sharp"" }
      },
      ""frames"": [
        { ""frame_id"": ""A"", ""position"": ""top_left"", ""shot_type"": ""sipping_milkshake"", ""pose"": ""Sipping milkshake aggressively, looking up at camera under lashes."", ""expression"": ""playful, innocent"" },
        { ""frame_id"": ""B"", ""position"": ""top_right"", ""shot_type"": ""cherry_bite"", ""pose"": ""Holding the cherry by the stem near mouth."", ""expression"": ""seductive, fun"" },
        { ""frame_id"": ""C"", ""position"": ""bottom_left"", ""shot_type"": ""booth_knees"", ""pose"": ""Kneeling on the booth seat, looking out the window."", ""expression"": ""bored, waiting"" },
        { ""frame_id"": ""D"", ""position"": ""bottom_right"", ""shot_type"": ""messy_face"", ""pose"": ""Swipe of whipped cream on nose, laughing."", ""expression"": ""goofy"" }
      ]
    }
  }"
Photo_booth_strip,2,3,2,False,False,Photo_booth_strip_202604061448.jpeg | Photo_booth_strip_202604061448_2.jpeg,"Create a vertical vintage photo booth strip with 3 frames one under the other, showing the same person from the reference photo at age, 80, 90 and 100.

Keep the face perfectly identical to the reference in all frames, same facial structure, same features, same identity.

The aging must be very clear and realistic, with strong elderly characteristics.

Age 80 with deep wrinkles, age spots, thinner frame and reduced white or silver hair.

Age 90 with very advanced aging, fragile posture, very thin white hair with visible scalp.

Age 100 extremely old, very fragile body, almost bald or only a few thin white strands, very strong skin texture.

The person must be fully dressed in all frames."
Photo_into_geometric,2,2,1,True,True,Photo_into_geometric_202604061447.jpeg | Photo_into_geometric_202604061447_2.jpeg,"I. Overall Objective

1. Function Description: Based on user-uploaded reference images, extract the subject's temperament, makeup style, lighting, and color characteristics to create a unique fashion portrait collage.

2. Difference Requirements: Preserve the facial features and overall temperament of the reference subject; do not directly copy the original image. Makeup and composition should be creatively varied within the same stylistic framework.

II. Input Reference Image Requirements

1. Reference Content: A clear front-facing or two-thirds profile photo of a person, clearly showing facial features, skin texture, and general lighting atmosphere.

2. Extraction Key Points: Extract skin tone, makeup intensity, main color tone, lighting direction, subject temperament, and clothing color scheme from the reference image.

III. Image Composition and Output Format

1. Main Image: Generate a super close-up or close-up of the subject's face, with the head and shoulders occupying most of the image space. The gaze can be designed with reference to the temperament of the original image.

2. Collage Structure: Add multiple small images to the right side or corner, including close-ups of profiles, hands, and makeup details, creating a magazine-like layout.

3. Background: Keep the background simple and clean, using solid colors or slight brightness transitions to highlight the subject and makeup.

IV. Text and Graphic Design

1. Title Text: Place a large magazine title at the top of the image, with a simple and powerful font, centered or top-center aligned.

2. Subtitles and Small Text: Add several lines of small text to one side or bottom of the image. This can include keywords, names, and dates, arranged neatly with a consistent font size.

3. Geometric Shapes: Add thin lines, narrow rectangular color blocks, or semi-transparent color blocks around the subject, combining them with text to enhance the sense of planar composition.

V. Style Inheritance Rules

1. Color Inheritance: The overall color tone, contrast, and warm/cool tones should closely match the style of the reference image. The main color should come from the most prominent makeup or clothing color in the reference image.

2. Lighting Inheritance: Refer to the original image's lighting direction and softness. If the original image uses soft lighting, maintain the soft lighting texture; if the original image has high contrast, retain a certain degree of sharpness.

3. Makeup Inheritance: Maintain the same style level based on the makeup characteristics of the reference image (clear, intense, experimental, natural, etc.), then make subtle variations in eye makeup, blush, and lip makeup.

4. Atmosphere Inheritance: Continue the emotional atmosphere of the reference image, such as a cool, sweet, rebellious, or mysterious feel, echoing it in expressions and postures.

VI. Creative Variation Rules

1. Makeup Variation: Add localized exaggerations to the reference style, such as expanding the blush area, enhancing lip shading, adding freckles or highlights.

2. Composition Variation: Adjust the facial angle, cropping area, and small image collage position to ensure different compositions for each generation.

3. Accessory Variation: Add simple yet stylish accessories to the neck, ears, or hands, echoing the main color scheme but not completely replicating the reference image. 4. Detailed Gestures: Add hand gestures such as touching the lips, cheeks, and under the eyes to make the image more narrative and engaging.

VII. Overall Texture and Post-Production Style

1. Clarity: Maintain the visibility of skin pores and details, avoid excessive smoothing, but appropriately soften non-focus areas.

2. Tone Processing: Maintain a unified overall tone, moderately reduce distracting colors, and only enhance the main color and a few accent colors.

3. Emotional Expression: Based on the mood of the reference image, control the intensity of facial expressions and eye contact to ensure the image retains its original style while possessing a unique personality.

Referring to user-uploaded portrait photos, the image style is automatically read and created according to the above rules."
Photobooth_expression_grid,1,2,3,False,False,Photobooth_expression_grid_202604061446.jpeg,"{
  ""generation_request"": {
    ""meta_data"": {
      ""task_type"": ""black_and_white_photobooth_expression_grid_4x4"",
      ""language"": ""en"",
      ""priority"": ""highest"",
      ""version"": ""v1.0_BW_PHOTOBOOTH_EXPRESSIONS_4X4""
    },
    ""input"": {
      ""mode"": ""image_to_image"",
      ""reference_image_usage"": ""very_high"",
      ""preserve_identity"": true,
      ""preserve_facial_features"": true,
      ""preserve_hairstyle"": true,
      ""notes"": ""Use the reference as the primary anchor. Create a black-and-white photobooth-style expression grid. Keep the same identity and hair. Each panel should show a different facial expression. Minimal background, direct photobooth flash look, natural skin texture.""
    },
    ""output"": {
      ""aspect_ratio"": ""1:1"",
      ""resolution"": ""ultra_high"",
      ""num_images"": 1,
      ""layout"": {
        ""type"": ""grid"",
        ""rows"": 4,
        ""cols"": 4,
        ""gutter"": ""thin"",
        ""panel_consistency"": ""high""
      },
      ""sharpness"": ""crisp_photobooth"",
      ""grain"": ""subtle_analog_bw""
    },
    ""scene"": {
      ""concept"": ""classic photobooth contact sheet with expressive faces"",
      ""environment"": ""plain neutral backdrop, no props"",
      ""lighting"": {
        ""style"": ""direct photobooth flash"",
        ""key_light"": ""front flash, slightly hard but flattering"",
        ""shadows"": ""soft short shadows behind subject"",
        ""avoid"": ""cinematic side light, dramatic backgrounds""
      },
      ""camera"": {
        ""lens"": ""50mm"",
        ""distance"": ""tight head-and-shoulders framing"",
        ""focus"": ""eyes sharp in every panel""
      }
    },
    ""subject"": {
      ""type"": ""reference person"",
      ""wardrobe"": ""simple strapless or bare-shoulder photobooth look (no logos)"",
      ""hair"": ""keep same hairstyle across all panels"",
      ""makeup"": ""minimal, natural"",
      ""anatomy_rules"": ""correct facial proportions, no warped eyes/mouth""
    },
    ""expression_set"": {
      ""panel_01"": ""scrunched smile, eyes squeezed slightly"",
      ""panel_02"": ""intense stare with fingers framing eyes"",
      ""panel_03"": ""big laugh, mouth open, joyful"",
      ""panel_04"": ""bored / unimpressed face, chin in hands"",
      ""panel_05"": ""sad pout, watery eyes look"",
      ""panel_06"": ""goofy face with both hands making small horns above head"",
      ""panel_07"": ""playful tongue out, cheeky grin"",
      ""panel_08"": ""angry glare, eyebrows down"",
      ""panel_09"": ""flirty look, hand touching cheek"",
      ""panel_10"": ""surprised wide eyes, mouth slightly open"",
      ""panel_11"": ""fake scream / excited shout, hands near face"",
      ""panel_12"": ""mischievous grin with claw-like hand pose"",
      ""panel_13"": ""confused frown, lips pressed"",
      ""panel_14"": ""crying face, hands on head, dramatic"",
      ""panel_15"": ""tongue out with eyes closed, playful"",
      ""panel_16"": ""duck face with small devil horns gesture""
    },
    ""style"": {
      ""color"": ""pure black and white"",
      ""contrast"": ""medium-high"",
      ""background"": ""flat gray"",
      ""finish"": ""slight photobooth grain, clean edges""
    },
    ""quality_control"": {
      ""identity_lock"": ""strict"",
      ""hands_priority"": ""high"",
      ""avoid"": [
        ""extra fingers"",
        ""missing fingers"",
        ""deformed hands"",
        ""warped face"",
        ""uneven eyes"",
        ""melted mouth"",
        ""plastic skin"",
        ""text"",
        ""watermark"",
        ""logo""
      ]
    },
    ""negative_prompt"": [
      ""color"",
      ""sepia"",
      ""overly cinematic lighting"",
      ""beauty retouch plastic skin"",
      ""low resolution"",
      ""blur"",
      ""distorted anatomy""
    ]
  }
}"
Photorealistic_PEZ_dispenser,3,4,3,False,False,Photorealistic_PEZ_dispenser_202604061447.jpeg | Photorealistic_PEZ_dispenser_202604061447_2.jpeg | Photorealistic_PEZ_dispenser_202604061447_3.jpeg,"Re-imagine this person as a
photorealistic PEZ dispenser
with a long stem and a glossy,
toy-plastic head. An original
[Fruit Mix] PEZ pack lies beside it
on a seamless white
background. Capture crisp
plastic reflections"
Picture_on_movie,2,2,1,True,True,Picture_on_movie_202604061448.jpeg | Picture_on_movie_202604061448_2.jpeg,"Create Transform the provided image into a hand-painted, cinematic illustration in the style of classic movie posters from the 1980s and early 1990s. The artwork should appear as a realistic acrylic or oil painting, featuring expressive brushstroke textures, dramatic highlights, and warm, contrasting tones that evoke nostalgia and epic storytelling.

Desired characteristics:
– Art style inspired by legendary poster artists such as Drew Struzan and Richard Amsel.
– Vibrant colors, dynamic accent lighting, and cinematic shadows that add depth and emotion.
– The character should display confidence and charisma, striking a cinematic pose reminiscent of a timeless movie protagonist - equally suited to any gender.
– The background should incorporate narrative elements - such as ancient relics, sleek sports cars, glowing cityscapes at night, magical energy, starry skies, or dynamic lighting effects - depending on the theme.
– Artistic typography may be subtly implied in the composition, but with no legible text.

The final result should feel like an authentic poster for an adventure, fantasy, or comedy film from the 1980s, blending realistic painting, heroic yet inclusive composition, and nostalgic vintage cinema atmosphere.

Visual inspirations:
Back to the Future, Indiana Jones and the Temple of Doom, The Goonies, E.T. the Extra-Terrestrial, Blade Runner, The Thing, Harry Potter, Return of the Jedi."
Pirate_wanted_poster,3,4,3,False,False,Pirate_wanted_poster_202604061447.jpeg | Pirate_wanted_poster_202604061448.jpeg | Pirate_wanted_poster_202604061448_2.jpeg,"Using the original image, recreate a pirate's wanted poster drawn on parchment.
Brown monochrome, with the texture of aged parchment.
Retain the style and character design of the original image down to the smallest detail, and paste it large at the top of the wanted poster.
A close-up of the face. Have the character wear a pirate hat.
Write the bounty amount at the bottom of the poster. The bounty amount will be random, and a fictitious currency unit will be used.
Below the bounty amount, write the crime in small letters. Use a fictitious language. English or Chinese characters may not be used."
Pixel_art_face,2,2,3,True,False,Pixel_art_face_202604061447.jpeg | Pixel_art_face_202604061448.jpeg,"CREATE hyper-realistic pixel art portrait of a human face,
using the uploaded face image as direct reference,
front-facing composition, simplified into 16bit retro pixel style.
Crisp outlines, vibrant flat colors, clear pixel grid,
faithful to facial features from the uploaded image,
minimal background for focus on the face.
Retro video game aesthetic, clean and sharp pixel resolution,
balanced between realism and pixel stylization.

--use uploaded face image as source
--pixel density: 16bit
--style: retro yet modern avatar
--focus: facial fidelity"
Plush_toys_in,1,1,2,True,False,Plush_toys_in_202604061448.jpeg,"Erase the background and replace the characters with the following:

Cosplayers and Character Goods

Character/Motif:
Character goods based on the illustration

Hairstyle, Eyes, and Appearance:
(Focus on merchandise, not the character itself.)

Main Character: A cosplayer is holding a figurine in the center of the screen.

Location:
Comic Market (a doujinshi sales event).
A spacious booth is filled with merchandise lined up on tables and shelves. The atmosphere is filled with excitement and anticipation.

Merchandise Lineup:
• A large, approximately 100cm figure is displayed in the center of the booth, creating an eye-catching display.
• The character is displayed on an 80-inch LCD panel.
• Acrylic Stands
• Chibi Figures (Deformed)
• Body Pillows (Large, Full-Length Character Print)
• Jigsaw Puzzles (Using Character Artwork)
• Stationery (Notebooks, Pens, Clear Files, etc.)
• Desk Pads
• Plush Toys (Deformed)
Exhibition/Display:
• Goods neatly arranged throughout the booth, creating a unified look.
• Utilizing desks and shelves reminiscent of doujinshi sales events, the layout encourages fans to pick up items.
• With the energy of the visitors as a backdrop, the venue is presented as a special ""fan sanctuary.""
Overall Tone:
A dreamlike sales space.
While emphasizing cuteness and pop, the space evokes the unique enthusiasm of doujin events and the feeling of a ""sanctuary for fan activities.""
Swarms of people.

Image Quality:
Photorealistic, 4K (4000px x 3000px)"
Polaroid_photos_pinned,2,2,3,True,False,Polaroid_photos_pinned_202604061448.jpeg | Polaroid_photos_pinned_202604061448_2.jpeg,"Create an image about ""ADI BRILL"" retold through a series of Polaroid photos pinned to a cork board. Each photo captures a key moment, with simple captions below. Arrange the photos in a loosely chronological path across the board, using colored strings to connect events and characters. Light the scene warmly to evoke nostalgia. Include incidental details, coffee cup rings, paper clips, handwritten notes, for authenticity."
Pop_Art_portrait,1,7,3,False,True,Pop_Art_portrait_202604061446.jpeg,"high-quality hybrid photo-illustration of a subject, featuring a clean ""mixed-media"" aesthetic where a realistic photograph is blended with bold, vector-style hand-drawn graphics.
Core Stylistic Structure:
Realistic Portrait Base: The central subject's face and hair, along with the immediate background, are high-quality and photorealistic. The background is slightly blurred to create depth.
Overlaid Vector Illustration: Specific elements within the frame are replaced or overlaid with clean-lined, vibrantly colored 2D vector illustrations.
Hybrid Accessories: Any items worn on the head or face (e.g., sunglasses, hats, jewelry) are rendered as flat, stylized graphic overlays with sharp outlines.
Hybrid Held Items: Any object held by the subject (e.g., food, drink, or tools) is rendered entirely as a cartoon-style graphic piece, featuring bold outlines, simplified shading, and stylized details like drips or highlights.
Illustrated Clothing: The subject's outfit is depicted as a flat, 2D illustrated graphic layer with vibrant colors, worn over the realistic portrait.
Graphic Enhancements:
VFX Overlays: Dynamic ""liquid splashes,"" ""pop-art sparkles,"" and tiny stars are scattered around the illustrated objects to add energy and movement.
Visual Contrast: A sharp, intentional contrast between the natural skin tones/textures of the photo and the highly saturated, solid colors of the 2D illustrations (vivid reds, electric blues, bright yellows).
Aesthetic & Finish:
A professional and artistic mixed-media composition. The transition between the realistic photo and the graphic drawing is crisp, clean, and seamless, creating a unique ""augmented reality"" look."
Pop_icon_playing,1,1,3,True,False,Pop_icon_playing_202604061447.jpeg,"A close-up, euphoric concert photograph taken from the front row captures a world-famous pop icon in her 30s radiant on a glittering arena stage. She has wavy blonde hair, red lipstick, and is wearing a sparkling silver sequined bodysuit, passionately playing a rhinestone-covered acoustic guitar."
Popcorn_stand_with,2,2,2,True,False,Popcorn_stand_with_202604061446.jpeg | Popcorn_stand_with_202604061448.jpeg,"Illustration Processing:
The background is removed and the characters are turned into figurines and merchandise.
Theme / Overview:
A photorealistic movie theater lounge. A special event-themed space, set in a popcorn stand, is decorated with the world of the characters.

Location:
A spacious popcorn stand in a large movie theater.
There is a cash register, with a popcorn machine inside.
There is a drink stand with a salesperson behind the counter.
Above the register are countless posters of showing movies.

Characters / Production:
A character cosplayer is placed in the center of the screen.
Merchandise such as figurines and acrylic stands are displayed on shelves.
Giant stuffed animals and signboards are displayed realistically.
A movie photo booth is set up and decorated with character designs.

Places where characters are reflected:
Movie posters currently being screened.
Pop-up advertisements for the collaboration menu.
Drink cups and packaging.
Popcorn buckets.
Large LED LCD panel.

Design / Advertising:
Character illustrations are reflected on each poster in the lounge.
Vivid visuals of the collaboration food and drinks are displayed.
Animations and character footage are projected onto LED panels.

Camera Angle:
Composed from the front.
Emphasis on the entire popcorn stand.
A cosplayer is placed in the center, with merchandise and advertisements reflected around them.
A slightly lower angle captures the LED panels and posters impressively.

Quality / Atmosphere:
Photorealistic and detailed depiction.
An urban, realistic glossy feel, creating a cinema-like atmosphere with an event-like feel.
Resolution is 4K, aspect ratio is 4:3."
Portrait_in_pop,2,2,2,True,True,Portrait_in_pop_202604061447.jpeg | Portrait_in_pop_202604061447_2.jpeg,"A portrait of the subject rendered in a 1960s comic book pop art style, featuring thick black outlines, saturated blocks of primary colors, and dense halftone dot shading. Facial features should be expressive, stylized, and slightly exaggerated, like a frozen moment from a dramatic panel. The overall composition should be bold and impactful, brimming with pop art energy and vintage print charm. The image should be full-bleed, with no borders."
Portrait_in_splash-paint,1,2,3,False,True,Portrait_in_splash-paint_202604061447.jpeg,"Vibrant expressive portrait of a man looking upwards with wonder, wearing oversized bright orange-red glasses (glass light colour full shade). The face is sketched in dynamic black strokes on a textured newspaper background, enriched with splashes of vivid blue and orange paint. The composition blends realism and abstract expressionism, evoking innocence, hope, and creativity. Take full face of the attached picture."
Portrait_of_character,1,1,2,True,True,Portrait_of_character_202604061448.jpeg,"Stylish portrait of the character sitting position inside a white 3D [LinkedIn] frame cutout with the logo, in professional suit. Dark background, cinematic lighting, ultra-realistic. [LinkedIn] id : 'Adi Brill' with blue checkmark. Caption should be ""Create with prompts #promptwall !"""
Portrait_photo_surreal,1,2,2,False,True,Portrait_photo_surreal_202604061446.jpeg,"Full body portrait of a rugged character attached in the photo with same hair wearing a luxury elegant white low neck dress, sitting comfortably on a luxurious dark leather sofa. A large, majestic male tiger is calmly sitting beside the character on the sofa,eyes on camera. The background is a dimly lit, opulent room with dark curtains, a patterned rug, and a classic wall sconce. Rich, dramatic, cinematic lighting, high contrast, surreal, editorial photography, high detail, photorealistic."
Portrait_shot_in,2,2,2,True,True,Portrait_shot_in_202604061446.jpeg | Portrait_shot_in_202604061447.jpeg,"A young woman reference form uploaded image kneeling in deep snow, captured in a front profile view while taking a photograph. 
She is positioned in the center of the frame, leaning forward slightly to look through her camera's viewfinder. 

Clothing : 

A thick, winter parka jacket in a color-block design featuring light pastel blue and white panels. She is wearing black winter trousers and thick, beige, knitted mittens/gloves. 

 Accessories 
A professional black DSLR or mirrorless camera with a prominent zoom lens held in her hands.
A mustard-yellow canvas backpack is strapped to her back, providing a colorful contrast to the cool tones. 

Environment 

A serene winter forest setting. The background is filled with tall pine trees heavily laden with fresh white snow. The ground is covered in a thick, soft layer of undisturbed snow.

Camera 
Medium shot, eye-level angle. Shallow depth of field (bokeh) used to keep the subject sharp while softly blurring the snowy trees in the background. High-resolution photography style.

 Style 
Photorealistic, cinematic winter lifestyle photography, nature portrait, serene and cold aesthetic, 8k resolution, highly detailed"
Poster_design__ADI,1,2,3,False,True,Poster_design__ADI_202604061448.jpeg,"A hyper-realistic portrait of the uploaded person inside a giant X (formerly Twitter) post frame that dominates the scene. Their face remains the same, sharp and untouched, wearing stylish sunglasses and sleek shoes, exuding bold charisma. Their relaxed pose shows their right elbow resting on their knee, left arm casual, and one leg stepping out of the X frame in a 3D illusion. The X frame is highly realistic with username GoogleGeminiPrompts, verified checkmark, display name ""ADI BRILL"", caption: ""Too real to stay inside the frame #AlCreation #GoogleGeminiPrompts"", and authentic X-style icons. The background is designed for boldness and energy: deep cobalt blue blending into cyan, with subtle light streaks enhancing the dynamic feel. Clean, cinematic lighting highlights their clothing textures and the 3D illusion, making them the viral centerpiece."
Princess_and_character,1,1,2,True,True,Princess_and_character_202604061448.jpeg,"Use the uploaded reference image as a strict facial identity source.

CRITICAL IDENTITY LOCK:
The face must match the reference image exactly — identical facial structure, proportions, eyes, lips, nose, skin tone, texture, hairstyle, and micro-details.
No changes, no reinterpretation, no beautification, no age shifts, and no added or removed facial hair.
A perfect 1:1 facial reproduction is mandatory.
This applies whether the generated character is interpreted as male or female.

CREATE a warm, rustic kitchen scene with old-world charm: wooden beams overhead, stone walls, and soft natural light filtering through leaded glass windows. A cluttered wooden dining table sits at the center, covered with plates of partially eaten food, spilled ingredients, wine glasses, and scattered fruits and vegetables — the lively aftermath of a shared meal.

In the background, hanging pots and pans, a vintage stove, and open shelves filled with jars and cookware emphasize the cozy, vintage atmosphere.

In the foreground sits a cheerful fairy-tale princess inspired by the classic Snow White storybook archetype (not a Disney likeness). 
She has fair skin, a short black bob hairstyle with a red bow, and wears a stylized interpretation of the classic Snow White color palette: a blue bodice, puffed sleeves with red accents, and a yellow skirt. She rests comfortably in a high-backed wooden chair, leaning her head on her hand with an expression that mixes exhaustion, contentment, and dreamy amusement.

Next to her sits a second character created using the uploaded reference image with CRITICAL IDENTITY LOCK. 
This character may be male or female, depending on the reference image. 
The character wears a vintage military-style brown cap tilted to the side, a cream-colored vertically striped long-sleeve shirt with sleeves rolled up, and a loosely tied brown neckerchief. They are holding a glass of red wine as they sit beside the fairy-tale princess.

Lighting:
Warm painterly illumination highlights the princess’s face, the subtle facial details of the identity-locked character, and the chaotic tabletop. Soft shadows and warm tones create a cozy, magical, storybook atmosphere.

Style:
Detailed, painterly illustration with rich textures, vibrant colors, and a blend of rustic realism and fairy-tale whimsy."
Profile_photo_maintaining,2,2,2,True,True,Profile_photo_maintaining_202604061446.jpeg | Profile_photo_maintaining_202604061448.jpeg,"I. Overall Objective

1. Function Description: Based on user-uploaded reference images, extract the subject's temperament, makeup style, lighting, and color characteristics to create a unique fashion portrait collage.

2. Difference Requirements: Preserve the facial features and overall temperament of the reference subject; do not directly copy the original image. Makeup and composition should be creatively varied within the same stylistic framework.

II. Input Reference Image Requirements

1. Reference Content: A clear front-facing or two-thirds profile photo of a person, clearly showing facial features, skin texture, and general lighting atmosphere.

2. Extraction Key Points: Extract skin tone, makeup intensity, main color tone, lighting direction, subject temperament, and clothing color scheme from the reference image.

III. Image Composition and Output Format

1. Main Image: Generate a super close-up or close-up of the subject's face, with the head and shoulders occupying most of the image space. The gaze can be designed with reference to the temperament of the original image.

2. Collage Structure: Add multiple small images to the right side or corner, including close-ups of profiles, hands, and makeup details, creating a magazine-like layout.

3. Background: Keep the background simple and clean, using solid colors or slight brightness transitions to highlight the subject and makeup.

IV. Text and Graphic Design

1. Title Text: Place a large magazine title at the top of the image, with a simple and powerful font, centered or top-center aligned.

2. Subtitles and Small Text: Add several lines of small text to one side or bottom of the image. This can include keywords, names, and dates, arranged neatly with a consistent font size.

3. Geometric Shapes: Add thin lines, narrow rectangular color blocks, or semi-transparent color blocks around the subject, combining them with text to enhance the sense of planar composition.

V. Style Inheritance Rules

1. Color Inheritance: The overall color tone, contrast, and warm/cool tones should closely match the style of the reference image. The main color should come from the most prominent makeup or clothing color in the reference image.

2. Lighting Inheritance: Refer to the original image's lighting direction and softness. If the original image uses soft lighting, maintain the soft lighting texture; if the original image has high contrast, retain a certain degree of sharpness.

3. Makeup Inheritance: Maintain the same style level based on the makeup characteristics of the reference image (clear, intense, experimental, natural, etc.), then make subtle variations in eye makeup, blush, and lip makeup.

4. Atmosphere Inheritance: Continue the emotional atmosphere of the reference image, such as a cool, sweet, rebellious, or mysterious feel, echoing it in expressions and postures.

VI. Creative Variation Rules

1. Makeup Variation: Add localized exaggerations to the reference style, such as expanding the blush area, enhancing lip shading, adding freckles or highlights.

2. Composition Variation: Adjust the facial angle, cropping area, and small image collage position to ensure different compositions for each generation.

3. Accessory Variation: Add simple yet stylish accessories to the neck, ears, or hands, echoing the main color scheme but not completely replicating the reference image. 4. Detailed Gestures: Add hand gestures such as touching the lips, cheeks, and under the eyes to make the image more narrative and engaging.

VII. Overall Texture and Post-Production Style

1. Clarity: Maintain the visibility of skin pores and details, avoid excessive smoothing, but appropriately soften non-focus areas.

2. Tone Processing: Maintain a unified overall tone, moderately reduce distracting colors, and only enhance the main color and a few accent colors.

3. Emotional Expression: Based on the mood of the reference image, control the intensity of facial expressions and eye contact to ensure the image retains its original style while possessing a unique personality.

Referring to user-uploaded portrait photos, the image style is automatically read and created according to the above rules."
Program_for_Broadway,2,2,2,True,True,Program_for_Broadway_202604061447.jpeg | Program_for_Broadway_202604061448.jpeg,"A photo of a program for the Broadway show about TCG players on a nice theater seat, it's professional and well made, glossy, we can see the cover and a page showing a photo of the stage."
Programmer_working_on,1,2,2,False,False,Programmer_working_on_202604061448.jpeg,"A modern magazine collage style poster about software development. The central image is a young female programmer with twin braids working on a laptop. Surrounding her are various torn paper photo elements: close-ups of code on screens, mechanical keyboards, a cup of coffee, handwritten notes on a tablet, and whiteboard system diagrams. Large, bold typography is layered over the collage, including ""SHIP IT"" and ""上线"" at the top, and ""SYSTEMS THINKING PROGRAMMER"" and ""调试模式"" at the bottom. The background is a mix of dark code terminals and graphic shapes with an orange accent. The overall feel is energetic and professional."
Punk_Deadpool_walking,2,2,3,True,False,Punk_Deadpool_walking_202604061447.jpeg | Punk_Deadpool_walking_202604061447_2.jpeg,"Create an ultra realistic photograph based on the picture I attached here without changing your facial features with a 100% faithful and accurate face, No mask on the face,
The scene shows the character dressed as version of ""punk Deadpool"" walking in serious and determined expression in lit Times Square at night.
Is costume is tight, in dark red and black, with detailed texture of technological fabric and turquoise web black lines covering the torso and arms. On the chest is the Deadpool symbol in turquoise black. Over the man's costume the traditional wears a vest with torn sleeves. There are pointed metal rivet details, spikes, and band patches and anarchist symbols on the vest.
On feet wear high top red old skool tennis vans.
On his wrists she wears leather punk munhequeiras with pointed metal spikes.
In one hand he holds the traditional Deadpool mask, It has at the top of the mask a sharp,
On the other hand he carries a guitar, with a dark blue strap, customized inspired by the Dean ML model, accompanied by rock band and anarchist symbols.
Scenario:
A busy urban street at night, similar to Times Square, New York. The scene is saturated with vibrant neon lights from skyscrapers and digital billboards (outdoors) with advertisements. The street is wet, heavily reflecting the purple, magenta and cyan lights. There is a yellow taxi in the middle of the street. The sky is dark and hazy, adding dramatic contrast to the bright lights.
American shot, street perspective, high contrast, depth of field, bokeh, night photography, subtle cyberpunk-futuristic style, ultra realistic cinematic photography ultra detailed quality 8k
Well-marked clothing texture"
Queen_emerging_from,2,2,2,True,False,Queen_emerging_from_202604061446.jpeg | Queen_emerging_from_202604061448.jpeg,"כדי להפוך את הדמות למלכה (Queen) במקום מלך, עלינו לעדכן את כרטיס המשחק, את פרטי הלבוש ואת המגדר של הדמות בתיאור, תוך שמירה על רמת הפירוט הגבוהה והסגנון הקולנועי.

הנה הפרומפט המעודכן:

CREATE a 64 K DSLR ultra-realistic cinematic portrait of the character (female, keeping the same face from the reference image), emerging dramatically from a large cracked playing card of the Queen of Spades.

The Queen figure has elegant, refined facial features and regal hair, wearing an ornate, high-arched crown with intricate gold filigree and embedded red gems.

The character is dressed in luxurious royal gowns with rich gold-and-crimson embroidery, featuring a high stiff collar and heavy regal velvet folds draped across the shoulders.

One arm extends forward in a commanding, cinematic gesture, while the other rests naturally, revealing a subtle tattoo on the hand. The cracked playing card looks like aged stone, with dust and debris breaking loose as the figure pushes through its surface.

Lighting is dramatic and low-key, emphasizing depth, shadows, and highlights across the crown and the textures of the silk and velvet.

Background: dark gradient tone with faint atmospheric particles for a post-apocalyptic mood.

Render in Octane Render / Unreal Engine 5 style with photoreal materials, sharp optics, HDR global illumination, and cinematic depth of field. The overall image evokes grandeur, authority, and quiet power, blending realism with subtle fantasy energy."
RAW-ISO_[100]_-,3,3,3,True,False,RAW-ISO_[100]_-_202604061448.jpeg | RAW-ISO_[100]_-_202604061448_2.jpeg | RAW-ISO_[100]_-_202604061448_3.jpeg,RAW-ISO [100] - [F2.8-1/200 24mm] settings
Recreate_person_four,2,2,3,True,False,Recreate_person_four_202604061447.jpeg | Recreate_person_four_202604061448.jpeg,"Recreate the person from [Image1] in four different camera perspectives. Keep the subject’s identity, body proportions, and clothing consistent across all four images."
Recreate_scene_Studio,2,2,3,True,False,Recreate_scene_Studio_202604061447.jpeg | Recreate_scene_Studio_202604061447_2.jpeg,"Recreate this scene in the style of Studio Ghibli, with intricate details. Ensure the composition, colors, and overall vibe are similar to Studio Ghibli's signature style. Additionally, the characters should be depicted with a sense of stability and poise, embodying the calm and grounded nature often seen in Studio Ghibli films."
Replace_cat_with,2,2,2,True,False,Replace_cat_with_202604061447.jpeg | Replace_cat_with_202604061448.jpeg,"Based on the uploaded photo, perform the following edits:
1. Remove the motorcycle and the person riding it on the left side of the image.
2. Add a small cat crouching next to the main person, maintaining a reasonable proportion.
3. Replace the cat with a dog, keeping the original pose.
"
Replace_clothing_in,2,2,2,True,True,Replace_clothing_in_202604061448.jpeg | Replace_clothing_in_202604061448_2.jpeg,"Stylize the extracted subject from the uploaded image with a plush, ultra-soft fuzzy texture, as if the person is made entirely from velvet or microfiber. Skin, hair, and clothing should appear smooth, rounded, and fabric-like, with visible fiber texture and soft lighting. Retain realistic facial structure and proportions, but stylize gently like a handmade plush doll. Use clean studio lighting to create subtle highlights and diffused shadows. Replace the original background with a light neutral gray to increase contrast. The final result should feel warm, tactile, and toy-like, while preserving identity cues.Ratio[2:3]"
Robot_washing_dishes,3,5,3,False,False,Robot_washing_dishes_202604061448.jpeg | Robot_washing_dishes_202604061448_2.jpeg | Robot_washing_dishes_202604061448_3.jpeg,"Create an ultra-realistic, highly detailed 16K DSLR photo of a cozy, sunlit kitchen with wooden floors and light-colored walls. A giant, battle-worn robot resembling Optimus Prime from Transformers is standing at the sink wearing a pink apron, washing dishes with visible water splashes and soap bubbles. Beside the robot stands a human in their 30s (use 100% facial description from the uploaded photo), short hair, with a serious expression, wearing a very dirty and damaged white T-shirt with a red Transformers logo, torn khaki shorts, and red Crocs. The person is drying a plate with a dish towel. In the background, another large yellow robot resembling Bumblebee is vacuuming and dusting the living room area, wearing a white lady’s apron. The scene is humorous and surreal, blending sci-fi with domestic life. Warm, cinematic sunlight streams through the window, casting soft shadows. Every texture—metal, fabric, soap bubbles, and wood grain—is rendered with hyper-realistic precision. Shot from an oblique bird’s-eye view for dramatic perspective."
Sad_character_on,2,2,2,True,False,Sad_character_on_202604061446.jpeg | Sad_character_on_202604061447.jpeg,"Please use the uploaded image as a character reference (only for facial features, hairstyle, facial structure, temperament, etc., and do not use the original image's background) to recreate a completely new scene.

The scene is set by the window inside a bus, with a sad, melancholic, and depressed atmosphere. The character should be naturally integrated into this new environment, with their head gently resting against the bus window. The character in the shot should remain in clear focus, while the background is appropriately blurred.

Incorporate a glassmorphism-style music player UI into the image, but it should not be a floating layer or an interface pasted onto the image; instead, it should be seamlessly attached and embedded on the surface of the bus window glass, existing on the same plane as the glass.
· If the window has a tilted angle, the UI must match it exactly, including perspective and compression distortion.
· The texture should present an extremely thin glass-like quality, with realistic subtle reflection and refraction effects.
· UI position: Placed on the window glass in the slightly left-center part of the image.
· Display content:
· Song title: Red
· Artist: Taylor Swift

Overall image requirements:
· Composition ratio: 1:1
· Style: Cinematic feel, realistic compositing, finely detailed textures, strong emotional impact
· Lens: Medium shot or medium close-up, eye-level angle
· Depth of field: Shallow depth of field, with the background showing soft blur (bokeh)
· Lighting: Soft, low saturation, strong atmospheric quality, consistent with the light coming through the window (such as cold light from an overcast or rainy day)
· Color tone: Darker, grayer, with cinematic color grading

The character is wearing in-ear wireless earphones:
· Realistically fitted to the ears, without any sense of incongruity
· Color: Black or dark color
· No earphone cords should be visible, and it should not be an exaggerated over-ear gaming headset

The overall mood of the image needs to echo the song ""Red - Taylor Swift,"" conveying a sense of loneliness and heartbreak immersed in a sad song."
Scientist_using_pipette,2,2,2,True,False,Scientist_using_pipette_202604061447.jpeg | Scientist_using_pipette_202604061448.jpeg,"# A detailed, high-resolution photograph of the laboratory scene as seen in image_0.png, featuring the exact same scientist.

**The Woman**: The image features the same specific scientist from image_0.png, a middle-aged woman with dark hair pulled back, wearing the same brown glasses and having the exact same facial features. She is wearing the same charcoal gray fleece jacket and the same blue t-shirt (mostly hidden).

**The Action**: She is sitting in front of the large stereo microscope (the same model), looking through the eyepieces and using a manual pipette to transfer a small drop of clear liquid into an illuminated petri dish on the microscope's stage. The pipette and the dish are identical to those in image_0.png.

**The Environment (Exact Recreation)**:
* The lab bench is cluttered but functional, featuring all the elements visible in image_0.png.
* The large stereo microscope is positioned in the center.
* To her right is the second, inverted microscope with the flask of pink liquid on it.
* Multiple test tube racks with blue, white, and red caps are arranged in the foreground.
* The computer monitor in the background displays complex green fluorescent micrographs and charts.
* Various laboratory glassware (such as beakers and vials) are present.
* The background includes the large window and the blurred figure of the second scientist.
* Natural daylight blends with the overhead lab lighting.

**Depth of Field and Atmosphere**: A highly realistic photograph. The depth of field is shallow, keeping the scientist, the microscope, and the foreground test tubes in sharp focus, while softly blurring the background to create depth. The atmosphere conveys scientific concentration and professionalism. The textures of the fleece jacket, the glass, and the equipment are clearly visible."
Selfie_em_calçada,4,4,1,True,True,Selfie_em_calçada_202604061447.jpeg | Selfie_em_calçada_202604061447_2.jpeg | Selfie_em_calçada_202604061447_3.jpeg | Selfie_em_calçada_202604061447_4.jpeg,"{""meta"":{""image_quality"":""High"",""image_type"":""Photo"",""resolution_estimation"":""High resolution, likely smartphone portrait mode""},""global_context"":{""scene_description"":""A high-angle, top-down selfie taken outdoors on a paved surface. The subject is a young woman crouching or squatting over a skateboard...""},""composition"":{""camera_angle"":""High-angle / Top-down / Selfie"",""framing"":""Close-up wide-angle""},""objects"":[{""id"":""obj_001"",""label"":""Person (Subject)"",""pose_or_orientation"":""Squatting, face tilted up towards camera""},{""id"":""obj_007"",""label"":""Skateboard"",""visual_attributes"":{""color"":""Light wood with faded green graphics""}}]}"
Selfie_with_ALF,1,2,2,False,True,Selfie_with_ALF_202604061447.jpeg,"""I'm taking a selfie with ALF on the set of ALF the TV show. ALF is sitting at a kitchen table, looking mischievous and holding a fake cat. He's wearing a retro short-sleeve shirt (like image_24.png and image_25.png). Behind us, the living room set of the Tanner house is visible, along with boom microphones."""
Selfie_with_Alf,1,2,2,False,True,Selfie_with_Alf_202604061447_2.jpeg,"""I'm taking a selfie with ALF on the set of ALF the TV show. ALF is sitting at a kitchen table, looking mischievous and holding a fake cat. He's wearing a retro short-sleeve shirt (like image_24.png and image_25.png). Behind us, the living room set of the Tanner house is visible, along with boom microphones."""
Selfie_with_Alice,2,2,2,True,False,Selfie_with_Alice_202604061446.jpeg | Selfie_with_Alice_202604061447.jpeg,"""I'm taking a selfie with Alice on the set of The Mad Hatter's Tea Party. We are in a surreal forest. I'm taking the photo, and Alice, in her classic blue dress (referencing image_8.png), points toward a giant film camera that is partially obscured by over-the-top, oversized teapots and mushrooms. The background shows a whimsical, chaotic filming environment."""
Selfie_with_Allan,1,2,2,False,False,Selfie_with_Allan_202604061447.jpeg,"""I'm taking a selfie with Allan Quatermain on the set of King Solomon's Mines. We are in a large, artificial cavern. Quatermain is dusty and holding a prop map. I can see a practical-effect treasure pile and large studio lights on tripods."" Style: Fictional, photographic, cinematic."
Selfie_with_Animal,2,2,2,True,False,Selfie_with_Animal_202604061446.jpeg | Selfie_with_Animal_202604061446_2.jpeg,"A selfie taken by the person in the attached image with Animal on the set of The Muppets. Animal, the puppet, is in his iconic wild state, holding drumsticks and looking chaotically at the phone. Below him, a puppeteer is carefully adjusting the hidden cables while another operator manages the body. The set is a messy stage environment with drums and music gear, surrounded by production crew."
Selfie_with_Audrey,2,2,2,True,False,Selfie_with_Audrey_202604061447.jpeg | Selfie_with_Audrey_202604061448.jpeg,"A selfie taken by the person in the attached image with Audrey II on the set of Little Shop of Horrors. They are standing in the skid row flower shop set, right next to a massive, incredibly detailed giant alien plant puppet. The plant has its mouth wide open in a comical way. Several puppeteers are visible operating the heavy vines from below."
Selfie_with_Baby,2,2,2,True,True,Selfie_with_Baby_202604061448.jpeg | Selfie_with_Baby_202604061448_2.jpeg,"A selfie taken by the person in the attached image with Grogu (Baby Yoda) on the set of The Mandalorian. They are in a practical set of a desert marketplace. Grogu is an incredibly detailed, small animatronic puppet in a floating pod. The person is kneeling next to it with their phone, and a puppeteer is adjusting the ear mechanics from below. A boom mic hangs overhead."
Selfie_with_Baymax,1,2,2,False,False,Selfie_with_Baymax_202604061448.jpeg,"'m taking a selfie with Baymax on the set of Big Hero 6. Baymax, the large, inflatable robot (like in image_2.png style), is giving me a gentle hug. We are in a highly detailed 'Hiro's workshop' set. The camera is on a jib arm, and there are many glowing computer screens."""
Selfie_with_Beholder,2,2,2,True,False,Selfie_with_Beholder_202604061447.jpeg | Selfie_with_Beholder_202604061447_2.jpeg,"A selfie taken by the person in the attached image with a Beholder on the set of a live-action Dungeons & Dragons movie. The Beholder is a complex, multi-eyed animatronic monster prop, suspended by thin wires. The person is posing with their phone, and a technician with a control panel is adjusting the eye movements from a distance. The background shows a massive green screen wall."
Selfie_with_Bowser,1,2,2,False,False,Selfie_with_Bowser_202604061447.jpeg,"A selfie taken by the person in the attached image with Bowser on the set of The Super Mario Bros. Movie. They are on a massive 'volcano lair' set. Bowser is a detailed, life-sized animatronic figure with a fierce expression. The person is smiling at the camera, and in the background, a puppeteer is carefully adjusting the facial controls. Large studio lights are everywhere."
Selfie_with_Bugs,2,2,2,True,True,Selfie_with_Bugs_202604061447.jpeg | Selfie_with_Bugs_202604061448.jpeg,"Create An ultra-realistic cinematic photo inspired by Men in Black.
In the center: the person from the reference photo, unchanged - keep every facial feature exactly as in the original (mouth, eyebrows, nose, eyes, and face shape identical). The person wears a tailored black suit, white shirt, slim black tie, and a luxury steel watch on one wrist.

They hold a silver Samsung Galaxy S25 Ultra slightly above eye level, angled downward for a natural selfie perspective, with the other hand casually in their pocket.

Flanking them:

Bugs Bunny on the left,

Daffy Duck on the right,
both dressed in matching MIB-style black suits and dark sunglasses, rendered in hyper-realistic cinematic 3D - realistic fur and feathers, subtle specular reflections, and soft rim lighting that matches the person’s lighting perfectly.

All three are facing a large vertical mirror, captured from the waist up, with faint mirror reflections visible.
Background: a high-tech Men in Black armory, filled with futuristic weapons, glowing blue consoles, metallic textures, and ambient haze.

Lighting: controlled studio lighting setup - soft frontal key light, cool blue rim lighting from behind, and cinematic contrast to emphasize depth.
Camera: 35mm full-frame lens, f/2.2 aperture, ISO 100, slight DOF focus on faces.
Color grading: Kodak Vision3 250D film emulation, balanced tones, chrome highlights, deep blacks, and cinematic LUT contrast.
Post-processing: realistic lens reflections, soft bloom on metal surfaces, mild film grain, and clean dynamic range.
Quality: 8K hyper-realistic resolution, perfect material fidelity, detailed skin texture, and full photorealism from edge to edge."
Selfie_with_Captain,2,2,2,True,False,Selfie_with_Captain_202604061447.jpeg | Selfie_with_Captain_202604061447_2.jpeg,"""I'm taking a selfie with Captain Ahab on the set of The Pequod. We are on the deck of a reconstructed whaling ship. The set is moving slightly on a platform. Ahab, with a prop peg leg, is shouting orders, and I'm grinning."" Style: Fictional, photographic, dramatic."
Selfie_with_Chewbacca,2,2,2,True,False,Selfie_with_Chewbacca_202604061448.jpeg | Selfie_with_Chewbacca_202604061448_2.jpeg,"""I'm taking a selfie with Chewbacca on the set of Millennium Falcon. We are inside the detailed spaceship cockpit (like in image_36.png style). Chewbacca, a massive furry Wookiee with a bandolier, is making a gentle roaring sound. Camera tracks and lighting panels are built into the set, and a crew member in a motion capture suit is visible."""
Selfie_with_Cinderella,2,2,2,True,False,Selfie_with_Cinderella_202604061447.jpeg | Selfie_with_Cinderella_202604061447_2.jpeg,"""I'm taking a selfie with Cinderella on the set of The Royal Ballroom. Cinderella is wearing an elegant, but historically accurate, period gown (not the Disney version). We are standing on a grand staircase made of painted wood on a soundstage. I'm showing her the picture on my phone."""
Selfie_with_Cloverfield,2,2,2,True,False,Selfie_with_Cloverfield_202604061447.jpeg | Selfie_with_Cloverfield_202604061448.jpeg,"""I'm taking a selfie with the Cloverfield Monster on the set of New York City Streets. We are on a massive studio backlot that is partially constructed to look destroyed. I'm taking the photo, and a detailed, giant-scale practical-effect 'foot' (part of the larger monster) is next to me. Large green screens and a crane camera are visible."""
Selfie_with_Count,1,2,2,False,True,Selfie_with_Count_202604061447.jpeg,"Use the user’s appearance 1:1 — face, skin, hair, and body without any changes. A candid, retro-inspired mirror selfie capturing the person sitting casually on a bathroom counter, applying deep red lipstick. A large red heart is drawn on the mirror, framing their reflection. They wear an oversized white T-shirt with rolled sleeves, bare legs visible, creating a relaxed and slightly nostalgic atmosphere.

The lighting is soft and dim, evoking a late-night or early-morning mood, with subtle shadows and a touch of film grain for a vintage aesthetic. The reflection shows the person gazing into the mirror with a calm, introspective expression, lips slightly parted mid-application.

Technical details: 35mm film look, muted colors with warm undertones, soft focus edges, and timestamp detail on the lower left corner. The composition centers the heart on the mirror and the face within it, blending intimacy and artistic imperfection. —v 6 —ar 3:4 —style raw —q 2 —s 250."
Selfie_with_Creature,2,2,2,True,True,Selfie_with_Creature_202604061448.jpeg | Selfie_with_Creature_202604061448_2.jpeg,"""I'm taking a selfie with a Minion on the set of Despicable Me 3. The set is a massive 'supervillain lair'. I'm smiling, and a Minion, a small, yellow cylindrical creature with goggles and overalls, is trying to reach a control panel behind me. A film crew is managing a large green-screen background."""
Selfie_with_Davy,1,2,2,False,False,Selfie_with_Davy_202604061447.jpeg,"A selfie taken by the person in the attached image with Davy Jones on the set of Pirates of the Caribbean. The actor playing Davy Jones is wearing a full grey motion-capture suit with reference dots, and a partial silicone prosthetic mask for his face and tentacles. The person is holding their phone, and a VFX artist is scanning the mask with a handheld device. A massive camera crane is visible in the background."
Selfie_with_Demogorgon,2,2,2,True,True,Selfie_with_Demogorgon_202604061447.jpeg | Selfie_with_Demogorgon_202604061447_2.jpeg,"A selfie taken by the person in the attached image with the Demogorgon on the set of Stranger Things. They are in a physical set of the Upside Down, filled with practical-effect vines and floating spores. The Demogorgon is a towering actor in a highly detailed, terrifying rubber monster suit. The person is holding up their phone, and a film crew is adjusting the blue atmospheric lighting behind them."
Selfie_with_Dobby,2,2,2,True,False,Selfie_with_Dobby_202604061448.jpeg | Selfie_with_Dobby_202604061448_2.jpeg,"""I'm taking a selfie with Dobby on the set of Malfoy Manor. Dobby, the small house-elf, is holding up a sock, and I'm capturing his happy expression. On the set, he is a detailed, functional puppet (similar to image_28.png's non-human realism). Production crew are setting up green screens and fog machines in the background."""
Selfie_with_Dorian,1,2,2,False,False,Selfie_with_Dorian_202604061447.jpeg,"""I'm taking a selfie with Dorian Gray on the set of The Artist's Studio. We are in a lush, turn-of-the-century studio. A portrait is central, covered by a black cloth. Dorian is posing elegantly. We see camera tracks on the floor and lighting control panels."" Style: Fictional, photographic, refined."
Selfie_with_Dorothy,1,1,2,True,False,Selfie_with_Dorothy_202604061446.jpeg,"""I'm taking a selfie with Dorothy and the Tin Man on the set of The Yellow Brick Road. We are on a full-scale outdoor set. The Tin Man is getting a oil-can touch-up from a crew member, and I'm capturing the moment. In the far background, a large green structure representing the Emerald City is visible (inspired by image_11.png)."""
Selfie_with_E.T.,1,1,1,True,True,Selfie_with_E.T._202604061447.jpeg,"""I'm taking a selfie with Sherlock Holmes on the set of Victorian London. I'm holding a modern phone, and Holmes, in his deerstalker cap and holding a magnifying glass (as seen in image_6.png), looks puzzled by it. We are standing outside a meticulously recreated 221B Baker Street on a foggy filming set."""
Selfie_with_Faun,1,2,2,False,False,Selfie_with_Faun_202604061448.jpeg,"A selfie taken by the person in the attached image with The Faun on the set of Pan's Labyrinth. They are in a dark, atmospheric labyrinth set with ancient stone carvings. The Faun is a stunning, highly detailed practical monster suit worn by a towering actor. The person is holding up their phone, and a makeup artist is doing a final touch-up on the Faun’s elaborate horns. A boom mic is floating overhead."
Selfie_with_Frankenstein's,2,2,2,True,False,Selfie_with_Frankenstein's_202604061447.jpeg | Selfie_with_Frankenstein's_202604061448.jpeg,"""I'm taking a selfie with Frankenstein's Monster on the set of The Gothic Laboratory. We are standing next to elaborate, old-fashioned electrical equipment with sparks (visible in image_4.png and image_5.png). The Monster, with his stitched face, is trying to smile for the camera. The set is dark and detailed."""
Selfie_with_Gizmo,1,2,2,False,True,Selfie_with_Gizmo_202604061447.jpeg,"A selfie taken by the person in the attached image with Gizmo on the set of Gremlins. They are in an incredibly detailed, messy 1980s bedroom set. Gizmo is a highly expressive, furry little animatronic puppet sitting on a prop bed. The person is smiling at the camera, and in the background, a puppeteer is carefully adjusting the hidden cables."
Selfie_with_Godzilla,4,2,2,False,True,Selfie_with_Godzilla_202604061447.jpeg | Selfie_with_Godzilla_202604061447_2.jpeg | Selfie_with_Godzilla_202604061447_3.jpeg | Selfie_with_Godzilla_202604061448.jpeg,"A selfie taken by the person in the attached image with Godzilla on the set of a classic Toho movie. They are standing in a beautifully detailed miniature set of a Japanese city. Next to them is an actor wearing the iconic, bulky rubber Godzilla suit. The person is smiling at their phone, and a crew member is adjusting a miniature building that the monster is about to step on."
Selfie_with_Grinch,3,3,2,True,False,Selfie_with_Grinch_202604061447.jpeg | Selfie_with_Grinch_202604061447_2.jpeg | Selfie_with_Grinch_202604061447_3.jpeg,"A selfie taken by the person in the attached image with the Grinch on the set of How the Grinch Stole Christmas. They are in a snowy, whimsical Whoville physical set. The Grinch is played by an actor in extensive, detailed green furry prosthetic makeup. The person is taking the photo, and a makeup artist is doing a final touch-up on the Grinch's long, furry fingers."
Selfie_with_Hercules,2,2,2,True,False,Selfie_with_Hercules_202604061447.jpeg | Selfie_with_Hercules_202604061448.jpeg,"""I'm taking a selfie with Hercules on the set of Olympus. I'm holding a modern phone, and Hercules, in simple, powerful robes and a prop club, holds up a hand. The set is a grand, open-air temple with massive pillars and green screens visible beyond the edges."" Style: Fictional, photographic, dynamic."
Selfie_with_Hulk,2,2,2,True,False,Selfie_with_Hulk_202604061447.jpeg | Selfie_with_Hulk_202604061447_2.jpeg,"""I'm taking a selfie with The Hulk on the set of Avengers: Endgame. I'm holding my phone and the massive, green-skinned Hulk, a practical-effects puppet with detailed muscles, is giving a gentle thumbs-up. We are in a partially built 'New Asgard' set. Many crew members in motion-capture suits are in the background."""
Selfie_with_Jack,1,2,2,False,False,Selfie_with_Jack_202604061448.jpeg,"A selfie taken by the person in the attached image with Jack Skellington on the set of The Nightmare Before Christmas. They are standing on a detailed miniature set of Halloween Town. Jack Skellington is a stop-motion puppet armature with a wide smile. The person is looking into their phone, and a technician with a paintbrush is doing a micro-adjustment on a tiny prop pumpkin. Large animation cameras are above."
Selfie_with_Jane,2,2,2,True,False,Selfie_with_Jane_202604061447.jpeg | Selfie_with_Jane_202604061447_2.jpeg,"""I'm taking a selfie with Jane Eyre on the set of Thornfield Hall. The set is a detailed, but artificial, moody mansion exterior. Jane is in a simple period dress. It's twilight, and a large rain machine is visible on the far side of the set. I'm taking the picture, and she smiles."" Style: Fictional, photographic, atmospheric."
Selfie_with_Jaws,2,2,2,True,False,Selfie_with_Jaws_202604061447.jpeg | Selfie_with_Jaws_202604061447_2.jpeg,"A selfie taken by the person in the attached image with Jaws on the set of Jaws. They are on a large water tank filming facility. Jaws is a massive, terrifying animatronic shark (the legendary ""Bruce""), with its jaws wide open. The person is taking the photo from a practical boat prop, and I can see bubble machines and crew in wetsuits."
Selfie_with_Johnny,2,2,2,True,False,Selfie_with_Johnny_202604061447.jpeg | Selfie_with_Johnny_202604061448.jpeg,"A selfie taken by the person in the attached image with Johnny 5 on the set of Short Circuit. They are standing next to the full-sized, tread-tracked robot prop. His mechanical eyes are angled down towards the phone as if he's reading the screen. They are on a sunny outdoor set, with crew members and a boom mic operator in the background."
Selfie_with_Kermit,1,2,2,False,False,Selfie_with_Kermit_202604061448.jpeg,"'m taking a selfie with Kermit the Frog on the set of The Muppet Show. We are standing on the stage of a historic theater. I'm holding the phone, and Kermit, the puppet, is on the desk, playing a tiny banjo. Production crew are setting up seating in the audience, and wires run across the floor."""
Selfie_with_King,2,2,2,True,True,Selfie_with_King_202604061446.jpeg | Selfie_with_King_202604061447.jpeg,"A selfie taken by the person in the attached image with King Kong on the set of a monster movie. They are standing next to a massive, full-scale animatronic gorilla head and shoulder rig on a soundstage. The person is holding their phone, looking tiny next to the highly detailed, scarred face of the ape. A huge camera crane is sweeping past them."
Selfie_with_Krang,2,2,2,True,False,Selfie_with_Krang_202604061446.jpeg | Selfie_with_Krang_202604061447.jpeg,"A selfie taken by the person in the attached image with Krang on the set of Teenage Mutant Ninja Turtles. They are in a detailed practical set of the Technodrome laboratory. Krang is an animatronic, pulsing brain creature resting inside a mechanical android suit torso. The person is smiling at their phone, and a special effects technician is adjusting the wires connected to the brain prop."
Selfie_with_Little,1,1,2,True,False,Selfie_with_Little_202604061447.jpeg,"""I'm taking a selfie with The Little Mermaid on the set of Under the Sea. The setting is a large water tank filming facility. The Mermaid, in a simple practical tail, is floating in the water. I'm taking the photo from the side, and I can see bubble machines and crew in wetsuits."" Style: Fictional, photographic, magical."
Selfie_with_Mind,2,2,2,True,False,Selfie_with_Mind_202604061447.jpeg | Selfie_with_Mind_202604061447_2.jpeg,"A selfie taken by the person in the attached image with a Mind Flayer on the set of a live-action Dungeons & Dragons movie. They are standing in a practical set of an underground cavern. The Mind Flayer is a towering actor in incredibly detailed, terrifying prosthetic makeup with facial tentacles. The person is posing with their phone, while a makeup artist adjusts the slime effects on the tentacles."
Selfie_with_Minion,2,2,2,True,False,Selfie_with_Minion_202604061448.jpeg | Selfie_with_Minion_202604061448_2.jpeg,"""I'm taking a selfie with a Minion on the set of Despicable Me 3. The set is a massive 'supervillain lair'. I'm smiling, and a Minion, a small, yellow cylindrical creature with goggles and overalls, is trying to reach a control panel behind me. A film crew is managing a large green-screen background."""
Selfie_with_Miss,1,2,2,False,False,Selfie_with_Miss_202604061447.jpeg,"A selfie taken by the person in the attached image with Miss Piggy on the set of The Muppets. They are on a grand, plush theater stage set. Miss Piggy is a detailed puppet in an elegant gown, sitting on a desk and looking dramatically at the phone. The person is laughing at the camera, and in the background, a puppeteer is carefully adjusting the hidden cables. Production equipment is everywhere."
Selfie_with_Mr.,4,4,1,True,True,Selfie_with_Mr._202604061447.jpeg | Selfie_with_Mr._202604061447_2.jpeg | Selfie_with_Mr._202604061447_3.jpeg | Selfie_with_Mr._202604061447_4.jpeg,"{""meta"":{""image_quality"":""High"",""image_type"":""Photo"",""resolution_estimation"":""High resolution, likely smartphone portrait mode""},""global_context"":{""scene_description"":""A high-angle, top-down selfie taken outdoors on a paved surface. The subject is a young woman crouching or squatting over a skateboard...""},""composition"":{""camera_angle"":""High-angle / Top-down / Selfie"",""framing"":""Close-up wide-angle""},""objects"":[{""id"":""obj_001"",""label"":""Person (Subject)"",""pose_or_orientation"":""Squatting, face tilted up towards camera""},{""id"":""obj_007"",""label"":""Skateboard"",""visual_attributes"":{""color"":""Light wood with faded green graphics""}}]}"
Selfie_with_Na'vi,2,2,1,True,True,Selfie_with_Na'vi_202604061447.jpeg | Selfie_with_Na'vi_202604061447_2.jpeg,"""I'm taking a selfie with a Minion on the set of Despicable Me 3. The set is a massive 'supervillain lair'. I'm smiling, and a Minion, a small, yellow cylindrical creature with goggles and overalls, is trying to reach a control panel behind me. A film crew is managing a large green-screen background."""
Selfie_with_Oscar,2,2,2,True,False,Selfie_with_Oscar_202604061446.jpeg | Selfie_with_Oscar_202604061447.jpeg,"A selfie taken by the person in the attached image with Oscar the Grouch on the set of Sesame Street. They are kneeling next to Oscar’s trash can. Oscar the Grouch, the puppet, is peeking out with a grumpy expression. Below him, a puppeteer is clearly visible operating the mechanics. A clapperboard is lying on the ground, and crew members are preparing for the next shot."
Selfie_with_Paddington,2,2,2,True,False,Selfie_with_Paddington_202604061448.jpeg | Selfie_with_Paddington_202604061448_2.jpeg,"""I'm taking a selfie with Paddington on the set of Paddington Station. We are on a recreated London platform set with vintage props. I'm holding the phone, and Paddington, a detailed, small, fuzzy bear in a blue coat and red hat (referencing image_30.png style), is holding a marmalade sandwich. Film equipment is everywhere."""
Selfie_with_Pale,2,2,2,True,True,Selfie_with_Pale_202604061447.jpeg | Selfie_with_Pale_202604061447_2.jpeg,"A selfie taken by the person in the attached image with the Pale Man on the set of Pan's Labyrinth. The Pale Man is played by a towering actor in detailed, terrifying prosthetic makeup, with the hands held up showing the eyes in the palms. The person is making a scared face for the camera. A makeup artist is doing a final touch-up on the intricate details of the Pale Man’s face. The set is dark and detailed."
Selfie_with_Peter,2,2,2,True,False,Selfie_with_Peter_202604061447.jpeg | Selfie_with_Peter_202604061447_2.jpeg,"""I'm taking a selfie with Peter Pan on the set of The Jolly Roger Pirate Ship. We are high up on a recreated wooden ship. A large 'greenscreen' ocean background is visible behind us, along with lighting rigs. Peter Pan is balanced on a rope, giving a thumbs-up."""
Selfie_with_Pikachu,2,2,2,True,True,Selfie_with_Pikachu_202604061447.jpeg | Selfie_with_Pikachu_202604061448.jpeg,"""I'm taking a selfie with Pikachu on the set of Detective Pikachu. I'm holding a cup of coffee and Pikachu, a realistic, furry creature with rosy cheeks (referencing image_4.png style), is on my shoulder, looking at the screen. We are on a full-scale 'Ryme City' street set with neon signs and large camera cranes."""
Selfie_with_Predator,2,2,2,True,False,Selfie_with_Predator_202604061447.jpeg | Selfie_with_Predator_202604061448.jpeg,"A selfie taken by the person in the attached image with Predator on the set of Predator. They are on a dense, humid outdoor jungle filming location. The Predator is a massive, towering figure in the classic alien suit with mandibles slightly open. The person is smiling at their phone, and a makeup artist is doing a final touch-up on the Predator's armor. Large light reflectors are scattered around the set."
Selfie_with_Quasimodo,2,2,2,True,False,Selfie_with_Quasimodo_202604061447.jpeg | Selfie_with_Quasimodo_202604061448.jpeg,"""I'm taking a selfie with Quasimodo on the set of Notre Dame Bell Tower. We are looking out over a miniature 'Paris' built for the film. Quasimodo, in full prosthetic makeup, is smiling while leaning against a large practical-effect gargoyle. A crew member is visible adjusting the set."""
Selfie_with_R2-D2,2,2,1,True,True,Selfie_with_R2-D2_202604061448.jpeg | Selfie_with_R2-D2_202604061448_2.jpeg,"""I'm taking a selfie with a Minion on the set of Despicable Me 3. The set is a massive 'supervillain lair'. I'm smiling, and a Minion, a small, yellow cylindrical creature with goggles and overalls, is trying to reach a control panel behind me. A film crew is managing a large green-screen background."""
Selfie_with_Robin,3,4,2,False,False,Selfie_with_Robin_202604061447.jpeg | Selfie_with_Robin_202604061447_2.jpeg | Selfie_with_Robin_202604061447_3.jpeg,"""I'm taking a selfie with Robin Hood on the set of Sherwood Forest Archery Tournament. It's a sunny outdoor set with tents and banners. I'm posing with Robin Hood, who holds a bow. We are standing next to a large film camera mounted on a dolly track."""
Selfie_with_Rocket,2,2,2,True,True,Selfie_with_Rocket_202604061447.jpeg | Selfie_with_Rocket_202604061447_2.jpeg,"A selfie taken by the person in the attached image with Rocket Raccoon on the set of Guardians of the Galaxy. They are in a practical set of a high-tech spaceship engine room. Next to them is a detailed, realistic CGI stand-in puppet of the raccoon, wearing orange overalls. The person is smiling at their phone, and a visual effects supervisor is placing reference spheres in the background. Green screens are visible on the walls."
Selfie_with_Scooby-Doo,2,2,3,True,False,Selfie_with_Scooby-Doo_202604061448.jpeg | Selfie_with_Scooby-Doo_202604061448_2.jpeg,"I'm taking a selfie with Scooby-Doo on the set of The Mystery Machine. We are posing in front of the classic blue and green van (like in image_40.png and image_41.png). I'm smiling, and a detailed, life-sized 'bland' puppet (used for CGI reference) of Scooby-Doo is next to me. The filming set shows large studio lights and a clapperboard."""
Selfie_with_Sherlock,3,1,2,False,True,Selfie_with_Sherlock_202604061446.jpeg | Selfie_with_Sherlock_202604061447.jpeg | Selfie_with_Sherlock_202604061448.jpeg,"""I'm taking a selfie with Sherlock Holmes on the set of Victorian London. I'm holding a modern phone, and Holmes, in his deerstalker cap and holding a magnifying glass (as seen in image_6.png), looks puzzled by it. We are standing outside a meticulously recreated 221B Baker Street on a foggy filming set."""
Selfie_with_Shrek,2,2,2,True,True,Selfie_with_Shrek_202604061446.jpeg | Selfie_with_Shrek_202604061447.jpeg,"""I'm taking a selfie with Dragon on the set of Shrek 2. We are on a giant, full-scale outdoor set of 'Far Far Away'. I'm standing next to the enormous Dragon, who is a complex CGI-ready practical effect. She is nuzzling my arm. There's a camera crew on a platform and large fabric backdrops."""
Selfie_with_Simba,2,2,2,True,False,Selfie_with_Simba_202604061447.jpeg | Selfie_with_Simba_202604061447_2.jpeg,"""I'm taking a selfie with Simba on the set of Pride Rock. We are on a full-scale outdoor recreating of the iconic rock formation. I'm taking the photo, and Simba, a highly realistic, fuzzy lion cub (referencing image_4.png style), is on a small platform next to me, looking at the camera. A film crew is managing a wind machine nearby."""
Selfie_with_Snow,2,2,2,True,True,Selfie_with_Snow_202604061447.jpeg | Selfie_with_Snow_202604061448.jpeg,"{
  ""image_generation_request"": {
    ""meta_protocols"": {
      ""reference_adherence"": {
        ""instruction"": ""Use the provided photo as a strict face reference."",
        ""tolerance"": ""Zero deviation"",
        ""parameters"": ""Preserve facial proportions, skin texture, expression, and identity with 100% accuracy."",
        ""stylization_constraint"": ""Do not stylize or alter facial features.""
      },
      ""format_style"": ""Editorial winter poster–style multi-panel collage"",
      ""aesthetic_quality"": ""Spontaneous iPhone photography (candid, cozy, realistic)"",
      ""global_textures"": ""Soft snowfall, subtle analog grain, slight handheld imperfections""
    },
    ""consistent_elements"": {
      ""subject_wardrobe"": {
        ""coat"": ""Short faux-fur coat"",
        ""legwear"": ""Black tights"",
        ""footwear"": ""Classic UGG boots"",
        ""style_notes"": ""Simple, cozy, unmistakably winter""
      },
      ""primary_device"": {
        ""model"": ""iPhone 17 Pro Max"",
        ""color"": ""Silver"",
        ""usage"": ""Held by subject in relevant frames""
      },
      ""color_palette"": [
        ""Warm ambers"",
        ""Soft reds"",
        ""Pine greens"",
        ""Muted winter greys""
      ]
    },
    ""layout_configuration"": {
      ""panel_1_top_left"": {
        ""scene_type"": ""Reflective shop-window shot at dusk"",
        ""lighting_and_atmosphere"": ""Faint Christmas lights, garlands, frosted glass edges, warm highlights on fur"",
        ""subject_action"": ""Holding phone partially covering face"",
        ""optical_effects"": ""Passing silhouettes, layered reflections, gentle ghosting, natural glass curvature distortion""
      },
      ""panel_2_top_right"": {
        ""scene_type"": ""Ultra-wide street portrait (snowy sidewalk/Christmas market)"",
        ""camera_angle"": ""Close, downward-angled"",
        ""subject_pose"": ""Leaning forward casually, hands in coat pockets"",
        ""visibility_check"": ""Black tights and UGG boots clearly visible"",
        ""motion_dynamics"": ""Falling snow with slight motion blur"",
        ""lens_characteristics"": ""Subtle perspective warping to reinforce handheld unstaged feel""
      },
      ""panel_3_bottom_right"": {
        ""scene_type"": ""Intimate overhead selfie"",
        ""lighting"": ""Warm street or café lighting"",
        ""props"": {
          ""held_item"": ""Takeaway holiday drink (coffee or mulled wine)"",
          ""accessories"": ""Wired earphones visible""
        },
        ""texture_focus"": ""Sharply detailed fur texture and winter fabrics"",
        ""mood"": ""Nostalgic holiday atmosphere enhanced by soft grain""
      }
    },
    ""graphic_overlay"": {
      ""element"": ""Minimal Apple Music–style mini player"",
      ""content"": ""Popular Christmas song (e.g., 'Last Christmas' or 'All I Want for Christmas Is You')"",
      ""style"": ""Rendered flat and clean, no shadows"",
      ""position"": ""Floating across the center of the collage""
    }
  }
}"
Selfie_with_SpongeBob,2,2,2,True,False,Selfie_with_SpongeBob_202604061448.jpeg | Selfie_with_SpongeBob_202604061448_2.jpeg,"""I'm taking a selfie with SpongeBob SquarePants on the set of Bikini Bottom. We are inside a giant, underwater soundstage. I'm posing with SpongeBob, who is a physical puppet (like in image_0.png style), holding a Krabby Patty. A crew member in a wetsuit is adjusting his position. Large lighting rigs are above."""
Selfie_with_Stitch,2,2,2,True,True,Selfie_with_Stitch_202604061448.jpeg | Selfie_with_Stitch_202604061448_2.jpeg,"""I'm taking a selfie with Frankenstein's Monster on the set of The Gothic Laboratory. We are standing next to elaborate, old-fashioned electrical equipment with sparks (visible in image_4.png and image_5.png). The Monster, with his stitched face, is trying to smile for the camera. The set is dark and detailed."""
Selfie_with_T-800,1,2,2,False,False,Selfie_with_T-800_202604061448.jpeg,"A selfie taken by the person in the attached image with a T-800 Endoskeleton on the set of The Terminator. They are in a dark, industrial factory set. They are posing next to a terrifying, full-sized chrome animatronic skeleton with glowing red eyes. The camera crew is setting up a shot with practical fire effects and smoke machines behind them."
Selfie_with_T-Rex,2,2,2,True,False,Selfie_with_T-Rex_202604061447.jpeg | Selfie_with_T-Rex_202604061447_2.jpeg,"A selfie taken by the person in the attached image with the T-Rex on the set of Jurassic Park. They are in a physical set of the jungle tour road, filled with practical-effect rain and crushed cars. The T-Rex is a massive, terrifying full-scale animatronic head and torso, roaring comically for the camera. The person is looking up at their phone, and a huge hydraulic system is visible behind the dinosaur."
Selfie_with_Toothless,2,2,2,True,True,Selfie_with_Toothless_202604061446.jpeg | Selfie_with_Toothless_202604061448.jpeg,"A selfie taken by the person in the attached image with Toothless on the set of How to Train Your Dragon. They are posing next to a stunning, life-sized animatronic Night Fury dragon. The dragon's green eyes are glowing, and it's slightly tilting its head towards the phone. They are on a soundstage with a massive green screen and motion tracking cameras."
Selfie_with_Totoro,2,2,2,True,False,Selfie_with_Totoro_202604061447.jpeg | Selfie_with_Totoro_202604061448.jpeg,"""I'm taking a selfie with Totoro on the set of My Neighbor Totoro. We are in a lush, magical forest next to a giant camphor tree. Totoro is huge, gray, and fluffy (like in image_22.png), and he's giving me a wide grin. A film crew is setting up artificial rain equipment nearby."""
Selfie_with_WALL-E,1,2,2,False,True,Selfie_with_WALL-E_202604061447.jpeg,"A selfie taken by the person in the attached image with Sonic on the set of Sonic the Hedgehog. They are in a practical set of a high-tech lab. Next to them is a detailed, realistic CGI stand-in puppet of Sonic, wearing his iconic red sneakers. The person is smiling at their phone, and a visual effects supervisor is placing reference spheres in the background. Green screens are visible on the walls."
Selfie_with_White,2,2,2,True,True,Selfie_with_White_202604061446.jpeg | Selfie_with_White_202604061447.jpeg,"Create An ultra-realistic cinematic photo inspired by Men in Black.
In the center: the person from the reference photo, unchanged - keep every facial feature exactly as in the original (mouth, eyebrows, nose, eyes, and face shape identical). The person wears a tailored black suit, white shirt, slim black tie, and a luxury steel watch on one wrist.

They hold a silver Samsung Galaxy S25 Ultra slightly above eye level, angled downward for a natural selfie perspective, with the other hand casually in their pocket.

Flanking them:

Bugs Bunny on the left,

Daffy Duck on the right,
both dressed in matching MIB-style black suits and dark sunglasses, rendered in hyper-realistic cinematic 3D - realistic fur and feathers, subtle specular reflections, and soft rim lighting that matches the person’s lighting perfectly.

All three are facing a large vertical mirror, captured from the waist up, with faint mirror reflections visible.
Background: a high-tech Men in Black armory, filled with futuristic weapons, glowing blue consoles, metallic textures, and ambient haze.

Lighting: controlled studio lighting setup - soft frontal key light, cool blue rim lighting from behind, and cinematic contrast to emphasize depth.
Camera: 35mm full-frame lens, f/2.2 aperture, ISO 100, slight DOF focus on faces.
Color grading: Kodak Vision3 250D film emulation, balanced tones, chrome highlights, deep blacks, and cinematic LUT contrast.
Post-processing: realistic lens reflections, soft bloom on metal surfaces, mild film grain, and clean dynamic range.
Quality: 8K hyper-realistic resolution, perfect material fidelity, detailed skin texture, and full photorealism from edge to edge."
Selfie_with_Yoda,2,2,2,True,True,Selfie_with_Yoda_202604061446.jpeg | Selfie_with_Yoda_202604061448.jpeg,"A selfie taken by the person in the attached image with Grogu (Baby Yoda) on the set of The Mandalorian. They are in a practical set of a desert marketplace. Grogu is an incredibly detailed, small animatronic puppet in a floating pod. The person is kneeling next to it with their phone, and a puppeteer is adjusting the ear mechanics from below. A boom mic hangs overhead."
Selfie_with_actors,7,3,2,False,True,Selfie_with_actors_202604061446.jpeg | Selfie_with_actors_202604061446_2.jpeg | Selfie_with_actors_202604061447.jpeg | Selfie_with_actors_202604061447_2.jpeg | Selfie_with_actors_202604061447_3.jpeg | Selfie_with_actors_202604061447_4.jpeg | Selfie_with_actors_202604061447_5.jpeg,"A selfie taken by the person in the attached image with the Grinch on the set of How the Grinch Stole Christmas. They are in a snowy, whimsical Whoville physical set. The Grinch is played by an actor in extensive, detailed green furry prosthetic makeup. The person is taking the photo, and a makeup artist is doing a final touch-up on the Grinch's long, furry fingers."
Selfie_with_alien,2,2,2,True,True,Selfie_with_alien_202604061447.jpeg | Selfie_with_alien_202604061447_2.jpeg,"A selfie taken by the person in the attached image with Audrey II on the set of Little Shop of Horrors. They are standing in the skid row flower shop set, right next to a massive, incredibly detailed giant alien plant puppet. The plant has its mouth wide open in a comical way. Several puppeteers are visible operating the heavy vines from below."
Selfie_with_dragon,2,2,2,True,True,Selfie_with_dragon_202604061447.jpeg | Selfie_with_dragon_202604061448.jpeg,"""I'm taking a selfie with Dragon on the set of Shrek 2. We are on a giant, full-scale outdoor set of 'Far Far Away'. I'm standing next to the enormous Dragon, who is a complex CGI-ready practical effect. She is nuzzling my arm. There's a camera crew on a platform and large fabric backdrops."""
Selfie_with_mob,1,1,2,True,False,Selfie_with_mob_202604061448.jpeg,"i'm taking a selfie with a heavyset 1990s New Jersey mob boss on the set of a gritty mafia TV drama. He is wearing a classic retro short-sleeve polo shirt and holding an unlit cigar. We are standing in front of a fake meat market filming location. Behind us, lighting rigs, a clapperboard, and production crew are clearly visible on the street."""
Selfie_with_totaro,1,2,2,False,False,Selfie_with_totaro_202604061448.jpeg,"""I'm taking a selfie with totaro on the set of [movie name]..."""
Seven_girls_different,2,2,3,True,False,Seven_girls_different_202604061446.jpeg | Seven_girls_different_202604061447.jpeg,"Create a fashion lookbook image showing seven identical Japanese high school girls with long black hair standing in a horizontal row. Each girl wears a different modest, modern casual outfit suitable for everyday wear by Japanese high school students. The image should maintain a clean, contemporary aesthetic. All seven figures are shown in full-body shots against a pure white or slightly ivory background, with natural shadows falling at their feet. The layout resembles a magazine cutout. Below each figure from left to right are the words Monday, Tuesday, Wednesday, Thursday, Friday, Saturday, and Sunday. At the top is a stylish title text. The image uses studio lighting with high resolution in a 16:9 aspect ratio, presented in 4K quality."
Silk_slip_dress,1,1,3,True,False,Silk_slip_dress_202604061448.jpeg,"Poster 01 | Product - Silk Slip Dress | Main Hero KV
9:16 vertical premium minimalist fashion poster. Soft studio daylight, warm cream gradient background (cream/oat color), ultra clean. Elegant Scandinavian model (25-30 years), refined features, natural nude makeup, long hair casually flowing, relaxed elegant posture, full body shot, one hand gently touching the dress hem.
Garment must match uploaded product reference: champagne/cream satin short-length slip dress, thin straps, V-neckline, hem length to mid-thigh, silky lustrous fabric, maintain exact design consistency with reference image.
Layout composition: Top left corner AURORA LUXE logo (small). Top center massive serif headline (2 lines): ""SILK SLIP DRESS"" / ""Nordic Elegance"" (bilingual stacked, clean). Left mid-section glassmorphism info card (3 bullet points, bilingual): Silk-like touch / Silkeaktig berøring; Flattering fit / Smigrende passform; Elegant at home / Elegant hjemme. Bottom right [rounded pill CTA]: ""Shop Now → / Kjøp Nå →"".
Negative prompts: cluttered, busy, multiple patterns, gradients, shadows, watermark, logo repeated, messy text, low quality, blurry, plain face, unattractive"
Smartphone_and_sketch,4,4,2,True,False,Smartphone_and_sketch_202604061446.jpeg | Smartphone_and_sketch_202604061447.jpeg | Smartphone_and_sketch_202604061447_2.jpeg | Smartphone_and_sketch_202604061448.jpeg,"Create a hyper-realistic artistic scene of a smartphone resting on the left page of an open spiral-bound sketchbook. The smartphone screen clearly displays the uploaded reference photo (CRITICAL IDENTITY LOCK: facial features and details must be 100% matched).
On the right page of the sketchbook is a hand-drawn, detailed graphite pencil sketch of the same photo, capturing likeness, emotion, and texture with visible pencil strokes and subtle cross-hatching. The sketch includes shaded contours, depth, and realistic detail - as if it were carefully rendered by a skilled artist.
A graphite pencil lies diagonally across the bottom right of the notebook, slightly overlapping the corner of the sketch page.
The notebook sits on a natural light woodgrain table with soft ambient daylight filtering in from the side, creating gentle shadows and warm highlights across the paper and phone screen. The overall composition feels like a serene artist’s workspace - intimate, tactile, and quietly expressive.
• Aspect ratio: 4:5 vertical
• Style: hyper-realistic with photographic lighting and natural shadowing
• Colours: soft neutral tones with pencil greys, light wood, and subtle natural highlights
• Texture: realistic paper grain, pencil marks, and screen light reflection"
Socialite_caricature_with,4,4,2,True,False,Socialite_caricature_with_202604061447.jpeg | Socialite_caricature_with_202604061448.jpeg | Socialite_caricature_with_202604061448_2.jpeg | Socialite_caricature_with_202604061448_3.jpeg,"Use the uploaded reference image as the absolute source for facial identity.

CRITICAL IDENTITY LOCK:
The face must be a highly realistic, 1:1 reproduction of the person in the reference image. Maintain exact facial structure, skin texture, eye color, and natural expression. DO NOT apply caricature distortions to the facial features (no exaggerated eyes, no cartoonish nose, no over-plumped lips on the face itself). The realism of the face must contrast sharply with the exaggerated body.

CONCEPT:
Create a humorous, over-the-top high-fashion caricature of a glamorous socialite, where the body is a caricature but the face remains hyper-realistic.

Caricature Body & Proportions:

Neck: Extremely elongated, elegant, and swan-like.

Torso: Tiny, tapered ""wasp"" waist with dramatic, humorous proportions.

Silhouette: Ultra-slim, tall, and gangly legs.

Pose: A smug, overly glamorous, red-carpet runway pose.

Outfit & Accessories:

A form-fitting, ultra-high-fashion designer suit with dramatic, cartoon-like proportions.

Glossy, high-end dress shoes.

Oversized luxury sunglasses (pushed up or held to ensure the realistic face is visible).

A tiny dog tucked inside an extravagant designer handbag.

Scene:

A chaotic Red Carpet event.

Character surrounded by bright, flashing paparazzi lights and popping bulbs.

Glamorous, celebrity-obsessed atmosphere with high-gloss highlights and deep shadows.

Style:

A ""Realistic Face on Caricature Body"" aesthetic.

Sharp, polished, fashion-editorial energy.

Vivid lighting and high-drama red-carpet sparkle.

Clean rendering with professional digital art finish."
Soldier_in_combat,2,2,2,True,False,Soldier_in_combat_202604061446.jpeg | Soldier_in_combat_202604061447.jpeg,"Create an image based on the person in the attached photo that shows a soldier with the face of the person in the image in combat uniform, in the foreground, during a military attack with tanks in the background, following all the soldier details described below.
Soldier Details:
• Uniform: He wears a forest camouflage uniform (green, brown, and black) that is typical of the Brazilian Army (EB). The long-sleeved shirt/jacket is buttoned, and he wears trousers (although the trousers are not fully visible, the pattern is the same).

• Helmet: He is wearing a modern combat helmet, olive green in color, with a chin strap that is fastened.

• Facial Detail: He has a serious and cordial look without camouflage, only with a slightly dirty face.

• Armament: He carries an assault rifle, which appears to be an IMBEL A2 or a modernized FAL family rifle, in black. The weapon is resting on the front of his body, with the barrel pointing down and to the viewer's right, and he is holding it with his right hand. The inserted magazine is visible.
• Equipment: He is wearing a tactical vest or load-bearing equipment (suspenders and belt) over his uniform. On his left shoulder (viewer's right side), there is a patch or insignia on his uniform. On his belt, to the left, he has a holster or utility pouch that is olive green or khaki in color. His gloves appear to be thin, or he is either ungloved but has camouflage paint on his hands.
• Identification: It is possible to read what appears to be a first or last name (his last name) on the left chest of his uniform, above the pocket."
Space_girl_3D,2,2,2,True,False,Space_girl_3D_202604061446.jpeg | Space_girl_3D_202604061446_2.jpeg,"SPACE GIRL ///  3D render of a stunning portrait of white woman with highly detailed space suit and space helmet see face through transparent glass visuer, motion blur, closeup, light refraction, realistic, highly detailed, 8K, hdr, subsurface scattering, global illumination, bokeh, octane, Film-like"
Stand_summoning_concept,1,1,3,True,False,Stand_summoning_concept_202604061448.jpeg,"""Stand Summoning"" Prompt!!

[Role]
You are a movie VFX (visual effects) concept artist. Seamlessly composite a realistic CGI-created ""Stand"" into the provided live-action photo without any sense of incongruity.

[Specific Instructions]
Create a photorealistic image where the person in the provided photo is the main subject, with an original ""Stand"" appearing behind them.

Maintaining Visual Style (Most Important):
Preserve the original photo's lighting (direction, intensity, shadows), color tone, camera texture, and atmosphere exactly as is. No manga-style expressions (outline strokes or sound effects) are needed whatsoever.

Stand Design and Generation:
Analysis: Analyze the ""atmosphere"" perceived from the person's clothing, belongings, and facial expression in the photo.
Design: Design that atmosphere as an abstract yet physical form. The Stand appears with realistic material presence such as water, fire, ice, metal, stone, glass, smoke, light, or unknown organic matter.

Compositing: The Stand emerges behind the person, receiving the photo's environmental light to cast realistic shadows, and may distort the surrounding air. Position it in a pose that either protects or intimidates the person."
Statue_of_Liberty,2,2,2,True,False,Statue_of_Liberty_202604061447.jpeg | Statue_of_Liberty_202604061447_2.jpeg,"A miniature 3D sculpted sand of [Head of Statue of Liberty], with half visible and the other half covered by sand, gives a hyper-realistic impression of emerging from the sand.ratio[2:3]"
Steampunk_Tudor_England,2,2,3,True,False,Steampunk_Tudor_England_202604061446.jpeg | Steampunk_Tudor_England_202604061447.jpeg,"Steampunk style picture of Tudor England, the Tower. Characters include Anne of Cleves, Henry VIII. Behind Anne of Cleves, the ghosts of Henry VIII's previous wives: Catherine of Aragon, Anne Boleyn, Jane Seymour.  "
Storyboard_from_uploaded,2,2,2,True,True,Storyboard_from_uploaded_202604061447.jpeg | Storyboard_from_uploaded_202604061448.jpeg,"Create a storyboard from the uploaded image, highlighting key moments and transitions with cinematic angles, camera movements, and framing that capture the scene's mood and narrative flow."
Street_graffiti_style,2,2,2,True,True,Street_graffiti_style_202604061446.jpeg | Street_graffiti_style_202604061446_2.jpeg,"Create a dramatic, ultra-realistic nighttime urban scene. A person from the uploaded reference image - keeping the exact same face, expression, proportions, skin texture, hair, and all unique facial details with zero alteration - sits confidently in the center of an empty city street beneath an overpass. They lean casually against a graffiti-covered concrete pillar, surrounded by the glow of a modern skyline filled with tall glass buildings, illuminated windows, and neon reflections. The person wears a white-yellow shirt with bold red text, olive joggers, and red-white sneakers, captured in rich, detailed fabric texture. Long-exposure light trails from passing vehicles streak dynamically through the background in blue, red, orange, and white, adding a futuristic sense of motion. Shot from a low-angle, centered, symmetrical perspective, creating deep cinematic drama and powerful compositional balance. The atmosphere blends street photography with cyberpunk-style colors - moody, energetic, modern - with strong contrast, rich shadows, highly detailed surfaces, and professional lighting. Rendered in hyper-realistic 4K resolution, sharp, vivid, and immersive. Important: The person must retain 100% of the exact face from the uploaded reference image - same identity, same micro-details, same natural features - seamlessly integrated into this urban night scene."
Street_mural_portrait,2,2,3,True,False,Street_mural_portrait_202604061446.jpeg | Street_mural_portrait_202604061447.jpeg,"Create an ultra-realistic cinematic portrait of a character (man or woman) based on the attached photo, captured leaning confidently against a vibrant graffiti mural.
The character wears a black jacket, dark jeans, and black Air Max sneakers, arms crossed, gazing to the side with a serious, self-assured expression.
Behind them, a large, realistic mural features a painted portrait of the same person - same pose, outfit, and expression - surrounded by colorful urban graffiti.
Above the mural, the name ""ADI BRILL"" appears in vivid, stylized lettering.
The scene conveys street culture, self-expression, and artistic identity.

Ensure 100% facial accuracy and realistic likeness to the reference photo - keep every micro-feature identical:
* natural skin texture and tone, visible pores and imperfections,
* true facial asymmetry and authentic proportions,
* original hair details, eye color, and expression.

No face-altering filters, masks, retouching, or generative reinterpretation.
Maintain natural lighting realism, physical shadows, and photographic optical depth.
Shot on Sony A7R IV, 85mm f/1.4, shallow depth of field, high dynamic range, Kodak Portra 400 color grading, soft daylight diffusion, and cinematic street atmosphere."
Subject_near_Egyptian,2,2,3,True,False,Subject_near_Egyptian_202604061447.jpeg | Subject_near_Egyptian_202604061447_2.jpeg,"“A hyper-realistic cinematic image. The uploaded image is a photo of the subject (male or female) — this photo should be used faithfully as a reference for the face, body, clothing, and individual features.
The scene takes place at an elevated point near the Egyptian Pyramids, with a wide, clear view of the Giza pyramids in the background, the golden desert, and the intense blue sky.
The subject is wearing a black t-shirt with the text ‘Brill.ai.’ in white letters on the chest, along with a black watch, maintaining the appearance and posture of the original photo.
The golden light of late afternoon illuminates the landscape, creating warm, realistic tones. A slight desert haze adds atmospheric depth.
The camera angle is wide and slightly low, conveying a sense of grandeur, freedom, and inspiration.
Cinematic style, 16:9 aspect ratio, ultra-realistic, with fine details in lighting, sand texture, and impeccable facial sharpness.
--ar 16:9 --style photographic --quality 2”"
Subject_with_box,2,2,2,True,True,Subject_with_box_202604061447.jpeg | Subject_with_box_202604061448.jpeg,"Act as a Senior Editorial Designer and Typographer.

PHASE 1: TYPOGRAPHIC MASK (THE ""WINDOW"" EFFECT).

- Core Element: Use the most iconic slogan or the name of [BRAND NAME] as a massive, ultra-bold, heavy sans-serif typographic mask.

- Layout: The letters must be giant, filling the entire vertical frame from edge to edge with tight kerning.

- Concept: The text acts as a ""cut-out"" window. The background is solid white, and the photographic subject is visible ONLY through the letterforms.

PHASE 2: DYNAMIC SUBJECT LOGIC.

- Subject Selection:

- Detail: Ensure a high-contrast element，an running athelete is visible through one of the letters as a focal point.

PHASE 3: SOPHISTICATED MUTED PALETTE.

- Atmosphere: Use a ""Refined Muted"" color scheme.

- Tones: Soft slate blues, charcoal greys, and creamy off-whites for the photography inside the mask.

- Accent: Identify one sharp, saturated accent color belonging to [BRAND NAME] and apply it to a single key object visible through the text.

PHASE 4: PHOTOGRAPHY & LIGHTING.

- Lighting: Soft-box studio lighting. Diffused shadows and gentle highlights to create a cinematic, high-end editorial feel.

- Finish: Clean, matte texture with zero visual noise. High-definition photographic quality.

PHASE 5: MINIMALIST BRANDING.

- Accents: Add a tiny minimalist logo and a small vertical tagline in a clean, microscopic sans-serif font near the corners.

- Year: Include the year ""2026"" in a subtle, elegant font to mimic a limited-edition look."
Superhero_comic_book,2,2,3,True,True,Superhero_comic_book_202604061447.jpeg | Superhero_comic_book_202604061448.jpeg,"Based on the uploaded image, make a comic book strip, add text, write a compelling story. I want a superhero comic book."
Surreal_illustration_dreamlike,2,2,2,True,True,Surreal_illustration_dreamlike_202604061447.jpeg | Surreal_illustration_dreamlike_202604061447_2.jpeg,"Transform this image into a digital illustration with a surreal, geometric art style. Apply glitch textures, abstract shapes, and cinematic composition. Use the original photo’s lighting and color palette to guide the atmosphere, while reimagining the scene in a stylized, dreamy, retro-futuristic way. "
Tarot_card_with,1,2,2,False,False,Tarot_card_with_202604061448.jpeg,"Generate a dark gothic tarot card featuring me from this image. Include “AI Artist - Brill” and [coffee, white fluffy chubby cat with pink bow, laptop, phone, headphones] as symbols, with moody shadows, intricate gothic borders, and mystical dark fantasy vibes."
Technical_sketch_of,2,3,2,False,False,Technical_sketch_of_202604061447.jpeg | Technical_sketch_of_202604061448.jpeg,"A technical sketch in a blueprint style on aged, textured paper, depicting the person from the uploaded reference image.The portrait must be reconstructed exclusively from the reference photo, preserving the exact facial identity, proportions, bone structure, and recognizable features. No stylization of facial anatomy, no idealization. The drawing is rendered with black ink cross-hatching and precise linework, including visible construction lines, circles, measurements, annotations, and geometric diagrams superimposed over and around the face. Facial guidelines, symmetry axes, proportional grids, and technical callouts are clearly visible, as if analyzing the subject’s face scientifically. Abstract lines and a small schematic skull diagram appear near the bottom of the page, along with a single drop of sepia ink. The overall aesthetic is that of a vintage engineering schematic or a Da Vinci–style anatomical notebook page. Monochrome. Hand-drawn. Analytical. Precise. The person must remain unmistakably the same individual as in the reference image."
Textured_illustration_style,6,6,2,True,False,Textured_illustration_style_202604061447.jpeg | Textured_illustration_style_202604061447_2.jpeg | Textured_illustration_style_202604061447_3.jpeg | Textured_illustration_style_202604061447_4.jpeg | Textured_illustration_style_202604061447_5.jpeg | Textured_illustration_style_202604061447_6.jpeg,"Transform the image to a textured illustration style featuring:Rich, vibrant color palette with saturated hues and striking contrasts. Artistic brushstrokes that convey movement and depth. Layered, tactile textures—think paper, bark, or watercolor washes. Dynamic, expressive composition that guides the viewer’s eye. Detailed character design elements (e.g., ornate trims or symbolic motifs) that add narrative flair"
Theater_program_on,2,2,2,True,True,Theater_program_on_202604061447.jpeg | Theater_program_on_202604061448.jpeg,"A photo of a program for the Broadway show about TCG players on a nice theater seat, it's professional and well made, glossy, we can see the cover and a page showing a photo of the stage."
Theme_park_image,2,2,2,True,False,Theme_park_image_202604061448.jpeg | Theme_park_image_202604061448_2.jpeg,"Generates a photorealistic theme park image based on the original image.
The theme park and the people enjoying it are depicted in an extremely photorealistic style. Daytime. Sunny.
The color scheme and design are extracted from the original image and applied to the color scheme and design of various facilities.
Vehicles and buildings based on the original image, mascot costumes that are a distorted version of the original image, and signs with the original image printed on them are placed within the image.
The mascot costume design should use the original image as a motif, but be moderately distorted to create a photorealistic look.
The sizes of the people and mascot costumes must not be unrealistic.
Even if the original image is anime-style, the final image must be a photorealistic theme park. Be sure to follow these rules."
Three_female_characters,1,1,2,True,True,Three_female_characters_202604061447.jpeg,"A layout page from a vintage Japanese RPG strategy guide book, printed on aged parchment paper with visible texture, stains, and faint arcane symbol watermarks. The dominant style is 'sketchy ink and watercolor wash illustration.' The main subject on the left is a female anime mage with blonde bob hair, wearing a hooded indigo robe and leather gear, holding an open glowing grimoire, casting swirling fire magic. Her art style shows visible pencil lines and watercolor texture bleeding. To her left is a vertical column of retro RPG UI stats bars (HP/MP/ATK/DEF) designed as glass tubes in ornate metal frames, and below that a branching skill tree diagram with circular icons and glowing connecting lines. The top right features a contrasting 16-bit isometric pixel art sprite of the same character. The bottom right contains small, low-resolution gameplay screenshots of turn-based combat. Dense Japanese serif typography text describing the character and skills fills the remaining spaces. The overall aesthetic is historical fantasy, mixed media graphic design, official art book quality. --ar 2:3 --v 6.0 --stylize 250"
Times_Square_two,2,2,2,True,True,Times_Square_two_202604061447.jpeg | Times_Square_two_202604061448.jpeg,"Create an ultra realistic photograph based on the picture I attached here without changing your facial features with a 100% faithful and accurate face, No mask on the face,
The scene shows the character dressed as version of ""punk Deadpool"" walking in serious and determined expression in lit Times Square at night.
Is costume is tight, in dark red and black, with detailed texture of technological fabric and turquoise web black lines covering the torso and arms. On the chest is the Deadpool symbol in turquoise black. Over the man's costume the traditional wears a vest with torn sleeves. There are pointed metal rivet details, spikes, and band patches and anarchist symbols on the vest.
On feet wear high top red old skool tennis vans.
On his wrists she wears leather punk munhequeiras with pointed metal spikes.
In one hand he holds the traditional Deadpool mask, It has at the top of the mask a sharp,
On the other hand he carries a guitar, with a dark blue strap, customized inspired by the Dean ML model, accompanied by rock band and anarchist symbols.
Scenario:
A busy urban street at night, similar to Times Square, New York. The scene is saturated with vibrant neon lights from skyscrapers and digital billboards (outdoors) with advertisements. The street is wet, heavily reflecting the purple, magenta and cyan lights. There is a yellow taxi in the middle of the street. The sky is dark and hazy, adding dramatic contrast to the bright lights.
American shot, street perspective, high contrast, depth of field, bokeh, night photography, subtle cyberpunk-futuristic style, ultra realistic cinematic photography ultra detailed quality 8k
Well-marked clothing texture"
Train_interior_character,4,6,3,False,False,Train_interior_character_202604061447.jpeg | Train_interior_character_202604061448.jpeg | Train_interior_character_202604061448_2.jpeg | Train_interior_character_202604061448_3.jpeg,"Illustration Processing:
The background is erased and characters are turned into figurines and merchandise.
Theme / Overview:
A photorealistic Tokyo train interior. The entire car is decorated with character advertisements and merchandise, creating a special space tailored for a collaboration event.
Characters / Production:
Several character cosplayers are standing in the foreground of the screen.
Life-size panels and life-size figures are displayed in the center and back of the train.
100cm character figures are on display.
Many character stuffed toys are lined up in empty seats.
Advertising / Display:
Character illustrations are reflected in advertisements on the straps.
Character illustrations are displayed on poster advertisements inside the train.
Character illustrations and animations are displayed on additional LED displays installed inside the train.
Illustration Processing:
The background is erased and characters are turned into figurines and merchandise.
Near-life-size figures, 100cm figures, deformed figures, and stuffed toys are realistically depicted.
Camera Angle:
A frontal composition emphasizes the bustling atmosphere inside the train.
A large shot of a cosplayer in the foreground, with figures, panels, and stuffed animals in the background.
A low angle captures the strap advertisements and LED displays impressively.
Quality / Atmosphere:
Photorealistic and detailed depiction.
An urban, realistic glossy feel.
Resolution is 4K, aspect ratio is 4:3."
Trainer_with_Pokémon,7,8,3,False,False,Trainer_with_Pokémon_202604061446.jpeg | Trainer_with_Pokémon_202604061446_2.jpeg | Trainer_with_Pokémon_202604061447.jpeg | Trainer_with_Pokémon_202604061448.jpeg | Trainer_with_Pokémon_202604061448_2.jpeg | Trainer_with_Pokémon_202604061448_3.jpeg | Trainer_with_Pokémon_202604061448_4.jpeg,"Create Ultra-realistic 8K cinematic portrait based precisely on the uploaded reference image (male or female) - maintaining 100% fidelity to the subject’s real facial structure, gender, skin tone, hairstyle, and natural proportions, without any facial modification.

Depict the subject as a Pokémon Trainer, centered in the frame and posing confidently, wearing casual yet adventurous trainer attire inspired by the modern Pokémon universe - textured jacket, tactical backpack, and fingerless gloves.
The expression shows a very subtle, natural smile, conveying calm confidence and connection with the Pokémon world.

Surround the trainer with friendly Pokémon companions - Pikachu, Bulbasaur, Charmander, and Squirtle - each interacting in a playful, dynamic, and affectionate manner:

Pikachu perched on the shoulder, glowing faintly with electric sparks.

Bulbasaur leaning forward with curiosity.

Charmander’s flame tail casting warm reflections.

Squirtle laughing near the trainer’s side, droplets in motion.

The background features a vibrant, sunlit training field, bathed in a golden sunset sky with warm orange, pink, and lavender tones.
High above, Legendary Pokémon soar majestically, their forms illuminated by radiant sunlight and soft clouds, giving a sense of scale and epic adventure.

Lighting and optics: cinematic HDR setup with soft directional sunlight, lens flares, and shallow depth of field from a wide-angle (35mm f/1.8) lens simulation.
Include micro-textures on Pokémon fur, fabrics, and skin, realistic reflections, motion blur, and fine atmospheric particles for dynamic realism.

Composition: heroic game-poster framing, vibrant yet balanced color palette, joyful and adventurous energy.
Render in 8K ultra-detail, ensuring a lifelike Pokémon world and authentic emotional tone faithful to the real person in the image."
Transform_image_into,3,3,1,True,True,Transform_image_into_202604061446.jpeg | Transform_image_into_202604061447.jpeg | Transform_image_into_202604061448.jpeg,"Use the uploaded reference image as a strict facial identity source.

CRITICAL IDENTITY LOCK:
The face must match the reference image exactly — identical facial structure, proportions, eyes, lips, nose, skin tone, texture, hairstyle, and micro-details.
No changes, no reinterpretation, no beautification, no age shifts, and no added or removed facial hair.
A perfect 1:1 facial reproduction is mandatory.
This applies whether the subject is interpreted as male or female.

You are an expert digital artist specializing in vibrant, stylized portrait creation with deep knowledge of Pop Art aesthetics, color theory, and modern digital illustration techniques. You excel at transforming reference photographs into bold, contemporary artworks that capture both the subject's essence and artistic vision.



TASK:
Create a vibrant, stylized Pop Art digital portrait based entirely on the uploaded reference image. The artwork must maintain the subject’s exact facial identity, features, and serious expression while applying strong Pop Art stylization.

OBJECTIVE:
Transform the reference photograph into a striking Pop Art–inspired portrait that balances artistic interpretation with strict facial identity accuracy, resulting in a modern, gallery-worthy piece with bold color choices and high visual impact.

AESTHETIC & STYLE GUIDELINES:
• Use bold accent colors: bright pink, vivid blue, and energetic orange 
• Background must be deep navy blue to provide strong contrast 
• Maintain the subject’s serious expression and well-defined face 
• High-contrast Pop Art lighting and exaggerated tones 
• Dynamic, modern, contemporary feel 
• Hard edges, graphic color blocks, expressive shading 
• Clear definition of facial features while allowing stylization 
• Avoid photorealism — prioritize artistic energy and visual boldness 

Final composition:
A modern Pop Art portrait with perfect identity retention, vibrant color impact, and strong gallery-grade artistic clarity."
Turn_photo_into,7,4,1,False,True,Turn_photo_into_202604061446.jpeg | Turn_photo_into_202604061447.jpeg | Turn_photo_into_202604061447_2.jpeg | Turn_photo_into_202604061448.jpeg | Turn_photo_into_202604061448_2.jpeg | Turn_photo_into_202604061448_3.jpeg | Turn_photo_into_202604061448_4.jpeg,"{
""image_request"": {
""goal"": ""Create a stylized mixed-media portrait with hand-drawn elements, showing the subject eating a sufganiyah."",
""meta"": {
""image_type"": ""Mixed Media Portrait"",
""quality"": ""8K"",
""color_mode"": ""Black and White Photo with Vibrant Color Overlay"",
""style_mode"": ""mixed_media_doodle"",
""aspect_ratio"": ""4:5"",
""resolution"": ""1080x1350px""
},
""creative_style"": ""Mixed Media Art combining a classic black and white studio portrait with vibrant, playful, hand-drawn digital doodles and patterns. The style is whimsical, energetic, and pop-art inspired, blending realism with illustrative abstraction."",
""overall_theme"": ""playful artistic expression"",
""mood_vibe"": ""cheerful creative charming"",
""style_keywords"": [
""mixed media"",
""doodle art"",
""black and white photography"",
""vibrant colors"",
""pop art"",
""illustrative overlay"",
""playful"",
""patterned"",
""energetic"",
""portrait""
],
""subject"": {
""count"": ""1"",
""type"": ""male or female"",
""identity"": ""the real person from the reference photo"",
""identity_preservation"": {
""description"": ""Preserve the exact facial identity, proportions, hairstyle, and expression from the reference photo"",
""notes"": ""Do not alter facial structure or change the subject into any other known person""
},
""age_appearance"": ""match reference photo"",
""skin"": ""smooth black and white tone based on the reference image"",
""makeup"": {
""lips"": ""natural"",
""eyes"": ""natural"",
""general"": ""none""
},
""facial_features"": {
""expression"": ""use the authentic expression from the reference image"",
""eyes"": {
""gaze"": ""looking directly at viewer, matching reference"",
""intensity"": ""friendly""
},
""lips"": {
""gesture"": ""eating a sufganiyah""
}
},
""hair"": {
""length"": ""match reference photo"",
""texture"": ""match reference photo"",
""style"": ""match reference photo"",
""lighting_interaction"": {
""light"": ""studio lighting highlights"",
""shadow_play"": ""soft facial modeling""
}
},
""clothing"": {
""top"": ""same type of top visible in the reference or a simple neutral top if not visible"",
""bottom"": ""not visible"",
""full_description"": ""The clothing acts as the canvas for the art: a black base covered in colorful hand-drawn abstract patterns, stripes, and shapes (yellow collar, blue, pink, orange abstract forms)."",
""accessories"": ""none real, but drawn elements act as accessories""
},
""props"": {
""bouquet"": ""none"",
""wine_glass"": ""none"",
""other"": ""drawn yellow crown floating above head, and a hand-drawn sufganiyah with powdered sugar and jelly is being eaten by the subject""
}
},
""pose_action"": {
""description"": ""Bust portrait matching the reference pose, looking forward."",
""overall_pose"": ""standing studio portrait"",
""head_turn"": ""match reference"",
""gaze"": ""direct"",
""body_position"": ""upper body"",
""hands"": ""not visible"",
""movement"": ""static pose, dynamic art""
},
""multiple_frames_expressions"": [],
""environment"": {
""setting"": ""studio white background"",
""location"": ""studio"",
""weather"": ""n/a"",
""time_of_day"": ""n/a"",
""atmosphere"": ""fun and artistic""
},
""background"": {
""color"": ""white with colorful doodles"",
""effect"": ""plain background filled with abstract black dashes, colorful swirls (blue, pink, orange), and scribbles""
},
""lighting"": {
""type"": ""studio strobe"",
""position"": ""front"",
""direction"": ""flat flattering light"",
""intensity"": ""balanced"",
""focus"": ""subject face"",
""falloff"": ""none"",
""light_source"": ""artificial""
}
}
}"
Two_characters_fight,1,2,2,False,True,Two_characters_fight_202604061448.jpeg,Have these two characters fight using the pose from Figure 3. Add appropriate visual backgrounds and scene interactions. Generated image ratio is 16:9
Two_characters_in,1,1,1,True,True,Two_characters_in_202604061447.jpeg,"Erase the background and replace the characters with the following:

Cosplayers and Character Goods

Character/Motif:
Character goods based on the illustration

Hairstyle, Eyes, and Appearance:
(Focus on merchandise, not the character itself.)

Main Character: A cosplayer is holding a figurine in the center of the screen.

Location:
Comic Market (a doujinshi sales event).
A spacious booth is filled with merchandise lined up on tables and shelves. The atmosphere is filled with excitement and anticipation.

Merchandise Lineup:
• A large, approximately 100cm figure is displayed in the center of the booth, creating an eye-catching display.
• The character is displayed on an 80-inch LCD panel.
• Acrylic Stands
• Chibi Figures (Deformed)
• Body Pillows (Large, Full-Length Character Print)
• Jigsaw Puzzles (Using Character Artwork)
• Stationery (Notebooks, Pens, Clear Files, etc.)
• Desk Pads
• Plush Toys (Deformed)
Exhibition/Display:
• Goods neatly arranged throughout the booth, creating a unified look.
• Utilizing desks and shelves reminiscent of doujinshi sales events, the layout encourages fans to pick up items.
• With the energy of the visitors as a backdrop, the venue is presented as a special ""fan sanctuary.""
Overall Tone:
A dreamlike sales space.
While emphasizing cuteness and pop, the space evokes the unique enthusiasm of doujin events and the feeling of a ""sanctuary for fan activities.""
Swarms of people.

Image Quality:
Photorealistic, 4K (4000px x 3000px)"
Two_people_on,1,1,1,True,False,Two_people_on_202604061447.jpeg,"Erase the background and replace the characters with the following:

Cosplayers and Character Goods

Character/Motif:
Character goods based on the illustration

Hairstyle, Eyes, and Appearance:
(Focus on merchandise, not the character itself.)

Main Character: A cosplayer is holding a figurine in the center of the screen.

Location:
Comic Market (a doujinshi sales event).
A spacious booth is filled with merchandise lined up on tables and shelves. The atmosphere is filled with excitement and anticipation.

Merchandise Lineup:
• A large, approximately 100cm figure is displayed in the center of the booth, creating an eye-catching display.
• The character is displayed on an 80-inch LCD panel.
• Acrylic Stands
• Chibi Figures (Deformed)
• Body Pillows (Large, Full-Length Character Print)
• Jigsaw Puzzles (Using Character Artwork)
• Stationery (Notebooks, Pens, Clear Files, etc.)
• Desk Pads
• Plush Toys (Deformed)
Exhibition/Display:
• Goods neatly arranged throughout the booth, creating a unified look.
• Utilizing desks and shelves reminiscent of doujinshi sales events, the layout encourages fans to pick up items.
• With the energy of the visitors as a backdrop, the venue is presented as a special ""fan sanctuary.""
Overall Tone:
A dreamlike sales space.
While emphasizing cuteness and pop, the space evokes the unique enthusiasm of doujin events and the feeling of a ""sanctuary for fan activities.""
Swarms of people.

Image Quality:
Photorealistic, 4K (4000px x 3000px)"
Two_people_touching,3,4,2,False,False,Two_people_touching_202604061446.jpeg | Two_people_touching_202604061447.jpeg | Two_people_touching_202604061448.jpeg,"Make this image of two people look like it was taken with a Polaroid camera. There should be no obvious subjects or props. It should look like a random shot captured by chance. The image should appear like a snapshot without any special attention.
Include a slight motion blur and light from the camera flash in a dark area that spreads evenly throughout the photo. Don't distort the face. Change the background behind the two people to a white curtain. The guy should be touching my face."
Typographic_illustration_riding,2,2,3,True,False,Typographic_illustration_riding_202604061447.jpeg | Typographic_illustration_riding_202604061448.jpeg,"Create a minimalist black-and-white typographic illustration of the scene riding a bicycle using only the letters in the phrase ""Brill.ai"" . Each letter should be creatively shaped or positioned to form the rider, the bicycle, and a sense of motion. The design should be clean, ultra-minimalist, and entirely composed of the modified ""Brill.ai"" letters without adding any extra shapes or lines. The letters should flow or curve to mimic the natural form of the scene, while still remaining legible."
Typographic_illustration_shaped,1,1,3,True,False,Typographic_illustration_shaped_202604061447.jpeg,"Create a typographic illustration shaped like a [OBJECT], where the text itself forms the shape - bold and playful lettering style that fills the entire silhouette - letters adapt fluidly to the curves and contours of the object - vibrant and contrasting color palette that fits the theme - background is solid and enhances the focus on the main shape - vector-style, clean, high resolution, poster format, 1:1 aspect ratio."
Vintage_Halloween_poster,1,2,3,False,False,Vintage_Halloween_poster_202604061447.jpeg,"Transform the uploaded photo into a vintage Halloween poster. Preserve the same person, face, hairstyle, pose, and outfit colors — do not replace the subject or change their skin tone or body shape. Add a classic black witch hat (slightly tilted with a brass buckle) and a flowing black satin cape with natural folds. Have the subject hold a glowing carved jack-o'-lantern, with warm candlelight illuminating the hands and chin. Create a diagonal split background of dark teal and burnt orange, with subtle mist and fine spider-web texture; place a full moon at the top-right and bat + ghost silhouettes at the top-left as small accents. Compose a 2:3 vertical poster, subject centered, cropped around the knees. Add an aged paper border, light film grain, and studio lighting (soft key from front-left, gentle rim from back-right). Add a bold vintage serif headline ""Halloween Night"" at the top and ""Trick or Treat"" at the bottom, off-white with slight emboss/outline; keep text crisp and readable. High detail, clean image, no watermark. Do not change the outfit's original colors or design; do not cover the face."
Vintage_Polaroids_of,1,3,2,False,True,Vintage_Polaroids_of_202604061447.jpeg,"Use character from uploaded photo to create an artistic collage of 6 vintage Polaroid photos, attached with a decorative rope and mini clothespins, like a home photo gallery. Each Polaroid frame has a slight fading and an old paper effect. The background is a soft pastel wall with light shadows, creating a cozy and creatively chaotic atmosphere.
Emotions and poses:
 * Light laughter — eyes closed, natural joy.
 * Dreamy gaze upwards, relaxed pose.
 * Playful wink.
 * Calm smile with a head tilted to the side.Dynamic gesture hands raised high, full of energy.

* Romantic half-glance over the shoulder.

The atmosphere is an art-retro style with elements of a '70s fashion magazine, soft diffused lighting, and muted warm and golden tones. Each photograph looks like a unique behind-the-scenes shot, with a touch of nostalgia and a sense of personal history."
Wardrobe_deconstruction_style,2,2,2,True,False,Wardrobe_deconstruction_style_202604061447.jpeg | Wardrobe_deconstruction_style_202604061447_2.jpeg,"**Task: Create a comprehensive ""Wardrobe Deconstruction and Style Profile"" collage based on an uploaded image.**

**Objective:**
Act as a professional fashion archivist and technical designer. Given an uploaded image of a person, generate a visually compelling, high-resolution ""Style Profile"" collage that meticulously deconstructs their entire ensemble, from the outermost layer to the foundational structure. The final output must be a single, cohesive, photorealistic image.

**Core Elements:**

1.  **Central Subject Image:**
    *   Place the subject from the uploaded image in a full-body pose as the central focus.
    *   Maintain the subject's likeness (face, hair, clothing) while enhancing the image to a professional, high-fashion photographic standard.

2.  **Complete Ensemble Deconstruction (Photorealistic Product Shots):**
    *   Generate a visual breakdown of the subject's attire, presenting each item as a separate, high-quality product photograph. This breakdown must include:
        *   **Outer and Mid-Layers:** All visible garments and accessories.
        *   **Foundational Elements:** A technical illustration of the essential structural garments that provide shape and support to the silhouette (e.g., a bra, slip, or specific underlayer). These elements must be rendered as **objective, flat-lay design schematics** with a focus on material and construction, not on the human form.
    *   Include detailed close-ups of key materials (e.g., fabric weave, leather texture, metal finish) to emphasize quality and design.

3.  **Lifestyle & Contextual Items:**
    *   Based on the subject's style, infer and generate a collection of 4-6 photorealistic items that suggest their likely environment, interests, or daily routine.

4.  **Expression & Detail Sheet:**
    *   Generate a series of 3-4 close-up portraits showing a range of natural, context-appropriate expressions.

**Aesthetic and Layout Guidelines:**

*   **Overall Style:** Strictly **Hyper-realistic, photographic style**. Absolutely no illustration, anime, or hand-drawn elements.
*   **Layout:** Arrange all elements in a **clean, balanced, and modular collage** on a neutral background (white or light gray). The layout must be visually logical and professional, resembling a high-end fashion technical document.
*   **Annotations:** Use a clean, minimalist font for all text.
    *   **Title:** Generate a professional, gender-neutral title (e.g., ""Technical Deconstruction: The Urban Minimalist"").
    *   **Labels:** Add brief, descriptive labels for all deconstructed items, including the ""Foundational Elements,"" using technical terms (e.g., ""Structural Support Garment,"" ""Base Layer"").

**Crucial Instruction:** The rendering of all ""Foundational Elements"" must be purely technical and objective, presented as a **design schematic or flat-lay product shot** to emphasize construction and material, completely detached from the central subject's body."
Warrior_holding_sword,6,6,3,True,False,Warrior_holding_sword_202604061447.jpeg | Warrior_holding_sword_202604061447_2.jpeg | Warrior_holding_sword_202604061447_3.jpeg | Warrior_holding_sword_202604061448.jpeg | Warrior_holding_sword_202604061448_2.jpeg | Warrior_holding_sword_202604061448_3.jpeg,"Create a hyper-realistic cinematic portrait based on the attached picture, keeping 100% facial accuracy and realistic likeness, without any facial mask or alteration.
The character is a warrior wearing detailed medieval armor with golden accents and a flowing red cape, holding a sword while walking confidently through a dusty battlefield filled with dragon bones.
Soft golden daylight, light haze and atmospheric dust.
Cinematic 85mm lens, shallow depth of field, realistic lighting, fine film grain, lifelike skin texture, and authentic material fidelity on metal, fabric, and leather.
Warm tones, epic cinematic composition, slightly low camera angle, capturing the heroic realism of a seasoned warrior.
Ultra-detailed, 8K hyper-realism, cinematic film look.
--ar 2:3 --style cinematic --v 6"
Warrior_with_glowing,1,2,2,False,True,Warrior_with_glowing_202604061448.jpeg,"""Ultra-realistic cinematic portrait of a weathered warrior character (matching the uploaded reference photo, no beautification). His face shows signs of exhaustion and determination, with subtle traces of soot and dirt. His eyes glow with an intense, mystical orange light. The left side of his face is bathed in a fiery warm glow, while the right side fades into deep blue shadows. Sparks drift in the smoky atmosphere around him, creating a dramatic and powerful mood."""
Warriors_battling_in,2,2,1,True,True,Warriors_battling_in_202604061447.jpeg | Warriors_battling_in_202604061447_2.jpeg,"""Ultra-realistic cinematic portrait of a weathered warrior character (matching the uploaded reference photo, no beautification). His face shows signs of exhaustion and determination, with subtle traces of soot and dirt. His eyes glow with an intense, mystical orange light. The left side of his face is bathed in a fiery warm glow, while the right side fades into deep blue shadows. Sparks drift in the smoky atmosphere around him, creating a dramatic and powerful mood."""
Winter_poster_collage,2,2,3,True,False,Winter_poster_collage_202604061447.jpeg | Winter_poster_collage_202604061447_2.jpeg,"{
  ""image_generation_request"": {
    ""meta_protocols"": {
      ""reference_adherence"": {
        ""instruction"": ""Use the provided photo as a strict face reference."",
        ""tolerance"": ""Zero deviation"",
        ""parameters"": ""Preserve facial proportions, skin texture, expression, and identity with 100% accuracy."",
        ""stylization_constraint"": ""Do not stylize or alter facial features.""
      },
      ""format_style"": ""Editorial winter poster–style multi-panel collage"",
      ""aesthetic_quality"": ""Spontaneous iPhone photography (candid, cozy, realistic)"",
      ""global_textures"": ""Soft snowfall, subtle analog grain, slight handheld imperfections""
    },
    ""consistent_elements"": {
      ""subject_wardrobe"": {
        ""coat"": ""Short faux-fur coat"",
        ""legwear"": ""Black tights"",
        ""footwear"": ""Classic UGG boots"",
        ""style_notes"": ""Simple, cozy, unmistakably winter""
      },
      ""primary_device"": {
        ""model"": ""iPhone 17 Pro Max"",
        ""color"": ""Silver"",
        ""usage"": ""Held by subject in relevant frames""
      },
      ""color_palette"": [
        ""Warm ambers"",
        ""Soft reds"",
        ""Pine greens"",
        ""Muted winter greys""
      ]
    },
    ""layout_configuration"": {
      ""panel_1_top_left"": {
        ""scene_type"": ""Reflective shop-window shot at dusk"",
        ""lighting_and_atmosphere"": ""Faint Christmas lights, garlands, frosted glass edges, warm highlights on fur"",
        ""subject_action"": ""Holding phone partially covering face"",
        ""optical_effects"": ""Passing silhouettes, layered reflections, gentle ghosting, natural glass curvature distortion""
      },
      ""panel_2_top_right"": {
        ""scene_type"": ""Ultra-wide street portrait (snowy sidewalk/Christmas market)"",
        ""camera_angle"": ""Close, downward-angled"",
        ""subject_pose"": ""Leaning forward casually, hands in coat pockets"",
        ""visibility_check"": ""Black tights and UGG boots clearly visible"",
        ""motion_dynamics"": ""Falling snow with slight motion blur"",
        ""lens_characteristics"": ""Subtle perspective warping to reinforce handheld unstaged feel""
      },
      ""panel_3_bottom_right"": {
        ""scene_type"": ""Intimate overhead selfie"",
        ""lighting"": ""Warm street or café lighting"",
        ""props"": {
          ""held_item"": ""Takeaway holiday drink (coffee or mulled wine)"",
          ""accessories"": ""Wired earphones visible""
        },
        ""texture_focus"": ""Sharply detailed fur texture and winter fabrics"",
        ""mood"": ""Nostalgic holiday atmosphere enhanced by soft grain""
      }
    },
    ""graphic_overlay"": {
      ""element"": ""Minimal Apple Music–style mini player"",
      ""content"": ""Popular Christmas song (e.g., 'Last Christmas' or 'All I Want for Christmas Is You')"",
      ""style"": ""Rendered flat and clean, no shadows"",
      ""position"": ""Floating across the center of the collage""
    }
  }
}"
Wizard_portrait_black,1,2,3,False,False,Wizard_portrait_black_202604061447.jpeg,"transforme character from uploaded image into a hyper-realistic wizard portrait:the subject wears a flowing Hogwarts-style black cloak with green-silver lining (Slytherin), holding a wooden magic wand aloft. A faint silvery-green spark emits from the wand tip. Three-quarter full-body shot against a dimly lit castle corridor backdrop with flickering torchlight. Cinematic soft lighting, 85 mm portrait lens, high resolution, ultra-detailed fabric textures and facial features, magical atmosphere. Composition includes a detailed Hogwarts 【Slytherin】 house crest in the top right corner as a subtle watermark"
Woman's_head_dissected,2,2,3,True,False,Woman's_head_dissected_202604061448.jpeg | Woman's_head_dissected_202604061448_2.jpeg,"A surreal art collage portrait featuring a young woman's head horizontally dissected into three distinct, slightly misaligned strips. The aesthetic is clean, artistic, and minimalist. The woman has long, wavy, messy medium brown hair with warm caramel highlights, appearing slightly wet or textured, falling around her face. The top strip reveals the crown of her head and forehead. The middle strip focuses on her hazel/brown eyes and nose, with her visible eye gazing directly at the viewer with an intense, enigmatic expression. Subtle freckles are visible across her nose and cheek, and her eyebrows are natural and full. The bottom strip features her slightly parted, full lips with natural pinkish-brown hue, her chin, jawline, and neck, with a small silver earring visible on her left ear and a faint beauty mark on her neck. From the left side, a fair-skinned hand enters with index finger extended, pointing directly at the middle strip of the woman's face. She is wearing a textured, light-colored (white or off-white) knitted or crocheted sweater. Close-up portrait composition with woman's head centered and slightly angled upwards. Soft, diffused, natural lighting creating subtle shadows. Muted warm color palette dominated by natural skin tones, warm brown for hair, off-white for sweater, against plain solid very light pale pinkish-beige background. Artistic and subtly contemplative mood. Sharp, clean horizontal cuts emphasizing meticulously crafted physical assemblage effect."
Woman_among_sand,1,5,2,False,True,Woman_among_sand_202604061447.jpeg,"""Use the uploaded woman's face with exact accuracy. Cinematic desert traveler standing on a dune, a falcon perched calmly on a rock beside him, wings half-open as if sensing the wind."",
""clothing"": {
""top"": ""light desert robe with layered textures"",
""bottom"": ""stone-beige tactical pants"",
""shoes"": ""sand-covered boots""
},
""pose"": ""standing sideways to the camera, looking forward with intensity"",
""camera_angle"": ""4:5 portrait, semi-low angle for hero mood"",
""lighting"": ""warm desert sunlight mixing with soft shadows"",
""environment"": ""high dune with windy sky, sand trails in air"",
""fx"": ""subtle particles and wind motion in clothes"",
""quality"": ""8K ultra-photoreal, sharp skin detail"""
Woman_applying_makeup,1,1,3,True,False,Woman_applying_makeup_202604061447.jpeg,"{
  ""Objective"": ""Create a stylish, high-fashion portrait of a girl."",
  
  ""Scene_Details"": {
    ""Main_Subject"": {
      ""Gender"": ""Female"",
{
  ""scene"": ""Intimate mid‑action shot of a young woman applying makeup at a small bathroom sink, with a reflective mirror positioned just in front of her."",
  ""subject"": {
    ""gender"": ""female"",
    ""age"": ""early 20s"",
    ""skin_tone"": ""light with warm undertones"",
    ""hair"": {
      ""style"": ""long, wavy, voluminous"",
      ""color"": ""auburn/copper red with highlights"",
      ""parting"": ""slightly off‑center""
    },
    ""face"": {
      ""makeup"": ""glamorous style with bold eyeliner, long eyelashes, glossy lipstick, subtle blush and highlight"",
      ""expression"": ""confident, seductive gaze directly into camera""
    },
    ""outfit"": {
      ""top"": ""black lace lingerie bralette with thin straps, revealing fit"",
      ""bottom"": ""matching lace detail visible"",
      ""overall_style"": ""sensual, intimate""
    },
    ""pose"": {
      ""upper_body"": ""turned slightly toward camera, shoulders angled"",
      ""arms"": ""one hand holding eyeliner pencil near face, the other resting by sink"",
      ""head"": ""slightly tilted back, eyes locked onto viewer""
    }
  },
  ""environment"": {
    ""location"": ""bathroom"",
    ""background"": {
      ""walls"": ""plain white"",
      ""tiles"": ""white rectangular tiles on lower wall near sink"",
      ""shelves"": ""white shelves above sink with scattered toiletries (toothbrush, bottles, cords)"",
      ""sink"": ""small ceramic sink with faucet, partly visible"",
      ""towel"": ""yellow towel hanging in background"",
      ""clothes"": ""neutral‑toned jacket draped casually in the corner"",
      ""mirror"": {
        ""position"": ""just in front of subject, slightly tilted toward her face"",
        ""size"": ""small, ~24×18 cm, mounting on a flat wall or small stand"",
        ""material"": ""mirror glass with a thin silver rim""
      }
    },
    ""lighting"": ""soft indoor lighting, slightly warm tone, creating a natural highlight on skin; the mirror reflects that glow subtly."",
    ""camera"": {
      ""angle"": ""eye‑level, intimate framing"",
      ""framing"": ""mid‑body shot, centered on woman, mirror’s reflection visible on the wall"",
      ""lens"": ""slight film‑like aesthetic, subtle grain and muted colors, 35‑mm equivalent""
    }
  },
  ""style"": {
    ""aesthetic"": ""vintage film photography look"",
    ""color_palette"": ""warm tones, cream, black, auburn, soft yellow"",
    ""mood"": ""intimate, candid, alluring"",
    ""quality"": ""photorealistic, cinematic detail""
  }
}
      ""Expression"": ""Bold and charismatic with a subtle smirk, capturing a confident attitude."",
      ""Outfit"": {
        ""Top"": ""Crisp white shirt, slightly oversized with rolled-up sleeves."",
        ""Accessories"": ""Classic Michael Jackson–inspired black fedora hat, minimal jewelry."",
        ""Bottom/Footwear"": ""long black fishnet socks with high heel shoes""
      },
      ""Makeup"": ""Striking red lipstick, defined eyeliner, and smooth matte finish for a bold fashion look.""
    },
    
    ""Props"": {
      ""Main"": ""Vintage wooden chair with visible grain texture."",
      ""Additional"": ""Optional minimal studio elements like a soft shadow on the floor.""
    },
    
    ""Background"": {
      ""Description"": ""Modern minimalist studio backdrop in soft neutral tones, enhancing focus on the subject."",
      ""Elements"": ""Subtle gradient or soft spotlight behind her for depth.""
    },
    
    ""Lighting_and_Color"": {
      ""Lighting"": ""Soft cinematic key light from the side with gentle shadows, creating a moody high-fashion aesthetic."",
      ""Color_Tone"": ""Neutral tones with bold contrast — white shirt and red lipstick pop against a muted setting.""
    }
  },
  
  ""Artistic_Style"": {
    ""Genre"": ""High-Fashion Editorial Portrait"",
    ""Composition"": ""Full-body or mid-length vertical frame with the wooden chair as a key compositional anchor."",
    ""Texture"": ""Clean, crisp details with slight gloss on the boots and subtle grain on the chair.""
  },
  
  ""Camera_and_Technical_Notes"": {
    ""Focus"": ""Sharp focus on face, hat, and chair; boots remain clearly detailed."",
    ""Depth_of_Field"": ""Moderate — keeps subject fully sharp while background softly fades."",
    ""Shot_Type"": ""Full-body or three-quarter fashion editorial shot.""
  },
  
  ""Mood_and_Emotion"": ""Confident, stylish, iconic — blending modern fashion with classic Michael Jackson–inspired attitude."",
  
  ""Intended_Use"": ""Fashion editorial, portrait portfolio, stylish social media content, or artistic high-fashion photography.""
}
"
Woman_at_night,2,2,2,True,True,Woman_at_night_202604061448.jpeg | Woman_at_night_202604061448_2.jpeg,"Scene: Night city crosswalk in heavy rain; taxis and umbrellas stream past. A young woman stands motionless on the zebra, phone lowered, eyes glassy with held-back tears; puddles mirror streetlights. Light: High-contrast mix—cool overhead sodium/LED as key, warm shop window spill as fill; strong backlight from a taxi headlamp to rim the hair and rain; rain streaks glow; reflections pulse on wet asphalt. Camera Position: [eye level] [mid-shot] from curb edge, slightly off-center for tension; 50–85 mm for a cinematic portrait field. Object Placement: Subject on the left third, shoulders turned 3/4 to camera; crowd forms blurred streams right-to-left; a taxi passes behind, headlights forming a luminous halo; puddle in foreground gives a secondary reflection of her face. Atmosphere: Intimate, caught-between-choices moment; noise of traffic, rain hiss; city indifferent, emotion intense. Exposure/Motion: 1/10–1/15 s with gentle camera drag + a rear-curtain flash feel to keep her eyes and mouth tack-sharp while crowd, rain, and lights streak; f/2.8, ISO 200. Effects/Tags: dramatic, blurredvision (soft edge halation on highlights through rain), Photoreal, ultra-detailed, high micro-contrast, natural skin, optical refraction/caustics in droplets and tears, film grain subtle, 4K PNG."
Woman_at_payphone,1,2,2,False,False,Woman_at_payphone_202604061448.jpeg,"Nighttime flash photo with Y2K aesthetic, red digital timestamp in corner. Young woman at a public payphone, face based exactly on uploaded image, turning back toward camera with a detached look. Wearing corset top and loose cargo jeans, nands in back pockets. Strong flash contrast and blurred car lights in urban background, raw early-2000s paparazzi vibe."
Woman_casting_blue,2,2,3,True,True,Woman_casting_blue_202604061446.jpeg | Woman_casting_blue_202604061447.jpeg,"""A colossal woman standing in a city street, appearing to be 'under construction' with scaffolding surrounding her body."",
      ""aesthetic"": ""Hyper-realistic composite, cinematic, urban fantasy.""
    },
    ""subject_details"": {
      ""celebrity_likeness"": ""Taylor Swift."",
      ""features"": {
        ""face"": ""Blue eyes, signature red lipstick, distinct facial structure."",
        ""hair"": ""Golden blonde, long, wavy texture cascading over shoulders.""
      },
      ""apparel"": {
        ""dress"": ""Black satin slip dress with a deep V-neck and a high slit on the right thigh."",
        ""accessories"": ""Holding a standard white disposable coffee cup in the right hand. Carrying a brown leather luxury handbag in the left hand."",
        ""footwear"": ""Bare feet or heels (obscured by street debris/cracks).""
      }
    },
    ""surreal_elements"": {
      ""scaffolding"": ""Intricate metal construction scaffolding structures built around her arms, torso, and legs, following the contour of her body."",
      ""miniatures"": ""Tiny construction workers in yellow hard hats and high-vis vests climbing the scaffolding on her body."",
      ""destruction"": ""The asphalt street beneath her feet is cracking and shattering under the immense weight, creating a crater pattern.""
    },
    ""exact_pose_anatomical"": {
      ""posture"": ""Standing tall with a slight contrapposto (weight shifted to one hip)."",
      ""orientation"": ""Front-facing, towering over the viewer/city."",
      ""right_arm"": ""Bent at the elbow, raised to hold the coffee cup at chest level."",
      ""left_arm"": ""Extended downwards holding the handbag."",
      ""gaze"": ""Direct, calm eye contact with the camera."",
      ""scale"": ""Subject appears to be approximately 50 stories tall, matching the height of surrounding skyscrapers.""
    },
    ""environment"": {
      ""location"": ""Avenue in a major metropolis (resembling Chicago or NYC)."",
      ""elements"": ""Skyscrapers flanking both sides, busy traffic with miniature yellow taxis and buses way below."",
      ""perspective"": ""Aerial view relative to the city, but eye-level relative to the subject.""
    },
    ""camera_technical_values"": {
      ""lens"": ""35mm (Wide angle to capture the full scale of the subject against the skyline)."",
      ""aperture"": ""f/11 (Deep depth of field to keep both the giant subject and the city background relatively sharp)."",
      ""shutter_speed"": ""1/500s."",
      ""iso"": ""ISO 100."",
      ""resolution"": ""8k, high fidelity textures.""
    },
    ""lighting_setup"": {
      ""source"": ""Natural Daylight."",
      ""quality"": ""Soft, diffused sunlight (slightly overcast)."",
      ""direction"": ""Overhead/Frontal."",
      ""shadows"": ""Subject casts a massive, long shadow onto the city streets below."""
Woman_crying_on,1,1,1,True,True,Woman_crying_on_202604061448.jpeg,"East asian krean beautiful young woman, calm confident expression, subtle smirk, short white bob haircut, black lipstick, sharp eyeliner, tattoos on neck, buxom body, wearing sleeveless low neck bodycon blackdress, gothic elegant fashion, multiple ear piercings background dark studio, cinematic rim lighting, high contrast light and shadow, smoky atmosphere, professional portrait, full-body shot, soft diffused lighting, moody tone, ultra-detailed, realistic, 8k, masterpiece"
Woman_doing_yoga,2,2,3,True,False,Woman_doing_yoga_202604061447.jpeg | Woman_doing_yoga_202604061447_2.jpeg,"A woman doing yoga (tree pose) on a cliff overlooking the sea, wearing earth-colored activewear, the morning sun rising behind her, a feeling of strength and peace."
Woman_exhaling_in,2,2,1,True,True,Woman_exhaling_in_202604061447.jpeg | Woman_exhaling_in_202604061448.jpeg,"A young woman reference form uploaded image kneeling in deep snow, captured in a front profile view while taking a photograph. 
She is positioned in the center of the frame, leaning forward slightly to look through her camera's viewfinder. 

Clothing : 

A thick, winter parka jacket in a color-block design featuring light pastel blue and white panels. She is wearing black winter trousers and thick, beige, knitted mittens/gloves. 

 Accessories 
A professional black DSLR or mirrorless camera with a prominent zoom lens held in her hands.
A mustard-yellow canvas backpack is strapped to her back, providing a colorful contrast to the cool tones. 

Environment 

A serene winter forest setting. The background is filled with tall pine trees heavily laden with fresh white snow. The ground is covered in a thick, soft layer of undisturbed snow.

Camera 
Medium shot, eye-level angle. Shallow depth of field (bokeh) used to keep the subject sharp while softly blurring the snowy trees in the background. High-resolution photography style.

 Style 
Photorealistic, cinematic winter lifestyle photography, nature portrait, serene and cold aesthetic, 8k resolution, highly detailed"
Woman_holding_Coca-Cola,1,2,3,False,True,Woman_holding_Coca-Cola_202604061448.jpeg,"{""scene"":{""subject"":{""pose"":""Sitting on the floor, facing forward"",""expression"":""Slightly serious or pensive, direct eye contact"",""apparel"":{""top"":""Off-white or cream tank top with small dark cherry embroidery"",""bottom"":""Distressed denim shorts""}},""action"":{""right_hand"":""Holding up a Coca-Cola can""},""environment"":{""main_fixture"":""Open, retro-style refrigerator"",""fridge_contents"":[""Coca-Cola cans"",""Ramune bottles""]},""style_and_mood"":{""lighting"":""Warm, slightly muted"",""aesthetic"":""Cool, casual, retro"",""theme"":""Beverage focus""}}}"
Woman_holding_game,1,2,3,False,False,Woman_holding_game_202604061447.jpeg,"{""label"":""direct-flash-gamer-girl"",""tags"":[""direct-flash"",""retro-gamer-room"",""90s-photography""],""Subject"":[""young woman in her early 20s... seated cross-legged on a couch, holding a game controller""],""Lighting"":""strong direct on-camera flash aimed straight at the subject... ambient tungsten lamp in the background"",""Mood"":""intimate, playful, nostalgic, confidently casual with a strong gamer-at-home vibe""}"
Woman_holding_lipstick,1,1,3,True,False,Woman_holding_lipstick_202604061448.jpeg,"{
  ""Objective"": ""Create a stylish, high-fashion portrait of a girl."",
  
  ""Scene_Details"": {
    ""Main_Subject"": {
      ""Gender"": ""Female"",
{
  ""scene"": ""Intimate mid‑action shot of a young woman applying makeup at a small bathroom sink, with a reflective mirror positioned just in front of her."",
  ""subject"": {
    ""gender"": ""female"",
    ""age"": ""early 20s"",
    ""skin_tone"": ""light with warm undertones"",
    ""hair"": {
      ""style"": ""long, wavy, voluminous"",
      ""color"": ""auburn/copper red with highlights"",
      ""parting"": ""slightly off‑center""
    },
    ""face"": {
      ""makeup"": ""glamorous style with bold eyeliner, long eyelashes, glossy lipstick, subtle blush and highlight"",
      ""expression"": ""confident, seductive gaze directly into camera""
    },
    ""outfit"": {
      ""top"": ""black lace lingerie bralette with thin straps, revealing fit"",
      ""bottom"": ""matching lace detail visible"",
      ""overall_style"": ""sensual, intimate""
    },
    ""pose"": {
      ""upper_body"": ""turned slightly toward camera, shoulders angled"",
      ""arms"": ""one hand holding eyeliner pencil near face, the other resting by sink"",
      ""head"": ""slightly tilted back, eyes locked onto viewer""
    }
  },
  ""environment"": {
    ""location"": ""bathroom"",
    ""background"": {
      ""walls"": ""plain white"",
      ""tiles"": ""white rectangular tiles on lower wall near sink"",
      ""shelves"": ""white shelves above sink with scattered toiletries (toothbrush, bottles, cords)"",
      ""sink"": ""small ceramic sink with faucet, partly visible"",
      ""towel"": ""yellow towel hanging in background"",
      ""clothes"": ""neutral‑toned jacket draped casually in the corner"",
      ""mirror"": {
        ""position"": ""just in front of subject, slightly tilted toward her face"",
        ""size"": ""small, ~24×18 cm, mounting on a flat wall or small stand"",
        ""material"": ""mirror glass with a thin silver rim""
      }
    },
    ""lighting"": ""soft indoor lighting, slightly warm tone, creating a natural highlight on skin; the mirror reflects that glow subtly."",
    ""camera"": {
      ""angle"": ""eye‑level, intimate framing"",
      ""framing"": ""mid‑body shot, centered on woman, mirror’s reflection visible on the wall"",
      ""lens"": ""slight film‑like aesthetic, subtle grain and muted colors, 35‑mm equivalent""
    }
  },
  ""style"": {
    ""aesthetic"": ""vintage film photography look"",
    ""color_palette"": ""warm tones, cream, black, auburn, soft yellow"",
    ""mood"": ""intimate, candid, alluring"",
    ""quality"": ""photorealistic, cinematic detail""
  }
}
      ""Expression"": ""Bold and charismatic with a subtle smirk, capturing a confident attitude."",
      ""Outfit"": {
        ""Top"": ""Crisp white shirt, slightly oversized with rolled-up sleeves."",
        ""Accessories"": ""Classic Michael Jackson–inspired black fedora hat, minimal jewelry."",
        ""Bottom/Footwear"": ""long black fishnet socks with high heel shoes""
      },
      ""Makeup"": ""Striking red lipstick, defined eyeliner, and smooth matte finish for a bold fashion look.""
    },
    
    ""Props"": {
      ""Main"": ""Vintage wooden chair with visible grain texture."",
      ""Additional"": ""Optional minimal studio elements like a soft shadow on the floor.""
    },
    
    ""Background"": {
      ""Description"": ""Modern minimalist studio backdrop in soft neutral tones, enhancing focus on the subject."",
      ""Elements"": ""Subtle gradient or soft spotlight behind her for depth.""
    },
    
    ""Lighting_and_Color"": {
      ""Lighting"": ""Soft cinematic key light from the side with gentle shadows, creating a moody high-fashion aesthetic."",
      ""Color_Tone"": ""Neutral tones with bold contrast — white shirt and red lipstick pop against a muted setting.""
    }
  },
  
  ""Artistic_Style"": {
    ""Genre"": ""High-Fashion Editorial Portrait"",
    ""Composition"": ""Full-body or mid-length vertical frame with the wooden chair as a key compositional anchor."",
    ""Texture"": ""Clean, crisp details with slight gloss on the boots and subtle grain on the chair.""
  },
  
  ""Camera_and_Technical_Notes"": {
    ""Focus"": ""Sharp focus on face, hat, and chair; boots remain clearly detailed."",
    ""Depth_of_Field"": ""Moderate — keeps subject fully sharp while background softly fades."",
    ""Shot_Type"": ""Full-body or three-quarter fashion editorial shot.""
  },
  
  ""Mood_and_Emotion"": ""Confident, stylish, iconic — blending modern fashion with classic Michael Jackson–inspired attitude."",
  
  ""Intended_Use"": ""Fashion editorial, portrait portfolio, stylish social media content, or artistic high-fashion photography.""
}
"
Woman_holding_phone,2,2,3,True,False,Woman_holding_phone_202604061447.jpeg | Woman_holding_phone_202604061447_2.jpeg,"Create a cheerful (man/woman — same face as in the reference image) taking a selfie at home with the Teenage Mutant Ninja Turtles — Leonardo, Michelangelo, Donatello, and Raphael — all smiling and posing happily around them. The scene is bright and friendly, lit by natural daylight streaming through a window behind them.
Character details: Keep the exact face, expression, and features from the reference photo — skin texture, eye color, hairstyle, and facial hair (if present). Match lighting direction and tone from the original photo for a natural composite. Outfit: blue t-shirt (or similar casual wear).
Camera setup: wide-angle selfie perspective, arm extended holding the phone camera close to the lens. Lens: 24 mm full-frame, aperture f/2.8, shallow depth of field for cinematic focus on faces.
Lighting & atmosphere: soft daylight diffused through the window; warm highlights and subtle shadows; pleasant indoor contrast.
Turtle details: realistic-cartoon hybrid style, expressive faces, detailed textures of skin, shells, and gear. Balanced composition — the character centered, surrounded by the four Turtles leaning in.
Color grading: cinematic tone with warm midtones, vibrant greens and oranges, natural skin tones, gentle film grain.
Post-processing: ultra-realistic textures, depth-mapped lighting, lens reflections, and subtle chromatic aberration for authenticity.
Mood: joyful, nostalgic, friendly — like a spontaneous selfie among friends."
Woman_holding_roses,2,2,2,True,True,Woman_holding_roses_202604061446.jpeg | Woman_holding_roses_202604061448.jpeg,"A girl with medium-long wavy dark brown hair and wispy bangs, wearing a black and white plush bunny ear hat, a black oversized knit sweater, dark gray shorts, white mid-calf socks with black bows, and gray fluffy platform boots. Her makeup features dewy skin, soft blush, brown eyes, and dusty rose lips for a gentle, innocent look. She sits cross-legged on a light gray studio floor, holding a Ragdoll cat resting on her shoulder, winking and smiling. The minimalist studio is softly lit with a warm, dreamy tone, highlighting her playful and cute charm."
Woman_holding_smartphone,2,1,3,False,False,Woman_holding_smartphone_202604061447.jpeg | Woman_holding_smartphone_202604061447_2.jpeg,"{ ""Objective"": ""Create a 3x3 Instagram-style grid of low-quality smartphone photos featuring the same attractive, beautiful, sensual, athletic Asian woman enjoying Disneyland, clearly showing iconic park elements, rides, and mascots."", ""Composition"": { ""layout"": ""3x3 grid"", ""aspect_ratio"": ""1:1"", ""framing"": ""each square captures a different candid Disneyland moment, forming a cohesive Instagram profile"" }, ""Subject"": { ""type"": ""young Asian woman"", ""appearance"": { ""beauty"": ""extremely attractive, natural beauty"", ""body"": ""athletic, fit physique"", ""skin"": ""natural texture, no glossiness, no smoothing"", ""makeup"": ""light, natural"", ""expression"": ""joyful, playful, candid"" }, ""consistency"": ""same woman across all 9 photos"" }, ""Wardrobe"": { ""style"": ""Disneyland themed outfits"", ""details"": [ ""Mickey/Minnie ears headband"", ""Disney-themed crop tops or hoodies"", ""casual shorts or skirts"", ""sneakers"", ""colorful, playful  clothing"" ] }, ""Scenes"": [ { ""position"": ""top left"", ""location"": ""roller coaster ride"", ""pose"": ""mid-ride candid, wind-blown hair, excited expression"" }, { ""position"": ""top center"", ""location"": ""Disney castle"", ""pose"": ""standing in front, casual pose, slightly off-center"" }, { ""position"": ""top right"", ""location"": ""posing with mascot (e.g., Mickey Mouse)"", ""pose"": ""playful pose, smiling"" }, { ""position"": ""middle left"", ""location"": ""theme park street with shops"", ""pose"": ""walking candid, holding snack or drink"" }, { ""position"": ""middle center"", ""location"": ""carousel or classic ride"", ""pose"": ""sitting on ride, laughing naturally"" }, { ""position"": ""middle right"", ""location"": ""posing with another mascot (e.g., princess or character)"", ""pose"": ""fun interaction, slightly posed but natural"" }, { ""position"": ""bottom left"", ""location"": ""nighttime Disneyland lights"", ""pose"": ""slightly blurred candid shot, glowing lights behind"" }, { ""position"": ""bottom center"", ""location"": ""food stand"", ""pose"": ""holding Disneyland snack (e.g., churro), casual smile"" }, { ""position"": ""bottom right"", ""location"": ""wide park view with rides"", ""pose"": ""back facing  camera or looking away, scenic shot"" } ], ""Photography"": {
""camera"": ""smartphone"",
""style"": ""Instagram casual travel"",
""quality"": ""intentionally low quality"",
""lighting"": ""natural sunlight, uneven exposure"",
""imperfections"": [
""motion blur"",
""grain/noise"",
""slight overexposure or underexposure"",
""lens distortion"",
""unbalanced framing"" ], ""effects"": [ ""no beauty filter"", ""no skin retouching"", ""authentic dynamic range"", ""slightly inconsistent color tones"" ] }, ""Mood"": ""fun, energetic, playful, theme park adventure"", ""Rendering"": { ""style_keywords"": [ ""instagram grid"", ""disneyland photos"", ""theme park lifestyle"", ""smartphone photography"", ""candid moments"", ""low quality aesthetic"" ], ""realism"": ""highly realistic smartphone look"", ""detail_level"": ""natural imperfect detail"", ""aspect_ratio"": ""--ar 1:1"" }, ""Response_Format"": { ""type"": ""image_generation_prompt_json"", ""editable_fields"": [ ""scenes"", ""wardrobe"", ""lighting"", ""poses"" ] }
}"
Woman_hugging_Kuromi,1,2,3,False,False,Woman_hugging_Kuromi_202604061447.jpeg,"A full-body studio portrait of a  woman from uploaded image sitting on the floor in front of a light purple backdrop. She is wearing a cozy, oversized lavender chunky-knit sweater, white skirt, and white socks. She is affectionately hugging a large Sanrio Kuromi plushie and looking at the camera with a gentle expression. The background is decorated with playful, hand-drawn purple doodles and text, including ""E"", ""Emily"", paper airplanes, and flowers, in the style of a K-pop photocard or fanzine cover. The lighting is bright and soft, enhancing the cute and affectionate mood. Use the exact same face as in the uploaded image, no alteration, 100% unchanged. Remove her earrings."
Woman_in_9-grid,2,2,2,True,True,Woman_in_9-grid_202604061448.jpeg | Woman_in_9-grid_202604061448_2.jpeg,"[Global Instructions]: A 3x3 grid collage, where all 9 cells must feature exactly the same woman. Strictly maintain the facial features consistent with the reference image. Do not change her facial features; only alter her expression, makeup, and styling to match each movie's theme.
Cell 1: Love Actually style - airport farewell scene wearing a Christmas hat, holding a wrapped gift, tender embrace, background with a giant airport Christmas tree and colorful light decorations, soft lighting
Cell 2: Home Alone style - surprised exaggerated expression with hands covering cheeks, wearing a crooked Christmas hat, background with a home Christmas tree, pile of gifts, and decorative lights, comedic effect
Cell 3: The Polar Express style - in front of a train window wearing a sleep cap, holding hot cocoa with a candy cane, outside the window a magical snowy landscape and Christmas village, dreamy blue and gold tones
Cell 4: The Nightmare Before Christmas style - real person in green-toned clothing with a red Christmas hat, goofy expression, holding stolen Christmas decorations, background with Christmas village lights and gifts, creative styling
Cell 5: Miracle on 34th Street style - retro department store scene wearing a classic red Christmas dress, holding a Christmas shopping bag, background with a giant Christmas tree and retro decorations, classic Hollywood lighting (center)
Cell 6: Elf style - complete elf outfit (green top, red striped socks, pointed hat with bells), joyful jumping pose, holding a candy cane, background with a candy-colored Christmas workshop
Cell 7: Frozen style - ice blue princess dress with snowflake crown, holding a magical ice crystal, snowflakes swirling, background with an ice crystal castle and a large Christmas tree, special festive candy elements, Disney magical feel
Cell 8: True Lies style - black dress with red Christmas accessories, holding champagne, background with a Christmas party scene featuring lights and decorative balls, elegant and mysterious
Cell 9: Last Christmas style - stylish woman in a red retro coat with a green scarf and gold earrings, holding a Christmas gift box, standing under the lights of a London Christmas market, background with a giant Covent Garden Christmas tree and festive shop windows, warm night scene lighting, expression full of hope, modern romantic movie aesthetic
Each cell imitates the corresponding movie's color tones, lighting, and atmosphere, with Christmas decorative elements extremely prominent, movie poster composition, adding cinematic title text effects, professional movie still quality, 4K high definition"
Woman_in_Christmas,2,2,2,True,True,Woman_in_Christmas_202604061447.jpeg | Woman_in_Christmas_202604061448.jpeg,"Use the face without any  change. A high-quality 2x2 creative photo collage of a young woman with long wavy black hair , posing inside cardboard boxes for a Christmas-themed challenge. She wears a cream, red, and green Fair Isle knit sweater.
Layout & Interaction (Crucial):The right side features a continuous action across two panels. Red wine is poured from the top-right panel and flows vertically down into the bottom-right panel.
Panel Details:

Top Left: She blows artificial snow from her palms towards the camera.
Bottom Left: She holds glowing fairy lights and a red bauble, smiling warmly.
Top Right: She leans on the box edge, holding a wine bottle, pouring red wine downwards so the liquid stream exits the bottom of this frame.
Bottom Right: She is positioned below, holding a wine glass that catches the stream of wine pouring down from the panel above. She is looking up, watching the wine flow into her glass.

Style: Creative box challenge photography, seamless cross-panel interaction, festive mood, soft studio lighting, ultra-realistic textures."
Woman_in_Hanfu,1,1,1,True,True,Woman_in_Hanfu_202604061447.jpeg,"East asian krean beautiful young woman, calm confident expression, subtle smirk, short white bob haircut, black lipstick, sharp eyeliner, tattoos on neck, buxom body, wearing sleeveless low neck bodycon blackdress, gothic elegant fashion, multiple ear piercings background dark studio, cinematic rim lighting, high contrast light and shadow, smoky atmosphere, professional portrait, full-body shot, soft diffused lighting, moody tone, ultra-detailed, realistic, 8k, masterpiece"
Woman_in_Supergirl,2,2,1,True,True,Woman_in_Supergirl_202604061447.jpeg | Woman_in_Supergirl_202604061448.jpeg,"A young woman reference form uploaded image kneeling in deep snow, captured in a front profile view while taking a photograph. 
She is positioned in the center of the frame, leaning forward slightly to look through her camera's viewfinder. 

Clothing : 

A thick, winter parka jacket in a color-block design featuring light pastel blue and white panels. She is wearing black winter trousers and thick, beige, knitted mittens/gloves. 

 Accessories 
A professional black DSLR or mirrorless camera with a prominent zoom lens held in her hands.
A mustard-yellow canvas backpack is strapped to her back, providing a colorful contrast to the cool tones. 

Environment 

A serene winter forest setting. The background is filled with tall pine trees heavily laden with fresh white snow. The ground is covered in a thick, soft layer of undisturbed snow.

Camera 
Medium shot, eye-level angle. Shallow depth of field (bokeh) used to keep the subject sharp while softly blurring the snowy trees in the background. High-resolution photography style.

 Style 
Photorealistic, cinematic winter lifestyle photography, nature portrait, serene and cold aesthetic, 8k resolution, highly detailed"
Woman_in_black,3,2,2,False,True,Woman_in_black_202604061446.jpeg | Woman_in_black_202604061447.jpeg | Woman_in_black_202604061447_2.jpeg,"A young woman reference form uploaded image kneeling in deep snow, captured in a front profile view while taking a photograph. 
She is positioned in the center of the frame, leaning forward slightly to look through her camera's viewfinder. 

Clothing : 

A thick, winter parka jacket in a color-block design featuring light pastel blue and white panels. She is wearing black winter trousers and thick, beige, knitted mittens/gloves. 

 Accessories 
A professional black DSLR or mirrorless camera with a prominent zoom lens held in her hands.
A mustard-yellow canvas backpack is strapped to her back, providing a colorful contrast to the cool tones. 

Environment 

A serene winter forest setting. The background is filled with tall pine trees heavily laden with fresh white snow. The ground is covered in a thick, soft layer of undisturbed snow.

Camera 
Medium shot, eye-level angle. Shallow depth of field (bokeh) used to keep the subject sharp while softly blurring the snowy trees in the background. High-resolution photography style.

 Style 
Photorealistic, cinematic winter lifestyle photography, nature portrait, serene and cold aesthetic, 8k resolution, highly detailed"
Woman_in_blue,2,2,2,True,True,Woman_in_blue_202604061447.jpeg | Woman_in_blue_202604061448.jpeg,"A young woman reference form uploaded image kneeling in deep snow, captured in a front profile view while taking a photograph. 
She is positioned in the center of the frame, leaning forward slightly to look through her camera's viewfinder. 

Clothing : 

A thick, winter parka jacket in a color-block design featuring light pastel blue and white panels. She is wearing black winter trousers and thick, beige, knitted mittens/gloves. 

 Accessories 
A professional black DSLR or mirrorless camera with a prominent zoom lens held in her hands.
A mustard-yellow canvas backpack is strapped to her back, providing a colorful contrast to the cool tones. 

Environment 

A serene winter forest setting. The background is filled with tall pine trees heavily laden with fresh white snow. The ground is covered in a thick, soft layer of undisturbed snow.

Camera 
Medium shot, eye-level angle. Shallow depth of field (bokeh) used to keep the subject sharp while softly blurring the snowy trees in the background. High-resolution photography style.

 Style 
Photorealistic, cinematic winter lifestyle photography, nature portrait, serene and cold aesthetic, 8k resolution, highly detailed"
Woman_in_cowboy,2,2,2,True,False,Woman_in_cowboy_202604061447.jpeg | Woman_in_cowboy_202604061447_2.jpeg,"A real-life woman is presented in a vertical triptych collage composition, depicting three consecutive moments (a calm stance, a direct confrontation, and a startled reaction). Each panel deliberately uses left–right offset positioning to create a coherent visual narrative flow.

The image is shot in a photorealistic, cinematic live-action style, high resolution with subtle natural grain, true contrast, hard natural daylight, a clear blue sky, and deep depth of field consistent with real lens behavior. The scene takes place in an open outdoor environment.

The subject wears a cowboy hat, a short-sleeve button-up shirt, and a brownish-red long skirt. Her makeup is retro-inspired, with distinct red lipstick and clearly defined eye makeup.

Top panel:
The subject is positioned toward the right, leaving open sky on the left. She stands with arms crossed, looking toward the lower-left with a surprised expression.
Middle panel:
The subject is positioned toward the left, aiming a firearm with the barrel angled toward the lower-right. Her expression is focused and sharp, and the shot is taken from a slightly top-down angle. In this panel, both the subject and the weapon intentionally break through the top and bottom panel borders, overlapping the frame lines to create a clear layered effect. The middle panel serves as the primary visual focal point.

Bottom panel:
The subject is positioned in the lower-right corner, leaving more negative space on the left. She raises both hands defensively, her eyes naturally widened in surprise, looking toward the upper-left. The subject intentionally breaks the panel frame and overlaps the border lines, forming a distinct layered composition.
The image maintains a 2:3 aspect ratio and a photorealistic live-action style, explicitly avoiding illustration or comic aesthetics."
Woman_in_cropped,2,2,2,True,True,Woman_in_cropped_202604061447.jpeg | Woman_in_cropped_202604061447_2.jpeg,"a woman wearing a cropped top and jeans standing in front of the bus stop, in the style of Oleg Oprisco, video, Jocelyn Hobbie, soft, muted tones, close up, wavy, Nick Knight --ar 9:16 --stylize 750 --v 6.0"
Woman_in_double,2,2,1,True,True,Woman_in_double_202604061446.jpeg | Woman_in_double_202604061447.jpeg,"A young woman reference form uploaded image kneeling in deep snow, captured in a front profile view while taking a photograph. 
She is positioned in the center of the frame, leaning forward slightly to look through her camera's viewfinder. 

Clothing : 

A thick, winter parka jacket in a color-block design featuring light pastel blue and white panels. She is wearing black winter trousers and thick, beige, knitted mittens/gloves. 

 Accessories 
A professional black DSLR or mirrorless camera with a prominent zoom lens held in her hands.
A mustard-yellow canvas backpack is strapped to her back, providing a colorful contrast to the cool tones. 

Environment 

A serene winter forest setting. The background is filled with tall pine trees heavily laden with fresh white snow. The ground is covered in a thick, soft layer of undisturbed snow.

Camera 
Medium shot, eye-level angle. Shallow depth of field (bokeh) used to keep the subject sharp while softly blurring the snowy trees in the background. High-resolution photography style.

 Style 
Photorealistic, cinematic winter lifestyle photography, nature portrait, serene and cold aesthetic, 8k resolution, highly detailed"
Woman_in_dynamic,2,2,2,True,True,Woman_in_dynamic_202604061446.jpeg | Woman_in_dynamic_202604061447.jpeg,"Create an ultra-realistic cinematic portrait of a character (man or woman) based on the attached photo, captured leaning confidently against a vibrant graffiti mural.
The character wears a black jacket, dark jeans, and black Air Max sneakers, arms crossed, gazing to the side with a serious, self-assured expression.
Behind them, a large, realistic mural features a painted portrait of the same person - same pose, outfit, and expression - surrounded by colorful urban graffiti.
Above the mural, the name ""ADI BRILL"" appears in vivid, stylized lettering.
The scene conveys street culture, self-expression, and artistic identity.

Ensure 100% facial accuracy and realistic likeness to the reference photo - keep every micro-feature identical:
* natural skin texture and tone, visible pores and imperfections,
* true facial asymmetry and authentic proportions,
* original hair details, eye color, and expression.

No face-altering filters, masks, retouching, or generative reinterpretation.
Maintain natural lighting realism, physical shadows, and photographic optical depth.
Shot on Sony A7R IV, 85mm f/1.4, shallow depth of field, high dynamic range, Kodak Portra 400 color grading, soft daylight diffusion, and cinematic street atmosphere."
Woman_in_ice,1,2,2,False,True,Woman_in_ice_202604061447.jpeg,"Create a surreal fashion editorial photograph featuring a young Scandinavian woman with platinum blonde hair standing encased inside a large vertical block of transparent ice. She wears a vibrant crimson red pleated maxi dress with subtle Nordic geometric patterns at the hem that contrasts sharply with the cold blue tones of the ice. Her long hair is voluminous and wavy with small ice crystals forming in the strands. At the base of the ice block is a frozen arrangement of deep red arctic poppies and purple heather mixed with dried birch branches and moss. She holds a thin curved branch of Norwegian spruce in her hand. The background is a deep blue-teal gradient suggesting the colors of Nordic winter twilight. The lighting is cinematic and cool-toned, highlighting realistic frost patterns, cracks, and air bubbles within the ice to create a mysterious ethereal atmosphere evoking Scandinavian winter mythology."
Woman_in_lavender,1,2,2,False,True,Woman_in_lavender_202604061447.jpeg,"A full-body studio portrait of a  woman from uploaded image sitting on the floor in front of a light purple backdrop. She is wearing a cozy, oversized lavender chunky-knit sweater, white skirt, and white socks. She is affectionately hugging a large Sanrio Kuromi plushie and looking at the camera with a gentle expression. The background is decorated with playful, hand-drawn purple doodles and text, including ""E"", ""Emily"", paper airplanes, and flowers, in the style of a K-pop photocard or fanzine cover. The lighting is bright and soft, enhancing the cute and affectionate mood. Use the exact same face as in the uploaded image, no alteration, 100% unchanged. Remove her earrings."
Woman_in_off-the-shoulder,1,1,3,True,False,Woman_in_off-the-shoulder_202604061447.jpeg,"{
  ""Objective"": ""Create a stylish, high-fashion portrait of a girl."",
  
  ""Scene_Details"": {
    ""Main_Subject"": {
      ""Gender"": ""Female"",
{
  ""scene"": ""Intimate mid‑action shot of a young woman applying makeup at a small bathroom sink, with a reflective mirror positioned just in front of her."",
  ""subject"": {
    ""gender"": ""female"",
    ""age"": ""early 20s"",
    ""skin_tone"": ""light with warm undertones"",
    ""hair"": {
      ""style"": ""long, wavy, voluminous"",
      ""color"": ""auburn/copper red with highlights"",
      ""parting"": ""slightly off‑center""
    },
    ""face"": {
      ""makeup"": ""glamorous style with bold eyeliner, long eyelashes, glossy lipstick, subtle blush and highlight"",
      ""expression"": ""confident, seductive gaze directly into camera""
    },
    ""outfit"": {
      ""top"": ""black lace lingerie bralette with thin straps, revealing fit"",
      ""bottom"": ""matching lace detail visible"",
      ""overall_style"": ""sensual, intimate""
    },
    ""pose"": {
      ""upper_body"": ""turned slightly toward camera, shoulders angled"",
      ""arms"": ""one hand holding eyeliner pencil near face, the other resting by sink"",
      ""head"": ""slightly tilted back, eyes locked onto viewer""
    }
  },
  ""environment"": {
    ""location"": ""bathroom"",
    ""background"": {
      ""walls"": ""plain white"",
      ""tiles"": ""white rectangular tiles on lower wall near sink"",
      ""shelves"": ""white shelves above sink with scattered toiletries (toothbrush, bottles, cords)"",
      ""sink"": ""small ceramic sink with faucet, partly visible"",
      ""towel"": ""yellow towel hanging in background"",
      ""clothes"": ""neutral‑toned jacket draped casually in the corner"",
      ""mirror"": {
        ""position"": ""just in front of subject, slightly tilted toward her face"",
        ""size"": ""small, ~24×18 cm, mounting on a flat wall or small stand"",
        ""material"": ""mirror glass with a thin silver rim""
      }
    },
    ""lighting"": ""soft indoor lighting, slightly warm tone, creating a natural highlight on skin; the mirror reflects that glow subtly."",
    ""camera"": {
      ""angle"": ""eye‑level, intimate framing"",
      ""framing"": ""mid‑body shot, centered on woman, mirror’s reflection visible on the wall"",
      ""lens"": ""slight film‑like aesthetic, subtle grain and muted colors, 35‑mm equivalent""
    }
  },
  ""style"": {
    ""aesthetic"": ""vintage film photography look"",
    ""color_palette"": ""warm tones, cream, black, auburn, soft yellow"",
    ""mood"": ""intimate, candid, alluring"",
    ""quality"": ""photorealistic, cinematic detail""
  }
}
      ""Expression"": ""Bold and charismatic with a subtle smirk, capturing a confident attitude."",
      ""Outfit"": {
        ""Top"": ""Crisp white shirt, slightly oversized with rolled-up sleeves."",
        ""Accessories"": ""Classic Michael Jackson–inspired black fedora hat, minimal jewelry."",
        ""Bottom/Footwear"": ""long black fishnet socks with high heel shoes""
      },
      ""Makeup"": ""Striking red lipstick, defined eyeliner, and smooth matte finish for a bold fashion look.""
    },
    
    ""Props"": {
      ""Main"": ""Vintage wooden chair with visible grain texture."",
      ""Additional"": ""Optional minimal studio elements like a soft shadow on the floor.""
    },
    
    ""Background"": {
      ""Description"": ""Modern minimalist studio backdrop in soft neutral tones, enhancing focus on the subject."",
      ""Elements"": ""Subtle gradient or soft spotlight behind her for depth.""
    },
    
    ""Lighting_and_Color"": {
      ""Lighting"": ""Soft cinematic key light from the side with gentle shadows, creating a moody high-fashion aesthetic."",
      ""Color_Tone"": ""Neutral tones with bold contrast — white shirt and red lipstick pop against a muted setting.""
    }
  },
  
  ""Artistic_Style"": {
    ""Genre"": ""High-Fashion Editorial Portrait"",
    ""Composition"": ""Full-body or mid-length vertical frame with the wooden chair as a key compositional anchor."",
    ""Texture"": ""Clean, crisp details with slight gloss on the boots and subtle grain on the chair.""
  },
  
  ""Camera_and_Technical_Notes"": {
    ""Focus"": ""Sharp focus on face, hat, and chair; boots remain clearly detailed."",
    ""Depth_of_Field"": ""Moderate — keeps subject fully sharp while background softly fades."",
    ""Shot_Type"": ""Full-body or three-quarter fashion editorial shot.""
  },
  
  ""Mood_and_Emotion"": ""Confident, stylish, iconic — blending modern fashion with classic Michael Jackson–inspired attitude."",
  
  ""Intended_Use"": ""Fashion editorial, portrait portfolio, stylish social media content, or artistic high-fashion photography.""
}
"
Woman_in_pinstripe,2,2,2,True,False,Woman_in_pinstripe_202604061447.jpeg | Woman_in_pinstripe_202604061448.jpeg,"{""title"":""Hyper-Realistic Portrait: Suited Woman in Mugshot Pose"",""subject"":{""clothing"":{""jacket"":""vintage-style tailored dark pinstripe suit jacket"",""accessories"":[{""type"":""mugshot board"",""text"":{""name"":""ADI BRILL""}}]}},""background"":{""style"":""naturally blurred bokeh"",""details"":{""height_chart"":""vertical lines""}},""style"":""Hyper-realistic photography, 8K clarity""}"
Woman_in_red,2,2,2,True,True,Woman_in_red_202604061447.jpeg | Woman_in_red_202604061448.jpeg,"Nighttime flash photo with Y2K aesthetic, red digital timestamp in corner. Young woman at a public payphone, face based exactly on uploaded image, turning back toward camera with a detached look. Wearing corset top and loose cargo jeans, nands in back pockets. Strong flash contrast and blurred car lights in urban background, raw early-2000s paparazzi vibe."
Woman_in_sequin,2,2,2,True,False,Woman_in_sequin_202604061448.jpeg | Woman_in_sequin_202604061448_2.jpeg,"[Project_Settings]Title=Studio_Portrait_Sequin_Dress... [Subject]Description=Stunning woman... [Attire]Dress_Style=Deep-V halter dress... [Render_Quality]Style=Fashion editorial photographyQuality_Tags=Lifelike lighting, 8k realism"
Woman_in_sunglasses,5,4,2,False,True,Woman_in_sunglasses_202604061447.jpeg | Woman_in_sunglasses_202604061447_2.jpeg | Woman_in_sunglasses_202604061448.jpeg | Woman_in_sunglasses_202604061448_2.jpeg | Woman_in_sunglasses_202604061448_3.jpeg,"Create an ultra-realistic photo of a woman (uploaded photo for 100.999% facial reference) wearing sunglasses, white lacoste tshirt, black jeans and jordan1 sneakers, leans casually inside a giant weathered playing card frame marked ""A of Diamonds"" with graffiti text ""Brill"". The scene is set in a moody, abandoned city, skycrapers and dramatic cinematic lighting. Extreme low angle in the middle of the city skyscrapers."
Woman_in_swimming,1,2,2,False,True,Woman_in_swimming_202604061447.jpeg,A high-quality photorealistic portrait of a young woman sitting on the edge of a swimming pool on a sunny day. She has voluminous long wavy hair styled with a white flower hair clip on one side. She is wearing a vintage-inspired matching two-piece set: a white sleeveless crop top with a delicate sky blue floral print and a prominent sky blue collar with a bow and a matching mini skirt. She is looking directly at the camera with a soft expression. The background features bright blue shimmering pool water and blurred tropical greenery. The lighting is bright and natural highlighting the details of her outfit and hair. 8k resolution cinematic lighting.
Woman_in_white,2,2,2,True,True,Woman_in_white_202604061448.jpeg | Woman_in_white_202604061448_2.jpeg,"A young woman reference form uploaded image kneeling in deep snow, captured in a front profile view while taking a photograph. 
She is positioned in the center of the frame, leaning forward slightly to look through her camera's viewfinder. 

Clothing : 

A thick, winter parka jacket in a color-block design featuring light pastel blue and white panels. She is wearing black winter trousers and thick, beige, knitted mittens/gloves. 

 Accessories 
A professional black DSLR or mirrorless camera with a prominent zoom lens held in her hands.
A mustard-yellow canvas backpack is strapped to her back, providing a colorful contrast to the cool tones. 

Environment 

A serene winter forest setting. The background is filled with tall pine trees heavily laden with fresh white snow. The ground is covered in a thick, soft layer of undisturbed snow.

Camera 
Medium shot, eye-level angle. Shallow depth of field (bokeh) used to keep the subject sharp while softly blurring the snowy trees in the background. High-resolution photography style.

 Style 
Photorealistic, cinematic winter lifestyle photography, nature portrait, serene and cold aesthetic, 8k resolution, highly detailed"
Woman_in_windswept,2,2,2,True,False,Woman_in_windswept_202604061447.jpeg | Woman_in_windswept_202604061448.jpeg,"A cinematic fine-art portrait of a mysterious young woman standing in an open, windswept landscape. She wears a flowing black dress that blends into translucent smoke and mist swirling around her body. Her long dark hair is lifted dramatically by the wind, creating soft motion blur and ethereal trails. Pale, porcelain skin with subtle shadows, calm yet intense expression, slightly parted lips, and deep, introspective eyes. The atmosphere is moody and dreamlike, with muted beige and gray tones, soft diffused lighting, painterly textures, and a surreal, gothic aesthetic."
Woman_kneeling_beside,2,2,3,True,False,Woman_kneeling_beside_202604061446.jpeg | Woman_kneeling_beside_202604061447.jpeg," share. I used Grok, Midjourney, Bing, Perchance, Gemini & C created one on Meta

Dark fantasy cinematic portrait of a pale, ethereal woman with very long flowing white hair, kneeling beside a wounded unicorn in a snowy mystical forest. She wears an intricate crimson biomechanical armor dress with glowing ember-like cracks, organic textures, and molten lava details. Her thigh-high boots and gloves match the same fiery, sculpted design, blending fantasy and dark gothic aesthetics. The unicorn has a white coat, a twisted horn, and partially petrified or corrupted skin with glowing red fissures and chain-like elements, creating a tragic, magical atmosphere.

Soft falling snow, cold blue ambient light mixed with warm red glow from the armor and creature. Highly detailed textures, cinematic lighting, shallow depth of field, dramatic fantasy mood, ultra-realistic digital art, hyper-detailed skin and fabric, volumetric lighting, atmospheric particles, dark fairy-tale style, 8k fantasy concept art, masterpiece quality. "
Woman_kneeling_in,1,2,2,False,True,Woman_kneeling_in_202604061447.jpeg,"A young woman reference form uploaded image kneeling in deep snow, captured in a front profile view while taking a photograph. 
She is positioned in the center of the frame, leaning forward slightly to look through her camera's viewfinder. 

Clothing : 

A thick, winter parka jacket in a color-block design featuring light pastel blue and white panels. She is wearing black winter trousers and thick, beige, knitted mittens/gloves. 

 Accessories 
A professional black DSLR or mirrorless camera with a prominent zoom lens held in her hands.
A mustard-yellow canvas backpack is strapped to her back, providing a colorful contrast to the cool tones. 

Environment 

A serene winter forest setting. The background is filled with tall pine trees heavily laden with fresh white snow. The ground is covered in a thick, soft layer of undisturbed snow.

Camera 
Medium shot, eye-level angle. Shallow depth of field (bokeh) used to keep the subject sharp while softly blurring the snowy trees in the background. High-resolution photography style.

 Style 
Photorealistic, cinematic winter lifestyle photography, nature portrait, serene and cold aesthetic, 8k resolution, highly detailed"
"Woman_laughing,_sitting,",1,1,3,True,False,"Woman_laughing,_sitting,_202604061448.jpeg","{ ""Objective"": ""Create a 3x3 Instagram-style grid of low-quality smartphone photos featuring the same attractive, beautiful, sensual, athletic Asian woman enjoying Disneyland, clearly showing iconic park elements, rides, and mascots."", ""Composition"": { ""layout"": ""3x3 grid"", ""aspect_ratio"": ""1:1"", ""framing"": ""each square captures a different candid Disneyland moment, forming a cohesive Instagram profile"" }, ""Subject"": { ""type"": ""young Asian woman"", ""appearance"": { ""beauty"": ""extremely attractive, natural beauty"", ""body"": ""athletic, fit physique"", ""skin"": ""natural texture, no glossiness, no smoothing"", ""makeup"": ""light, natural"", ""expression"": ""joyful, playful, candid"" }, ""consistency"": ""same woman across all 9 photos"" }, ""Wardrobe"": { ""style"": ""Disneyland themed outfits"", ""details"": [ ""Mickey/Minnie ears headband"", ""Disney-themed crop tops or hoodies"", ""casual shorts or skirts"", ""sneakers"", ""colorful, playful  clothing"" ] }, ""Scenes"": [ { ""position"": ""top left"", ""location"": ""roller coaster ride"", ""pose"": ""mid-ride candid, wind-blown hair, excited expression"" }, { ""position"": ""top center"", ""location"": ""Disney castle"", ""pose"": ""standing in front, casual pose, slightly off-center"" }, { ""position"": ""top right"", ""location"": ""posing with mascot (e.g., Mickey Mouse)"", ""pose"": ""playful pose, smiling"" }, { ""position"": ""middle left"", ""location"": ""theme park street with shops"", ""pose"": ""walking candid, holding snack or drink"" }, { ""position"": ""middle center"", ""location"": ""carousel or classic ride"", ""pose"": ""sitting on ride, laughing naturally"" }, { ""position"": ""middle right"", ""location"": ""posing with another mascot (e.g., princess or character)"", ""pose"": ""fun interaction, slightly posed but natural"" }, { ""position"": ""bottom left"", ""location"": ""nighttime Disneyland lights"", ""pose"": ""slightly blurred candid shot, glowing lights behind"" }, { ""position"": ""bottom center"", ""location"": ""food stand"", ""pose"": ""holding Disneyland snack (e.g., churro), casual smile"" }, { ""position"": ""bottom right"", ""location"": ""wide park view with rides"", ""pose"": ""back facing  camera or looking away, scenic shot"" } ], ""Photography"": {
""camera"": ""smartphone"",
""style"": ""Instagram casual travel"",
""quality"": ""intentionally low quality"",
""lighting"": ""natural sunlight, uneven exposure"",
""imperfections"": [
""motion blur"",
""grain/noise"",
""slight overexposure or underexposure"",
""lens distortion"",
""unbalanced framing"" ], ""effects"": [ ""no beauty filter"", ""no skin retouching"", ""authentic dynamic range"", ""slightly inconsistent color tones"" ] }, ""Mood"": ""fun, energetic, playful, theme park adventure"", ""Rendering"": { ""style_keywords"": [ ""instagram grid"", ""disneyland photos"", ""theme park lifestyle"", ""smartphone photography"", ""candid moments"", ""low quality aesthetic"" ], ""realism"": ""highly realistic smartphone look"", ""detail_level"": ""natural imperfect detail"", ""aspect_ratio"": ""--ar 1:1"" }, ""Response_Format"": { ""type"": ""image_generation_prompt_json"", ""editable_fields"": [ ""scenes"", ""wardrobe"", ""lighting"", ""poses"" ] }
}"
Woman_leaning_on,2,2,2,True,True,Woman_leaning_on_202604061448.jpeg | Woman_leaning_on_202604061448_2.jpeg,"A young woman reference form uploaded image kneeling in deep snow, captured in a front profile view while taking a photograph. 
She is positioned in the center of the frame, leaning forward slightly to look through her camera's viewfinder. 

Clothing : 

A thick, winter parka jacket in a color-block design featuring light pastel blue and white panels. She is wearing black winter trousers and thick, beige, knitted mittens/gloves. 

 Accessories 
A professional black DSLR or mirrorless camera with a prominent zoom lens held in her hands.
A mustard-yellow canvas backpack is strapped to her back, providing a colorful contrast to the cool tones. 

Environment 

A serene winter forest setting. The background is filled with tall pine trees heavily laden with fresh white snow. The ground is covered in a thick, soft layer of undisturbed snow.

Camera 
Medium shot, eye-level angle. Shallow depth of field (bokeh) used to keep the subject sharp while softly blurring the snowy trees in the background. High-resolution photography style.

 Style 
Photorealistic, cinematic winter lifestyle photography, nature portrait, serene and cold aesthetic, 8k resolution, highly detailed"
Woman_leaning_out,2,2,2,True,True,Woman_leaning_out_202604061448.jpeg | Woman_leaning_out_202604061448_2.jpeg,"A young woman reference form uploaded image kneeling in deep snow, captured in a front profile view while taking a photograph. 
She is positioned in the center of the frame, leaning forward slightly to look through her camera's viewfinder. 

Clothing : 

A thick, winter parka jacket in a color-block design featuring light pastel blue and white panels. She is wearing black winter trousers and thick, beige, knitted mittens/gloves. 

 Accessories 
A professional black DSLR or mirrorless camera with a prominent zoom lens held in her hands.
A mustard-yellow canvas backpack is strapped to her back, providing a colorful contrast to the cool tones. 

Environment 

A serene winter forest setting. The background is filled with tall pine trees heavily laden with fresh white snow. The ground is covered in a thick, soft layer of undisturbed snow.

Camera 
Medium shot, eye-level angle. Shallow depth of field (bokeh) used to keep the subject sharp while softly blurring the snowy trees in the background. High-resolution photography style.

 Style 
Photorealistic, cinematic winter lifestyle photography, nature portrait, serene and cold aesthetic, 8k resolution, highly detailed"
Woman_looking_up,1,1,2,True,True,Woman_looking_up_202604061447.jpeg,"Gorgeous woman like a devil flirty instagram model standing in church hall, behind she is a mosaic fresco, an uncovered shaped body with gold eyelashes, fabrick vail, Use the rule of thirds, Look for curves, lines& interesting shapes, Emotion is more important than composition, by famous fashion photographer --q 2 --s 750 --v 7.0 --raw --ar 9:16"
Woman_lying_on,1,1,2,True,False,Woman_lying_on_202604061447.jpeg,"{ ""style"": ""dark cinematic, gothic realism, high  fashion editorial"", ""subject"": ""pale red-haired woman lying slumped on a wooden church pew, wearing a deep red embroidered bodysuit with large feathered wings"", ""pose"": ""body collapsed sideways with head resting on the bench, limbs loosely folded, conveying exhaustion or injury"", ""environment"": ""abandoned old church interior with worn wooden pews, stone columns, dim natural light, dust and decay"", ""mood"": ""somber, dramatic, melancholic, haunting"", ""lighting"": ""low key, moody directional light from side, soft shadows, cinematic contrast"", ""details"": ""visible scratches and bruises on skin, textured feather wings, intricate lace fabric, aged wood grain, muted earthy tones"", "" camera"": ""medium shot, eye-level angle, shallow depth of field"", ""color_palette"": ""deep crimson, desaturated browns, cold stone grays, pale skin tones"", ""composition"": ""rule of thirds, diagonal body line creating tension, confined framing for claustrophobic feel"", ""influences"": ""dark fantasy photography, gothic fashion editorials, cinematic horror stills"", ""quality"": ""ultra detailed, photorealistic, high resolution, film grain subtle""
}"
Woman_performing_athletic,2,2,2,True,True,Woman_performing_athletic_202604061447.jpeg | Woman_performing_athletic_202604061448.jpeg,"{""intent"":""Generate a photorealistic, high-fidelity mirror selfie... performing an athletic pose in a disordered bedroom."",""frame"":{""style_mode"":""raw_lifestyle, next_gen_mobile_photography""},""subject"":{""pose"":""The subject performs a vertical standing split in the mirror..."",""makeup"":""Bare-faced aesthetic with no visible makeup.""},""environment"":{""location"":""A chaotic, lived-in personal bedroom."",""props_and_details"":""The background is untidy and realistic... clothes strewn across the floor.""}}"
Woman_piloting_robot,2,2,3,True,False,Woman_piloting_robot_202604061447.jpeg | Woman_piloting_robot_202604061448.jpeg,"“A woman in a black suit, with a face 100% identical to the reference image, sits in the cockpit of a large, maneuverable robot. The robot's structure is cool and futuristic, with intricate metal limbs and mechanisms. The interior of an old factory has a workhorse atmosphere, with slight light coming through the roof. No cranes above or overhead equipment is visible. The focus is sharp on the robot and the man piloting it. The medium-range camera angle shows the robot in its entirety. The style is photorealistic, with ultra-detailed detail and dynamic lighting.”
"
Woman_playing_in,2,2,2,True,True,Woman_playing_in_202604061447.jpeg | Woman_playing_in_202604061447_2.jpeg,"{""label"":""direct-flash-gamer-girl"",""tags"":[""direct-flash"",""retro-gamer-room"",""90s-photography""],""Subject"":[""young woman in her early 20s... seated cross-legged on a couch, holding a game controller""],""Lighting"":""strong direct on-camera flash aimed straight at the subject... ambient tungsten lamp in the background"",""Mood"":""intimate, playful, nostalgic, confidently casual with a strong gamer-at-home vibe""}"
Woman_posing_in,2,2,2,True,True,Woman_posing_in_202604061447.jpeg | Woman_posing_in_202604061448.jpeg,"Beautiful woman with a perfectly proportioned figure, smiling happily and naturally, posing beside a large cheerful snowman in deep fresh snow, heavy snowfall all around, wearing a cream-colored tight knit sweater with realistic fabric texture, elegant burgundy wool scarf wrapped warmly around her neck, fitted grey leggings suitable for winter, natural confident pose, relaxed body language, detailed realistic face with soft freckles, bright expressive eyes, gentle rosy cheeks from the cold, subtle natural makeup, glossy lips, flowing hair with individual strands visible, snowflakes resting on hair and clothing, charming snowy European alpine village in the background, traditional wooden chalets with sloped roofs covered in thick snow, warm glowing windows creating cozy contrast, snow-covered trees and pathways, visible footprints in the snow, cinematic winter lighting with soft diffused highlights, cold blue tones balanced by warm ambient light, shallow depth of field, ultra-high resolution, photorealistic style, hyper-detailed textures, realistic skin tones, crisp focus, professional photography look, magical winter wonderland atmosphere, cozy yet cinematic mood, masterpiece quality, sharp, clean, flawless composition"
Woman_posing_with,3,2,2,False,True,Woman_posing_with_202604061447.jpeg | Woman_posing_with_202604061447_2.jpeg | Woman_posing_with_202604061448.jpeg,"Beautiful woman with a perfectly proportioned figure, smiling happily and naturally, posing beside a large cheerful snowman in deep fresh snow, heavy snowfall all around, wearing a cream-colored tight knit sweater with realistic fabric texture, elegant burgundy wool scarf wrapped warmly around her neck, fitted grey leggings suitable for winter, natural confident pose, relaxed body language, detailed realistic face with soft freckles, bright expressive eyes, gentle rosy cheeks from the cold, subtle natural makeup, glossy lips, flowing hair with individual strands visible, snowflakes resting on hair and clothing, charming snowy European alpine village in the background, traditional wooden chalets with sloped roofs covered in thick snow, warm glowing windows creating cozy contrast, snow-covered trees and pathways, visible footprints in the snow, cinematic winter lighting with soft diffused highlights, cold blue tones balanced by warm ambient light, shallow depth of field, ultra-high resolution, photorealistic style, hyper-detailed textures, realistic skin tones, crisp focus, professional photography look, magical winter wonderland atmosphere, cozy yet cinematic mood, masterpiece quality, sharp, clean, flawless composition"
Woman_reading_book,1,2,3,False,True,Woman_reading_book_202604061447.jpeg,"A cozy indoor portrait of a young woman sitting on a sofa, wearing a loose, off-shoulder knitted sweater. She is quietly reading a book while blowing a small pink bubble with chewing gum. Her hair is tied in a relaxed messy bun, and a warm lamp in the background casts soft golden light."
Woman_reading_by,2,2,2,True,True,Woman_reading_by_202604061447.jpeg | Woman_reading_by_202604061447_2.jpeg,"A cozy indoor portrait of a young woman sitting on a sofa, wearing a loose, off-shoulder knitted sweater. She is quietly reading a book while blowing a small pink bubble with chewing gum. Her hair is tied in a relaxed messy bun, and a warm lamp in the background casts soft golden light."
Woman_seated_holding,2,2,3,True,True,Woman_seated_holding_202604061447.jpeg | Woman_seated_holding_202604061447_2.jpeg,"{""label"":""direct-flash-gamer-girl"",""tags"":[""direct-flash"",""retro-gamer-room"",""90s-photography""],""Subject"":[""young woman in her early 20s... seated cross-legged on a couch, holding a game controller""],""Lighting"":""strong direct on-camera flash aimed straight at the subject... ambient tungsten lamp in the background"",""Mood"":""intimate, playful, nostalgic, confidently casual with a strong gamer-at-home vibe""}"
Woman_seated_on,1,2,2,False,True,Woman_seated_on_202604061447.jpeg,"{""label"":""direct-flash-gamer-girl"",""tags"":[""direct-flash"",""retro-gamer-room"",""90s-photography""],""Subject"":[""young woman in her early 20s... seated cross-legged on a couch, holding a game controller""],""Lighting"":""strong direct on-camera flash aimed straight at the subject... ambient tungsten lamp in the background"",""Mood"":""intimate, playful, nostalgic, confidently casual with a strong gamer-at-home vibe""}"
Woman_sitting_by,3,2,2,False,True,Woman_sitting_by_202604061447.jpeg | Woman_sitting_by_202604061448.jpeg | Woman_sitting_by_202604061448_2.jpeg,"# A detailed, high-resolution photograph of the laboratory scene as seen in image_0.png, featuring the exact same scientist.

**The Woman**: The image features the same specific scientist from image_0.png, a middle-aged woman with dark hair pulled back, wearing the same brown glasses and having the exact same facial features. She is wearing the same charcoal gray fleece jacket and the same blue t-shirt (mostly hidden).

**The Action**: She is sitting in front of the large stereo microscope (the same model), looking through the eyepieces and using a manual pipette to transfer a small drop of clear liquid into an illuminated petri dish on the microscope's stage. The pipette and the dish are identical to those in image_0.png.

**The Environment (Exact Recreation)**:
* The lab bench is cluttered but functional, featuring all the elements visible in image_0.png.
* The large stereo microscope is positioned in the center.
* To her right is the second, inverted microscope with the flask of pink liquid on it.
* Multiple test tube racks with blue, white, and red caps are arranged in the foreground.
* The computer monitor in the background displays complex green fluorescent micrographs and charts.
* Various laboratory glassware (such as beakers and vials) are present.
* The background includes the large window and the blurred figure of the second scientist.
* Natural daylight blends with the overhead lab lighting.

**Depth of Field and Atmosphere**: A highly realistic photograph. The depth of field is shallow, keeping the scientist, the microscope, and the foreground test tubes in sharp focus, while softly blurring the background to create depth. The atmosphere conveys scientific concentration and professionalism. The textures of the fleece jacket, the glass, and the equipment are clearly visible."
Woman_sitting_in,2,2,2,True,True,Woman_sitting_in_202604061447.jpeg | Woman_sitting_in_202604061447_2.jpeg,"# A detailed, high-resolution photograph of the laboratory scene as seen in image_0.png, featuring the exact same scientist.

**The Woman**: The image features the same specific scientist from image_0.png, a middle-aged woman with dark hair pulled back, wearing the same brown glasses and having the exact same facial features. She is wearing the same charcoal gray fleece jacket and the same blue t-shirt (mostly hidden).

**The Action**: She is sitting in front of the large stereo microscope (the same model), looking through the eyepieces and using a manual pipette to transfer a small drop of clear liquid into an illuminated petri dish on the microscope's stage. The pipette and the dish are identical to those in image_0.png.

**The Environment (Exact Recreation)**:
* The lab bench is cluttered but functional, featuring all the elements visible in image_0.png.
* The large stereo microscope is positioned in the center.
* To her right is the second, inverted microscope with the flask of pink liquid on it.
* Multiple test tube racks with blue, white, and red caps are arranged in the foreground.
* The computer monitor in the background displays complex green fluorescent micrographs and charts.
* Various laboratory glassware (such as beakers and vials) are present.
* The background includes the large window and the blurred figure of the second scientist.
* Natural daylight blends with the overhead lab lighting.

**Depth of Field and Atmosphere**: A highly realistic photograph. The depth of field is shallow, keeping the scientist, the microscope, and the foreground test tubes in sharp focus, while softly blurring the background to create depth. The atmosphere conveys scientific concentration and professionalism. The textures of the fleece jacket, the glass, and the equipment are clearly visible."
Woman_sitting_on,12,2,2,False,True,Woman_sitting_on_202604061446.jpeg | Woman_sitting_on_202604061446_2.jpeg | Woman_sitting_on_202604061447.jpeg | Woman_sitting_on_202604061447_2.jpeg | Woman_sitting_on_202604061447_3.jpeg | Woman_sitting_on_202604061447_4.jpeg | Woman_sitting_on_202604061447_5.jpeg | Woman_sitting_on_202604061447_6.jpeg | Woman_sitting_on_202604061447_7.jpeg | Woman_sitting_on_202604061447_8.jpeg | Woman_sitting_on_202604061447_9.jpeg | Woman_sitting_on_202604061448.jpeg,"# A detailed, high-resolution photograph of the laboratory scene as seen in image_0.png, featuring the exact same scientist.

**The Woman**: The image features the same specific scientist from image_0.png, a middle-aged woman with dark hair pulled back, wearing the same brown glasses and having the exact same facial features. She is wearing the same charcoal gray fleece jacket and the same blue t-shirt (mostly hidden).

**The Action**: She is sitting in front of the large stereo microscope (the same model), looking through the eyepieces and using a manual pipette to transfer a small drop of clear liquid into an illuminated petri dish on the microscope's stage. The pipette and the dish are identical to those in image_0.png.

**The Environment (Exact Recreation)**:
* The lab bench is cluttered but functional, featuring all the elements visible in image_0.png.
* The large stereo microscope is positioned in the center.
* To her right is the second, inverted microscope with the flask of pink liquid on it.
* Multiple test tube racks with blue, white, and red caps are arranged in the foreground.
* The computer monitor in the background displays complex green fluorescent micrographs and charts.
* Various laboratory glassware (such as beakers and vials) are present.
* The background includes the large window and the blurred figure of the second scientist.
* Natural daylight blends with the overhead lab lighting.

**Depth of Field and Atmosphere**: A highly realistic photograph. The depth of field is shallow, keeping the scientist, the microscope, and the foreground test tubes in sharp focus, while softly blurring the background to create depth. The atmosphere conveys scientific concentration and professionalism. The textures of the fleece jacket, the glass, and the equipment are clearly visible."
Woman_squatting_over,4,4,2,True,False,Woman_squatting_over_202604061447.jpeg | Woman_squatting_over_202604061447_2.jpeg | Woman_squatting_over_202604061447_3.jpeg | Woman_squatting_over_202604061448.jpeg,"{""meta"":{""image_quality"":""High"",""image_type"":""Photo"",""resolution_estimation"":""High resolution, likely smartphone portrait mode""},""global_context"":{""scene_description"":""A high-angle, top-down selfie taken outdoors on a paved surface. The subject is a young woman crouching or squatting over a skateboard...""},""composition"":{""camera_angle"":""High-angle / Top-down / Selfie"",""framing"":""Close-up wide-angle""},""objects"":[{""id"":""obj_001"",""label"":""Person (Subject)"",""pose_or_orientation"":""Squatting, face tilted up towards camera""},{""id"":""obj_007"",""label"":""Skateboard"",""visual_attributes"":{""color"":""Light wood with faded green graphics""}}]}"
Woman_standing_Tokyo,1,1,3,True,False,Woman_standing_Tokyo_202604061448.jpeg,"A candid snapshot of a young woman with straight black hair, blunt bangs, large expressive eyes, and fair skin, standing casually in a bustling Tokyo street, wearing a low-cut crop top and high-waisted shorts, slight motion blur on the edges, natural daylight filtering through buildings, captured as if from a hidden angle with a smartphone camera. --ar 9:16 --v 7.0 --s 50 --raw "
Woman_standing_center,2,2,3,True,True,Woman_standing_center_202604061447.jpeg | Woman_standing_center_202604061447_2.jpeg,"Scene: Night city crosswalk in heavy rain; taxis and umbrellas stream past. A young woman stands motionless on the zebra, phone lowered, eyes glassy with held-back tears; puddles mirror streetlights. Light: High-contrast mix—cool overhead sodium/LED as key, warm shop window spill as fill; strong backlight from a taxi headlamp to rim the hair and rain; rain streaks glow; reflections pulse on wet asphalt. Camera Position: [eye level] [mid-shot] from curb edge, slightly off-center for tension; 50–85 mm for a cinematic portrait field. Object Placement: Subject on the left third, shoulders turned 3/4 to camera; crowd forms blurred streams right-to-left; a taxi passes behind, headlights forming a luminous halo; puddle in foreground gives a secondary reflection of her face. Atmosphere: Intimate, caught-between-choices moment; noise of traffic, rain hiss; city indifferent, emotion intense. Exposure/Motion: 1/10–1/15 s with gentle camera drag + a rear-curtain flash feel to keep her eyes and mouth tack-sharp while crowd, rain, and lights streak; f/2.8, ISO 200. Effects/Tags: dramatic, blurredvision (soft edge halation on highlights through rain), Photoreal, ultra-detailed, high micro-contrast, natural skin, optical refraction/caustics in droplets and tears, film grain subtle, 4K PNG."
Woman_standing_in,2,2,2,True,True,Woman_standing_in_202604061447.jpeg | Woman_standing_in_202604061447_2.jpeg,"Create a surreal fashion editorial photograph featuring a young Scandinavian woman with platinum blonde hair standing encased inside a large vertical block of transparent ice. She wears a vibrant crimson red pleated maxi dress with subtle Nordic geometric patterns at the hem that contrasts sharply with the cold blue tones of the ice. Her long hair is voluminous and wavy with small ice crystals forming in the strands. At the base of the ice block is a frozen arrangement of deep red arctic poppies and purple heather mixed with dried birch branches and moss. She holds a thin curved branch of Norwegian spruce in her hand. The background is a deep blue-teal gradient suggesting the colors of Nordic winter twilight. The lighting is cinematic and cool-toned, highlighting realistic frost patterns, cracks, and air bubbles within the ice to create a mysterious ethereal atmosphere evoking Scandinavian winter mythology."
Woman_standing_on,2,2,2,True,True,Woman_standing_on_202604061448.jpeg | Woman_standing_on_202604061448_2.jpeg,"Create a surreal fashion editorial photograph featuring a young Scandinavian woman with platinum blonde hair standing encased inside a large vertical block of transparent ice. She wears a vibrant crimson red pleated maxi dress with subtle Nordic geometric patterns at the hem that contrasts sharply with the cold blue tones of the ice. Her long hair is voluminous and wavy with small ice crystals forming in the strands. At the base of the ice block is a frozen arrangement of deep red arctic poppies and purple heather mixed with dried birch branches and moss. She holds a thin curved branch of Norwegian spruce in her hand. The background is a deep blue-teal gradient suggesting the colors of Nordic winter twilight. The lighting is cinematic and cool-toned, highlighting realistic frost patterns, cracks, and air bubbles within the ice to create a mysterious ethereal atmosphere evoking Scandinavian winter mythology."
Woman_stepping_into,6,6,2,True,False,Woman_stepping_into_202604061446.jpeg | Woman_stepping_into_202604061446_2.jpeg | Woman_stepping_into_202604061447.jpeg | Woman_stepping_into_202604061447_2.jpeg | Woman_stepping_into_202604061448.jpeg | Woman_stepping_into_202604061448_2.jpeg,"A cinematic and ultra-realistic image of a confident woman (same face as uploaded reference) stepping into a powerful helicopter on a windswept landing strip during golden hour. She wears a dramatic layered technical light-gray jacket that billows wildly from the spinning rotor blades. One foot firmly planted on the boarding ramp, one hand gripping the edge of the hatch reflecting the blazing sky. Her expression is steely and fearless, like an elite operative embarking on a high-stakes mission. Dust, sparks, and dry leaves swirl dramatically around her from the helicopter engines, while cinematic lighting and subtle motion blur emphasize the sense of speed, power, and purpose in the scene"
Woman_supervising_miniature,2,2,3,True,False,Woman_supervising_miniature_202604061447.jpeg | Woman_supervising_miniature_202604061447_2.jpeg,"Ultra-realistic cinematic studio scene of a woman supervising a miniature behind-the-scenes film set starring her tiny self.
She checks a miniature monitor while the small figure stands near scaled lighting rigs.
Both versions share identical facial features, body language, and clothing.
Mini director chairs, cables, clapperboards, and lenses fill the studio space.
Low-key cinematic lighting emphasizes realism and depth.
Shallow depth of field, immersive framing, ultra-photorealistic 8K detail.
Style: cinematic studio realism, no illustration, no CGI."
Woman_surrendering_in,2,2,1,True,True,Woman_surrendering_in_202604061447.jpeg | Woman_surrendering_in_202604061447_2.jpeg,"A young woman reference form uploaded image kneeling in deep snow, captured in a front profile view while taking a photograph. 
She is positioned in the center of the frame, leaning forward slightly to look through her camera's viewfinder. 

Clothing : 

A thick, winter parka jacket in a color-block design featuring light pastel blue and white panels. She is wearing black winter trousers and thick, beige, knitted mittens/gloves. 

 Accessories 
A professional black DSLR or mirrorless camera with a prominent zoom lens held in her hands.
A mustard-yellow canvas backpack is strapped to her back, providing a colorful contrast to the cool tones. 

Environment 

A serene winter forest setting. The background is filled with tall pine trees heavily laden with fresh white snow. The ground is covered in a thick, soft layer of undisturbed snow.

Camera 
Medium shot, eye-level angle. Shallow depth of field (bokeh) used to keep the subject sharp while softly blurring the snowy trees in the background. High-resolution photography style.

 Style 
Photorealistic, cinematic winter lifestyle photography, nature portrait, serene and cold aesthetic, 8k resolution, highly detailed"
Woman_takes_mirror,2,2,3,True,True,Woman_takes_mirror_202604061446.jpeg | Woman_takes_mirror_202604061448.jpeg,"{""prompt"":""A young woman with long, softly curled dark hair takes a cinematic mirror selfie in a bathroom lit by warm golden-hour light streaming through a small window. She wears a fitted charcoal tank top, and her silhouette glows with warm rim-light. Steam from a recent shower adds a hazy, atmospheric layer. The bathroom features tan stone tiles, a backlit mirror, and soft dust particles glowing in the light. The overall vibe is dramatic, moody, and film-like with rich contrast."",""negative_prompt"":""blurry, grainy, flat lighting, low detail, bad reflections, distorted hands, cartoon, watercolor, overexposed highlights, washed-out colors"",""steps"":50,""sampler"":""DPM++ 2M Karras"",""cfg_scale"":8,""model"":""realisticVisionV60B1""}"
Woman_taking_mirror,2,2,3,True,False,Woman_taking_mirror_202604061448.jpeg | Woman_taking_mirror_202604061448_2.jpeg,"A young woman reference form uploaded image kneeling in deep snow, captured in a front profile view while taking a photograph. 
She is positioned in the center of the frame, leaning forward slightly to look through her camera's viewfinder. 

Clothing : 

A thick, winter parka jacket in a color-block design featuring light pastel blue and white panels. She is wearing black winter trousers and thick, beige, knitted mittens/gloves. 

 Accessories 
A professional black DSLR or mirrorless camera with a prominent zoom lens held in her hands.
A mustard-yellow canvas backpack is strapped to her back, providing a colorful contrast to the cool tones. 

Environment 

A serene winter forest setting. The background is filled with tall pine trees heavily laden with fresh white snow. The ground is covered in a thick, soft layer of undisturbed snow.

Camera 
Medium shot, eye-level angle. Shallow depth of field (bokeh) used to keep the subject sharp while softly blurring the snowy trees in the background. High-resolution photography style.

 Style 
Photorealistic, cinematic winter lifestyle photography, nature portrait, serene and cold aesthetic, 8k resolution, highly detailed"
Woman_taking_selfie,2,2,3,True,True,Woman_taking_selfie_202604061448.jpeg | Woman_taking_selfie_202604061448_2.jpeg,"Create a cheerful (man/woman — same face as in the reference image) taking a selfie at home with the Teenage Mutant Ninja Turtles — Leonardo, Michelangelo, Donatello, and Raphael — all smiling and posing happily around them. The scene is bright and friendly, lit by natural daylight streaming through a window behind them.
Character details: Keep the exact face, expression, and features from the reference photo — skin texture, eye color, hairstyle, and facial hair (if present). Match lighting direction and tone from the original photo for a natural composite. Outfit: blue t-shirt (or similar casual wear).
Camera setup: wide-angle selfie perspective, arm extended holding the phone camera close to the lens. Lens: 24 mm full-frame, aperture f/2.8, shallow depth of field for cinematic focus on faces.
Lighting & atmosphere: soft daylight diffused through the window; warm highlights and subtle shadows; pleasant indoor contrast.
Turtle details: realistic-cartoon hybrid style, expressive faces, detailed textures of skin, shells, and gear. Balanced composition — the character centered, surrounded by the four Turtles leaning in.
Color grading: cinematic tone with warm midtones, vibrant greens and oranges, natural skin tones, gentle film grain.
Post-processing: ultra-realistic textures, depth-mapped lighting, lens reflections, and subtle chromatic aberration for authenticity.
Mood: joyful, nostalgic, friendly — like a spontaneous selfie among friends."
Woman_touching_hair,2,2,3,True,True,Woman_touching_hair_202604061447.jpeg | Woman_touching_hair_202604061448.jpeg,"Create a colorful Y2K scrapbook–style poster collage with a vibrant, chaotic-yet-balanced aesthetic. The image should feel like an early-2000s magazine scrapbook filled with stickers, cutouts, doodles, and playful graphic elements. The overall style is frameless, highly artistic, visually dense, and extremely engaging.

The same young Y2K-styled woman appears multiple times throughout the collage, wearing the same outfit and hairstyle in every appearance, but shown in different poses and cutout-style compositions. Her identity must remain perfectly consistent across all instances, with full face-lock accuracy and no facial distortion or changes.

The collage includes the following scenes and poses:

A close-up shot where she forms a heart shape with her fingers

A full-body squatting pose, resting her chin on her hand while holding a white Polaroid camera

A mid-shot touching her cheek while blowing pink bubblegum

A mid-shot smiling elegantly while holding a cat

A seated pose with one eye winking and a peace sign gesture

A mid-shot holding a bouquet of daisy flowers

At the center of the composition is the main subject in a confident, playful Y2K pose. She slightly pops one hip to the side, faces the camera directly with a cute-cool expression and a subtle pout, and holds a lens-flare keychain in one hand. The vibe is candid, nostalgic, and unmistakably early 2000s.

Her outfit consists of a cropped oversized pastel sweater decorated with embroidered patches, paired with a pastel skirt and a white belt. She wears white ankle socks with colorful pastel stripes and white sneakers. Accessories include colorful plastic bracelets, chunky bright rings, and a sparkling belly chain.

Her hairstyle is a classic Y2K half-up, half-down look with wavy dark brown hair. The lower strands are tinted bubblegum pink, with thin front tendrils framing the face and pastel flower clips adding a playful touch.

The collage is packed with additional visual elements such as heart, star, and butterfly stickers, retro sparkles, Polaroid frames, neon outlines, doodle borders, and magazine-style cutout text reading “SO CUTE!”, “199X!”, and “GIRL VIBES”. The lighting is pastel and dreamy, with a glossy retro glow and holographic textures, pastel gradients, glitter accents, and playful doodles layered throughout.

Color grading is bold and cinematic with a neon Y2K palette. Lighting resembles soft on-camera flash. Skin texture appears smooth and glossy, consistent with high-end Y2K editorial imagery. The rendering is high-detail, hyperrealistic within the Y2K aesthetic, in ultra-high resolution, with a perfectly balanced and artistic composition.

Avoid anything that breaks the Y2K style. Do not include modern 2020s fashion, messy layouts, blurred faces, distorted hands, extra limbs, warped facial features, low resolution, heavy grain, muted colors, watermarks, or visible AI artifacts. The final image should feel polished, nostalgic, and authentically Y2K rather than modern or realistic in a contemporary sense."
Woman_traveler_falcon,1,5,3,False,False,Woman_traveler_falcon_202604061448.jpeg,"""Use the uploaded woman's face with exact accuracy. Cinematic desert traveler standing on a dune, a falcon perched calmly on a rock beside him, wings half-open as if sensing the wind."",
""clothing"": {
""top"": ""light desert robe with layered textures"",
""bottom"": ""stone-beige tactical pants"",
""shoes"": ""sand-covered boots""
},
""pose"": ""standing sideways to the camera, looking forward with intensity"",
""camera_angle"": ""4:5 portrait, semi-low angle for hero mood"",
""lighting"": ""warm desert sunlight mixing with soft shadows"",
""environment"": ""high dune with windy sky, sand trails in air"",
""fx"": ""subtle particles and wind motion in clothes"",
""quality"": ""8K ultra-photoreal, sharp skin detail"""
Woman_traveler_with,2,5,2,False,True,Woman_traveler_with_202604061447.jpeg | Woman_traveler_with_202604061448.jpeg,"""Use the uploaded woman's face with exact accuracy. Cinematic desert traveler standing on a dune, a falcon perched calmly on a rock beside him, wings half-open as if sensing the wind."",
""clothing"": {
""top"": ""light desert robe with layered textures"",
""bottom"": ""stone-beige tactical pants"",
""shoes"": ""sand-covered boots""
},
""pose"": ""standing sideways to the camera, looking forward with intensity"",
""camera_angle"": ""4:5 portrait, semi-low angle for hero mood"",
""lighting"": ""warm desert sunlight mixing with soft shadows"",
""environment"": ""high dune with windy sky, sand trails in air"",
""fx"": ""subtle particles and wind motion in clothes"",
""quality"": ""8K ultra-photoreal, sharp skin detail"""
Woman_walking_city,1,1,2,True,True,Woman_walking_city_202604061447.jpeg,"A scene where Tokyo Tower is occupied by a super gigantic woman. The surrounding buildings appear as small as toy models, while the woman is enormously large. The setting features a realistic city environment. The overall mood is quiet, warm, soothing, and cute."
Woman_walking_urban,4,4,3,True,False,Woman_walking_urban_202604061447.jpeg | Woman_walking_urban_202604061447_2.jpeg | Woman_walking_urban_202604061447_3.jpeg | Woman_walking_urban_202604061448.jpeg,"EDIT THIS IMAGE TO SHOW A woMAN WALKING FORWARD ON A RAIN-SLICKED URBAN STREET, POSITIONED IN THE CENTER - LOWER THIRD OF THE FRAME, CAPTURED IN A DRAMATIC THREE-QUARTER VIEW. HE'S WEARING A SOPHISTICATED CHARCOAL GRAY TRENCH COAT OVER A BLACK TURTLENECK AND DARK FITTED TROUSERS, WITH POLISHED BLACK LEATHER BOOTS. HIS HAND IS RAISED NEAR HIS CHEST IN A CONTEMPLATIVE GESTURE, CHECKING HIS WATCH. THE LEFT SIDE OF HIS BODY IS DRAMATICALLY DISINTEGRATING INTO AN EXPLOSIVE DISPERSION EFFECT—SWIRLING SMOKE TENDRILS, ORNATE CLOCKWORK GEARS, SHATTERED FRAGMENTS, SCATTERED PAPERS, AND METALLIC PARTICLES ERUPTING OUTWARD IN SHADES OF SILVER, GRAY, AND SLATE BLUE. THE BACKGROUND FEATURES A MISTY URBAN CANYON WITH TOWERING BUILDINGS FADING INTO A MOODY OVERCAST SKY. CINEMATIC DEPTH OF FIELD WITH BOKEH LIGHTS IN THE DISTANCE, MOODY BLUE-GRAY COLOR GRADING WITH HIGH CONTRAST. PHOTOREALISTIC DIGITAL ART STYLE WITH SURREAL DISINTEGRATION EFFECTS. 8K QUALITY, DRAMATIC LIGHTING FROM ABOVE CREATING SUBTLE HIGHLIGHTS ON THE COAT.
"
Woman_wearing_glasses,2,2,3,True,True,Woman_wearing_glasses_202604061446.jpeg | Woman_wearing_glasses_202604061448.jpeg,"# A detailed, high-resolution photograph of the laboratory scene as seen in image_0.png, featuring the exact same scientist.

**The Woman**: The image features the same specific scientist from image_0.png, a middle-aged woman with dark hair pulled back, wearing the same brown glasses and having the exact same facial features. She is wearing the same charcoal gray fleece jacket and the same blue t-shirt (mostly hidden).

**The Action**: She is sitting in front of the large stereo microscope (the same model), looking through the eyepieces and using a manual pipette to transfer a small drop of clear liquid into an illuminated petri dish on the microscope's stage. The pipette and the dish are identical to those in image_0.png.

**The Environment (Exact Recreation)**:
* The lab bench is cluttered but functional, featuring all the elements visible in image_0.png.
* The large stereo microscope is positioned in the center.
* To her right is the second, inverted microscope with the flask of pink liquid on it.
* Multiple test tube racks with blue, white, and red caps are arranged in the foreground.
* The computer monitor in the background displays complex green fluorescent micrographs and charts.
* Various laboratory glassware (such as beakers and vials) are present.
* The background includes the large window and the blurred figure of the second scientist.
* Natural daylight blends with the overhead lab lighting.

**Depth of Field and Atmosphere**: A highly realistic photograph. The depth of field is shallow, keeping the scientist, the microscope, and the foreground test tubes in sharp focus, while softly blurring the background to create depth. The atmosphere conveys scientific concentration and professionalism. The textures of the fleece jacket, the glass, and the equipment are clearly visible."
Woman_wearing_glowing,1,2,3,False,True,Woman_wearing_glowing_202604061447.jpeg,"Beautiful woman with a perfectly proportioned figure, smiling happily and naturally, posing beside a large cheerful snowman in deep fresh snow, heavy snowfall all around, wearing a cream-colored tight knit sweater with realistic fabric texture, elegant burgundy wool scarf wrapped warmly around her neck, fitted grey leggings suitable for winter, natural confident pose, relaxed body language, detailed realistic face with soft freckles, bright expressive eyes, gentle rosy cheeks from the cold, subtle natural makeup, glossy lips, flowing hair with individual strands visible, snowflakes resting on hair and clothing, charming snowy European alpine village in the background, traditional wooden chalets with sloped roofs covered in thick snow, warm glowing windows creating cozy contrast, snow-covered trees and pathways, visible footprints in the snow, cinematic winter lighting with soft diffused highlights, cold blue tones balanced by warm ambient light, shallow depth of field, ultra-high resolution, photorealistic style, hyper-detailed textures, realistic skin tones, crisp focus, professional photography look, magical winter wonderland atmosphere, cozy yet cinematic mood, masterpiece quality, sharp, clean, flawless composition"
Woman_wiping_sweat,1,2,3,False,False,Woman_wiping_sweat_202604061448.jpeg,"{""subject"":{""description"":""A young woman sitting on yoga mat, wiping sweat with towel"",""expression"":""accomplished, slight breathlessness""},""clothing"":{""top"":{""type"":""sports bra"",""color"":""dusty rose pink""},""bottom"":{""type"":""high-waisted leggings"",""color"":""black with mesh panels""}},""photography"":{""camera_style"":""gym selfie aesthetic, smartphone front camera""},""background"":{""setting"":""modern gym studio"",""elements"":[""purple yoga mat"",""dumbbells"",""resistance bands""]}}"
Woman_with_dark,1,1,2,True,True,Woman_with_dark_202604061447.jpeg,"East asian krean beautiful young woman, calm confident expression, subtle smirk, short white bob haircut, black lipstick, sharp eyeliner, tattoos on neck, buxom body, wearing sleeveless low neck bodycon blackdress, gothic elegant fashion, multiple ear piercings background dark studio, cinematic rim lighting, high contrast light and shadow, smoky atmosphere, professional portrait, full-body shot, soft diffused lighting, moody tone, ultra-detailed, realistic, 8k, masterpiece"
Woman_with_orbiting,2,2,1,True,True,Woman_with_orbiting_202604061447.jpeg | Woman_with_orbiting_202604061447_2.jpeg,"A young woman reference form uploaded image kneeling in deep snow, captured in a front profile view while taking a photograph. 
She is positioned in the center of the frame, leaning forward slightly to look through her camera's viewfinder. 

Clothing : 

A thick, winter parka jacket in a color-block design featuring light pastel blue and white panels. She is wearing black winter trousers and thick, beige, knitted mittens/gloves. 

 Accessories 
A professional black DSLR or mirrorless camera with a prominent zoom lens held in her hands.
A mustard-yellow canvas backpack is strapped to her back, providing a colorful contrast to the cool tones. 

Environment 

A serene winter forest setting. The background is filled with tall pine trees heavily laden with fresh white snow. The ground is covered in a thick, soft layer of undisturbed snow.

Camera 
Medium shot, eye-level angle. Shallow depth of field (bokeh) used to keep the subject sharp while softly blurring the snowy trees in the background. High-resolution photography style.

 Style 
Photorealistic, cinematic winter lifestyle photography, nature portrait, serene and cold aesthetic, 8k resolution, highly detailed"
Woman_with_tiger,2,2,1,True,True,Woman_with_tiger_202604061447.jpeg | Woman_with_tiger_202604061447_2.jpeg,"A hyper-realistic 8K cinematic up-close photo of a character (use attached photo) performing an avatar bending stance outdoors. A swirling ring of all four elements—earth, air, water, and fire—surrounds the character, forming a “tiger”, complete with claws, whiskers, and dramatic twists. The 'tiger' appears alive, flowing naturally from her hands, captured with realistic physics elements—water droplets, splashes, refractions, mist, rocks, dust, pebbles, wind, flames, and embers. 3:4 aspect ratio."
Woman_with_wind-blown,2,2,3,True,False,Woman_with_wind-blown_202604061447.jpeg | Woman_with_wind-blown_202604061447_2.jpeg,"Create a cinematic long exposure portrait of a woman with wind-blown hair flowing outward in soft motion trails, strands creating ghostly waves around her head, warm golden rim light against deep teal shadows, atmospheric haze and film grain, editorial fashion portrait with dreamy movement, minimal background, soft diffused lighting"
Women_hugging_lion,1,6,3,False,False,Women_hugging_lion_202604061447.jpeg,"The women from the uploaded photo standing in a snowy winter forest, gently hugging a majestic white, blue-eyed giant lion, his cheek softly touching the lion’s face while his hand rests gently on its head, showing a deep emotional bond. She has sharp features, a soft expression, and closed eyes, wearing a luxurious white fur coat with delicate snowflakes on his hair and shoulders. The scene features bright natural light, a cinematic snowy background, and tall pine trees covered in snow, captured in an ultra-realistic, high-detail,"
Women_hugging_white,2,6,3,False,False,Women_hugging_white_202604061447.jpeg | Women_hugging_white_202604061448.jpeg,"The women from the uploaded photo standing in a snowy winter forest, gently hugging a majestic white, blue-eyed giant lion, his cheek softly touching the lion’s face while his hand rests gently on its head, showing a deep emotional bond. She has sharp features, a soft expression, and closed eyes, wearing a luxurious white fur coat with delicate snowflakes on his hair and shoulders. The scene features bright natural light, a cinematic snowy background, and tall pine trees covered in snow, captured in an ultra-realistic, high-detail,"
Y2K_woman_scrapbook,2,2,3,True,False,Y2K_woman_scrapbook_202604061446.jpeg | Y2K_woman_scrapbook_202604061447.jpeg,"Create a colorful Y2K scrapbook–style poster collage with a vibrant, chaotic-yet-balanced aesthetic. The image should feel like an early-2000s magazine scrapbook filled with stickers, cutouts, doodles, and playful graphic elements. The overall style is frameless, highly artistic, visually dense, and extremely engaging.

The same young Y2K-styled woman appears multiple times throughout the collage, wearing the same outfit and hairstyle in every appearance, but shown in different poses and cutout-style compositions. Her identity must remain perfectly consistent across all instances, with full face-lock accuracy and no facial distortion or changes.

The collage includes the following scenes and poses:

A close-up shot where she forms a heart shape with her fingers

A full-body squatting pose, resting her chin on her hand while holding a white Polaroid camera

A mid-shot touching her cheek while blowing pink bubblegum

A mid-shot smiling elegantly while holding a cat

A seated pose with one eye winking and a peace sign gesture

A mid-shot holding a bouquet of daisy flowers

At the center of the composition is the main subject in a confident, playful Y2K pose. She slightly pops one hip to the side, faces the camera directly with a cute-cool expression and a subtle pout, and holds a lens-flare keychain in one hand. The vibe is candid, nostalgic, and unmistakably early 2000s.

Her outfit consists of a cropped oversized pastel sweater decorated with embroidered patches, paired with a pastel skirt and a white belt. She wears white ankle socks with colorful pastel stripes and white sneakers. Accessories include colorful plastic bracelets, chunky bright rings, and a sparkling belly chain.

Her hairstyle is a classic Y2K half-up, half-down look with wavy dark brown hair. The lower strands are tinted bubblegum pink, with thin front tendrils framing the face and pastel flower clips adding a playful touch.

The collage is packed with additional visual elements such as heart, star, and butterfly stickers, retro sparkles, Polaroid frames, neon outlines, doodle borders, and magazine-style cutout text reading “SO CUTE!”, “199X!”, and “GIRL VIBES”. The lighting is pastel and dreamy, with a glossy retro glow and holographic textures, pastel gradients, glitter accents, and playful doodles layered throughout.

Color grading is bold and cinematic with a neon Y2K palette. Lighting resembles soft on-camera flash. Skin texture appears smooth and glossy, consistent with high-end Y2K editorial imagery. The rendering is high-detail, hyperrealistic within the Y2K aesthetic, in ultra-high resolution, with a perfectly balanced and artistic composition.

Avoid anything that breaks the Y2K style. Do not include modern 2020s fashion, messy layouts, blurred faces, distorted hands, extra limbs, warped facial features, low resolution, heavy grain, muted colors, watermarks, or visible AI artifacts. The final image should feel polished, nostalgic, and authentically Y2K rather than modern or realistic in a contemporary sense."
Young_Asian_woman,1,1,3,True,True,Young_Asian_woman_202604061448.jpeg,"East asian krean beautiful young woman, calm confident expression, subtle smirk, short white bob haircut, black lipstick, sharp eyeliner, tattoos on neck, buxom body, wearing sleeveless low neck bodycon blackdress, gothic elegant fashion, multiple ear piercings background dark studio, cinematic rim lighting, high contrast light and shadow, smoky atmosphere, professional portrait, full-body shot, soft diffused lighting, moody tone, ultra-detailed, realistic, 8k, masterpiece"
Young_man_in,1,1,2,True,True,Young_man_in_202604061446.jpeg,"A young man sitting casually at a modern café counter in Wellington, New Zealand, smiling while holding a glass of iced flat white coffee. On the table in front of him stands a small 3D chibi character version of the same man. The chibi has super-deformed proportions with a large head, big expressive eyes, and simplified facial features. It has a smooth 3D plastic or clay-like texture with soft studio lighting and a clear shadow on the table surface. The chibi is holding a tiny glass of coffee. The café features warm pendant lights with a rimu wood interior and minimalist Scandinavian design elements. The scene combines cinematic realistic human photography with stylized 3D chibi character, using shallow depth of field in vertical composition."
Young_woman_black,2,2,3,True,True,Young_woman_black_202604061447.jpeg | Young_woman_black_202604061448.jpeg,"A young woman reference form uploaded image kneeling in deep snow, captured in a front profile view while taking a photograph. 
She is positioned in the center of the frame, leaning forward slightly to look through her camera's viewfinder. 

Clothing : 

A thick, winter parka jacket in a color-block design featuring light pastel blue and white panels. She is wearing black winter trousers and thick, beige, knitted mittens/gloves. 

 Accessories 
A professional black DSLR or mirrorless camera with a prominent zoom lens held in her hands.
A mustard-yellow canvas backpack is strapped to her back, providing a colorful contrast to the cool tones. 

Environment 

A serene winter forest setting. The background is filled with tall pine trees heavily laden with fresh white snow. The ground is covered in a thick, soft layer of undisturbed snow.

Camera 
Medium shot, eye-level angle. Shallow depth of field (bokeh) used to keep the subject sharp while softly blurring the snowy trees in the background. High-resolution photography style.

 Style 
Photorealistic, cinematic winter lifestyle photography, nature portrait, serene and cold aesthetic, 8k resolution, highly detailed"
Young_woman_in,2,2,2,True,True,Young_woman_in_202604061448.jpeg | Young_woman_in_202604061448_2.jpeg,"A young woman reference form uploaded image kneeling in deep snow, captured in a front profile view while taking a photograph. 
She is positioned in the center of the frame, leaning forward slightly to look through her camera's viewfinder. 

Clothing : 

A thick, winter parka jacket in a color-block design featuring light pastel blue and white panels. She is wearing black winter trousers and thick, beige, knitted mittens/gloves. 

 Accessories 
A professional black DSLR or mirrorless camera with a prominent zoom lens held in her hands.
A mustard-yellow canvas backpack is strapped to her back, providing a colorful contrast to the cool tones. 

Environment 

A serene winter forest setting. The background is filled with tall pine trees heavily laden with fresh white snow. The ground is covered in a thick, soft layer of undisturbed snow.

Camera 
Medium shot, eye-level angle. Shallow depth of field (bokeh) used to keep the subject sharp while softly blurring the snowy trees in the background. High-resolution photography style.

 Style 
Photorealistic, cinematic winter lifestyle photography, nature portrait, serene and cold aesthetic, 8k resolution, highly detailed"
Young_woman_wearing,1,1,3,True,True,Young_woman_wearing_202604061447.jpeg,"East asian krean beautiful young woman, calm confident expression, subtle smirk, short white bob haircut, black lipstick, sharp eyeliner, tattoos on neck, buxom body, wearing sleeveless low neck bodycon blackdress, gothic elegant fashion, multiple ear piercings background dark studio, cinematic rim lighting, high contrast light and shadow, smoky atmosphere, professional portrait, full-body shot, soft diffused lighting, moody tone, ultra-detailed, realistic, 8k, masterpiece"
Young_woman_with,2,2,2,True,True,Young_woman_with_202604061447.jpeg | Young_woman_with_202604061447_2.jpeg,"A young woman reference form uploaded image kneeling in deep snow, captured in a front profile view while taking a photograph. 
She is positioned in the center of the frame, leaning forward slightly to look through her camera's viewfinder. 

Clothing : 

A thick, winter parka jacket in a color-block design featuring light pastel blue and white panels. She is wearing black winter trousers and thick, beige, knitted mittens/gloves. 

 Accessories 
A professional black DSLR or mirrorless camera with a prominent zoom lens held in her hands.
A mustard-yellow canvas backpack is strapped to her back, providing a colorful contrast to the cool tones. 

Environment 

A serene winter forest setting. The background is filled with tall pine trees heavily laden with fresh white snow. The ground is covered in a thick, soft layer of undisturbed snow.

Camera 
Medium shot, eye-level angle. Shallow depth of field (bokeh) used to keep the subject sharp while softly blurring the snowy trees in the background. High-resolution photography style.

 Style 
Photorealistic, cinematic winter lifestyle photography, nature portrait, serene and cold aesthetic, 8k resolution, highly detailed"
image.png,3,2,1,False,True,image.png_202604061447.jpeg | image.png_202604061448.jpeg | image.png_202604061448_2.jpeg,"""I'm taking a selfie with E.T. on the set of E.T. The Extra-Terrestrial. We are outside at night. E.T. is wrapped in a blanket in a bicycle basket, and his finger is glowing (referencing image_26.png and image_27.png). I'm smiling, and a large crane camera is positioning itself in the background."""
החלף_LUMINA_ב-,1,1,1,True,True,החלף_LUMINA_ב-_202604061446.jpeg,Replace the word - LUMINA with ADI BRILL
הפוך_את_הקריקטורה,2,2,0,True,True,הפוך_את_הקריקטורה_202604061447.jpeg | הפוך_את_הקריקטורה_202604061448.jpeg,"a stylized line art drawing of the [toriis], fine black ink outlines combined with soft pastel watercolor washes for the [sky and trees and road], glimpse of a [shrine] in the distance, cream background, elegant and poetic travel poster aesthetic. Ratio[3:4]"
מטבע_זהב_ישראלי,3,3,0,True,True,מטבע_זהב_ישראלי_202604061447.jpeg | מטבע_זהב_ישראלי_202604061447_2.jpeg | מטבע_זהב_ישראלי_202604061448.jpeg,"A selfie taken by the person in the attached image with the Grinch on the set of How the Grinch Stole Christmas. They are in a snowy, whimsical Whoville physical set. The Grinch is played by an actor in extensive, detailed green furry prosthetic makeup. The person is taking the photo, and a makeup artist is doing a final touch-up on the Grinch's long, furry fingers."
